"study","outcome.name","reference_condition","condition.name","estimate","std.error","prediction_combined","pg","ph","z_raw_combined","zg_raw","zh_raw","zc","zg","zh"
"ThorsonS42","Facebook","DVs second, misinformation","DVs second, misinformation, social media",-0.0159255982204446,0.0146030330473236,0.03071245283814,0.0166249056762801,0.0448,3.19372358519262,2.22902350431169,4.15842366607355,2.45768671398779,1.63144146203661,2.97397133840167
"ThorsonS42","Facebook","DVs first","DVs second, misinformation, social media",-0.0361261163929739,0.0126612439918819,-0.0280798090313806,0.0126403819372389,-0.0688,0.635506855941839,3.85163561822842,-2.58062190634474,1.41404180479347,3.30368939687447,-0.505028944620851
"ThorsonS42","Facebook","DVs first","DVs second, misinformation",-0.0202005181725288,0.0127166826429694,-0.0587922618695206,-0.00398452373904118,-0.1136,-3.03473356853234,1.27517489338722,-7.3446420304519,-1.41313431517843,1.31653607654653,-3.92672521515198
"ThorsonS42","National newspapers","DVs second, misinformation","DVs second, misinformation, social media",0.0130171342724591,0.0177094040077641,-0.0061952539881347,-0.0139905079762694,0.00160000000000005,-1.08486927353234,-1.52504523793618,-0.644693309128506,-0.961370345933281,-1.2416868962241,-0.68565296252952
"ThorsonS42","National newspapers","DVs first","DVs second, misinformation, social media",0.0403814464725453,0.0153762443507516,-0.0397359235673732,-0.0442718471347463,-0.0352,-5.21046415576782,-5.50545969979685,-4.9154686117388,-4.30371010966376,-4.29497268307714,-4.04458897964254
"ThorsonS42","National newspapers","DVs first","DVs second, misinformation",0.0273643122000857,0.0153954743942878,-0.0335406695792385,-0.0302813391584769,-0.0368000000000001,-3.95603150766966,-3.74432446069676,-4.16773855464257,-3.19144637991121,-2.94332385393034,-3.25808116087337
"ThorsonS42","Local Newspapers","DVs second, misinformation","DVs second, misinformation, social media",0.0242435893328214,0.016146949113974,0.00387978636341585,-0.00904042727316823,0.0167999999999999,-1.2611548364751,-2.06131922328193,-0.460990449668269,-1.34439170044186,-1.88817218115952,-0.867010643339798
"ThorsonS42","Local Newspapers","DVs first","DVs second, misinformation, social media",0.0385275592679717,0.0140082970130022,-0.00106139684676709,-0.0485227936935342,0.0464,-2.82610770445495,-6.21419954764721,0.561984138737298,-2.79842616775583,-4.74926896630272,-0.716568533117921
"ThorsonS42","Local Newspapers","DVs first","DVs second, misinformation",0.0142839699351496,0.0140258446168211,-0.00494118321018294,-0.039482366420366,0.0296000000000001,-1.37069486156121,-3.83337601580401,1.09198629268159,-1.24609887297118,-2.65964750323294,0.274496833696897
"Blair1131","Approve_Handling","Male, Republican, Eric, Stay out","Male, Republican, Erica, Stay out",-0.0358274388446832,0.0365507457786485,0.0357116451074676,0.0237930172620815,0.0476302729528537,1.95725374210945,1.63116934652514,2.28333813769375,1.62123711120881,1.30537378557516,1.78657391280027
"Blair1131","Approve_Handling","Male, Republican, Eric, Stay out","Male, Republican, Erica, Not engage",-0.123530982905984,0.0356056211609257,-0.154909791680919,-0.183475497340332,-0.126344086021505,-0.881288059351999,-1.68356884334129,-0.0790072753627046,0.668525107140167,0.599849702387621,1.33524486076779
"Blair1131","Approve_Handling","Male, Republican, Eric, Stay out","Male, Republican, Erica, Engage",0.111319163292842,0.035702935139337,0.23560401010817,0.298028296714036,0.173179723502304,3.48108205474661,5.22951776072552,1.7326463487677,1.15560112817388,1.44175458278003,-0.160739538342379
"Blair1131","Approve_Handling","Male, Republican, Eric, Not engage","Male, Republican, Eric, Stay out",0.114219114219117,0.0364374909014214,0.14126615579701,0.19198532702179,0.09054698457223,0.742286060559606,2.13423621876332,-0.649664097644107,-0.620018117004504,-0.268391871306583,-1.61180584221622
"Blair1131","Approve_Handling","Male, Republican, Eric, Not engage","Male, Republican, Erica, Stay out",0.0783916753744329,0.0380341676948677,0.176977800904477,0.215778344283871,0.138177257525084,2.5920410910779,3.61219075468233,1.57189142747346,0.954623363814008,1.02910061613059,0.156974291771918
"Blair1131","Approve_Handling","Male, Republican, Eric, Not engage","Male, Republican, Erica, Not engage",-0.00931186868687216,0.0371268252550803,-0.0136436358839088,0.00850982968145789,-0.0357971014492754,-0.116674861566405,0.480022146948624,-0.713371870081434,0.0230057728225593,0.344403842639224,-0.317506267070426
"Blair1131","Approve_Handling","Male, Republican, Eric, Not engage","Male, Republican, Erica, Engage",0.225538277511956,0.0372201621816676,0.37687016590518,0.490013623735826,0.263726708074534,4.0658578448581,7.10570106957069,1.02601462014552,0.491917032569875,1.15269434272115,-1.74822171270129
"Blair1131","Approve_Handling","Male, Republican, Eric, Engage","Male, Republican, Eric, Stay out",-0.0724391349391368,0.0353239781160555,-0.215153459285715,-0.289215107157038,-0.141091811414392,-4.04015436420257,-6.13679386578974,-1.9435148626154,-1.87439668222558,-2.48899872324729,-0.353572408381916
"Blair1131","Approve_Handling","Male, Republican, Eric, Engage","Male, Republican, Eric, Not engage",-0.186658249158251,0.0368568083969506,-0.356419615082725,-0.481200434178827,-0.231638795986622,-4.60597032971848,-7.99152715146506,-1.2204135079719,-1.17378657760722,-2.1529247894285,1.27088156532408
"Blair1131","Approve_Handling","Male, Republican, Eric, Engage","Male, Republican, Erica, Stay out",-0.108266573783816,0.0369687787057362,-0.179441814178247,-0.265422089894956,-0.0934615384615384,-1.92527973295985,-4.25103348320121,0.400474017281507,-0.197759786443956,-1.0549665425458,1.4122988386256
"Blair1131","Approve_Handling","Male, Republican, Eric, Engage","Male, Republican, Erica, Not engage",-0.195970117845123,0.0360346200239964,-0.370063250966633,-0.472690604497369,-0.267435897435897,-4.83127428582781,-7.67929525739332,-1.98325331426231,-1.18677847999392,-1.81367775588489,0.956096580916497
"Blair1131","Approve_Handling","Male, Republican, Eric, Engage","Male, Republican, Erica, Engage",0.0388800283537137,0.0361307785631876,0.0204505508224553,0.00881318955699839,0.0320879120879122,-0.510076955552669,-0.832166922285736,-0.187986988819602,-0.700511092232569,-0.975299760522497,-0.521121319012002
"Blair1131","Approve_Handling","Male, Republican, Erica, Not engage","Male, Republican, Erica, Stay out",0.0877035440613018,0.0372379836632645,0.190621436788386,0.207268514602413,0.173974358974359,2.76378800897895,3.21083363756516,2.31674238039273,0.961689816989931,0.675284622241442,0.493003274609314
"Blair1131","Approve_Handling","Male, Republican, Erica, Engage","Male, Republican, Erica, Stay out",-0.147146602137526,0.0373310426671142,-0.199892365000703,-0.274235279451954,-0.125549450549451,-1.41291962652951,-3.40436988186199,0.578530628802957,0.491716490030828,-0.133149545603922,1.91903410001147
"Blair1131","Approve_Handling","Male, Republican, Erica, Engage","Male, Republican, Erica, Not engage",-0.234850146198835,0.0364061806276629,-0.390513801789089,-0.481503794054368,-0.29952380952381,-4.27574804350594,-6.77504873082224,-1.77644735618964,-0.469642358331849,-0.860430150978229,1.48000028309165
"Blair1131","Approve_Handling","Male, Democrat, Eric, Stay out","Male, Republican, Eric, Stay out",-0.0201076439283984,0.0347212938351431,-0.0501543766919913,-0.0429028394054879,-0.0574059139784946,-0.865369041437655,-0.656519183453281,-1.07421889942203,-0.343856663029425,-0.135637521535047,-0.40584092178858
"Blair1131","Approve_Handling","Male, Democrat, Eric, Stay out","Male, Democrat, Erica, Stay out",-0.040609412274994,0.0363933429989121,-0.0166561324134246,0.0190835685064842,-0.0523958333333334,0.658177509614478,1.64021702494499,-0.323862005716037,0.829968959416324,1.37120664056134,0.259594705244912
"Blair1131","Approve_Handling","Male, Democrat, Eric, Stay out","Male, Democrat, Erica, Not engage",-0.207090687766282,0.0357427518786879,-0.156043955795957,-0.14210135245213,-0.169986559139785,1.42817016841846,1.81825214618976,1.03808819064715,2.98326749164329,3.57234742733924,2.92775982512067
"Blair1131","Approve_Handling","Male, Democrat, Eric, Stay out","Male, Democrat, Erica, Engage",0.132476916900843,0.0356413375117274,0.165105956498886,0.248961912997772,0.0812499999999999,0.915483028304052,3.26825546484054,-1.43728940823244,-0.713978850283029,0.0930478180401155,-2.3181993253398
"Blair1131","Approve_Handling","Male, Democrat, Eric, Stay out","Male, Republican, Eric, Not engage",-0.134326758147513,0.0362795967570243,-0.191420532489001,-0.234888166427278,-0.147952898550725,-1.57371579193295,-2.77184470801195,-0.375586875853954,0.303475593554194,0.106447978444766,1.24695157919538
"Blair1131","Approve_Handling","Male, Democrat, Eric, Stay out","Male, Republican, Eric, Engage",0.0523314910107377,0.0351610839935951,0.164999082593724,0.24631226775155,0.0836858974358974,3.20432645374384,5.51691684978049,0.891736057707185,1.55368404046858,2.33222900097865,-0.0284882066185161
"Blair1131","Approve_Handling","Male, Democrat, Eric, Stay out","Male, Republican, Erica, Stay out",-0.0559350827730785,0.0363933429989116,-0.0144427315845237,-0.0191098221434065,-0.00977564102564099,1.14010826622319,1.01186803945912,1.26834849298725,1.29037503834129,1.21481012443899,1.39061765646015
"Blair1131","Approve_Handling","Male, Democrat, Eric, Stay out","Male, Republican, Erica, Not engage",-0.143638626834384,0.0354440214410913,-0.20506416837291,-0.22637833674582,-0.18375,-1.73302969135757,-2.33437704152591,-1.13168234118924,0.324649605277264,0.503798290523529,0.926837243187634
"Blair1131","Approve_Handling","Male, Democrat, Eric, Stay out","Male, Republican, Erica, Engage",0.0912115193644495,0.0355417778849742,0.185449633416179,0.255125457308548,0.11577380952381,2.65147439603942,4.61186658907672,0.69108220300212,0.814871672676284,1.34977734275652,-0.574823716684029
"Blair1131","Approve_Handling","Male, Democrat, Eric, Not engage","Male, Republican, Eric, Stay out",0.130664508758574,0.0351443430108847,0.137630167862142,0.121736762523292,0.153523573200993,0.198201431775536,-0.25403081891493,0.650433682466003,-1.17761363654268,-1.84615894505217,-1.05279040925523
"Blair1131","Approve_Handling","Male, Democrat, Eric, Not engage","Male, Democrat, Erica, Stay out",0.110162740411975,0.0367971740044917,0.171128412140709,0.183723170435264,0.158533653846154,1.656803093664,1.99907824482147,1.31452794250653,0.0206003775090251,-0.27909043731579,-0.365810325960412
"Blair1131","Approve_Handling","Male, Democrat, Eric, Not engage","Male, Democrat, Erica, Not engage",-0.0563185350793134,0.0361538505825013,0.0317405887581763,0.0225382494766504,0.0409429280397022,2.43567759501974,2.18114483756071,2.69021035247877,2.13484536654549,1.86738047690274,2.26083491265951
"Blair1131","Approve_Handling","Male, Democrat, Eric, Not engage","Male, Democrat, Erica, Engage",0.283249069587811,0.036053592604694,0.35289050105302,0.413601514926553,0.292179487179487,1.93160865350606,3.61551889621592,0.247698410796197,-1.5225797640692,-1.57699081234786,-2.92708776894091
"Blair1131","Approve_Handling","Male, Democrat, Eric, Not engage","Male, Republican, Eric, Not engage",0.0164453945394613,0.0366846799213605,-0.00363598793486754,-0.0702485644984976,0.0629765886287625,-0.547405143437984,-2.36321972070634,1.26840943383037,-0.502589561160531,-1.53499071995103,0.608717185237064
"Blair1131","Approve_Handling","Male, Democrat, Eric, Not engage","Male, Republican, Eric, Engage",0.203103643697709,0.035578904250764,0.352783627147857,0.41095186968033,0.294615384615385,4.20698688175407,5.84189508810288,2.57207867540526,0.707776313913599,0.613598627563227,-0.672026924238807
"Blair1131","Approve_Handling","Male, Democrat, Eric, Not engage","Male, Republican, Erica, Stay out",0.0948370699138857,0.0367971740044911,0.17334181296961,0.145529779785374,0.201153846153846,2.1334448956907,1.37762508243978,2.88926470894163,0.475953724672561,-0.433770578089029,0.752800200983791
"Blair1131","Approve_Handling","Male, Democrat, Eric, Not engage","Male, Republican, Erica, Not engage",0.00713352585258601,0.0358585450903536,-0.0172796238187763,-0.0617387348170397,0.0271794871794871,-0.680818187404089,-1.92066522766294,0.559028852854763,-0.500310922465985,-1.18007842926448,0.277270974859853
"Blair1131","Approve_Handling","Male, Democrat, Eric, Not engage","Male, Republican, Erica, Engage",0.241983672051415,0.0359551745275311,0.373234177970312,0.419765059237328,0.326703296703297,3.6503926804304,4.94452855596027,2.35625680490053,-0.0134979555540263,-0.339284863086038,-1.20534979447524
"Blair1131","Approve_Handling","Male, Democrat, Eric, Not engage","Male, Democrat, Eric, Stay out",0.150772152686966,0.03498061239212,0.187784544554134,0.16463960192878,0.210929487179487,1.05808301616542,0.396432431953022,1.71973360037781,-0.831606180010295,-1.75470511162173,-0.637731651514078
"Blair1131","Approve_Handling","Male, Democrat, Eric Engage","Male, Republican, Eric, Stay out",-0.136151863600321,0.0355100551632318,-0.217953309396661,-0.269407567559925,-0.166499051233397,-2.30361359396138,-3.75261889476253,-0.854608293160234,-0.121299751405456,-0.374786959219295,1.00876975179085
"Blair1131","Approve_Handling","Male, Democrat, Eric Engage","Male, Democrat, Erica, Stay out",-0.156653631946914,0.0371466174334337,-0.184455065118094,-0.207421159647953,-0.161488970588235,-0.748424354411273,-1.36667969276109,-0.130169016061459,1.01858890535084,1.11190738457678,1.59800042854209
"Blair1131","Approve_Handling","Male, Democrat, Eric Engage","Male, Democrat, Erica, Not engage",-0.323134907438202,0.0365094519812454,-0.323842888500627,-0.368606080606567,-0.279079696394687,-0.0193917197877505,-1.24546304315175,1.20667960357624,3.12965467602133,3.26179457377168,4.23339645026474
"Blair1131","Approve_Handling","Male, Democrat, Eric Engage","Male, Democrat, Erica, Engage",0.016432697228924,0.0364101731901165,-0.00269297620578324,0.0224571848433356,-0.0278431372549021,-0.525283780849987,0.165461657733803,-1.21602921943378,-0.489296596191143,-0.145092599284545,-0.898400921474834
"Blair1131","Approve_Handling","Male, Democrat, Eric Engage","Male, Republican, Eric, Not engage",-0.250370977819437,0.0370351847971859,-0.359219465193671,-0.461392894581715,-0.257046035805627,-2.93905614270095,-5.69787670610766,-0.180235579294241,0.503352680224362,-0.127913648829172,2.56922416935837
"Blair1131","Approve_Handling","Male, Democrat, Eric Engage","Male, Republican, Eric, Engage",-0.0637127286611843,0.0359401947645539,-0.00279985011094591,0.0198075395971128,-0.0254072398190046,1.69483996815493,2.32386799252043,1.06581194378942,1.73235016740505,2.04240697415627,1.36090289781447
"Blair1131","Approve_Handling","Male, Democrat, Eric Engage","Male, Republican, Erica, Stay out",-0.171979302444995,0.0371466174334331,-0.182241664289193,-0.245614550297843,-0.118868778280543,-0.276266388523487,-1.98228675827087,1.4297539812239,1.46965867984977,0.958682341535411,2.70608802970729
"Blair1131","Approve_Handling","Male, Democrat, Eric Engage","Male, Republican, Erica, Not engage",-0.259682846506305,0.0362170460974657,-0.372863101077579,-0.452883064900257,-0.292843137254902,-3.12505482271217,-5.33451065760636,-0.915598987817983,0.528443840762287,0.255610080135686,2.28521206080839
"Blair1131","Approve_Handling","Male, Democrat, Eric Engage","Male, Republican, Erica, Engage",-0.0248327003074681,0.0363127215633069,0.0176507007115094,0.0286207291541112,0.00668067226890756,1.16993161597411,1.47203038385293,0.867832848095284,1.00773981651962,1.08431121268961,0.811906497177186
"Blair1131","Approve_Handling","Male, Democrat, Eric Engage","Male, Democrat, Eric, Stay out",-0.116044219671918,0.0353480185492309,-0.167798932704669,-0.226504728154437,-0.109093137254902,-1.46414750124311,-3.1249420198384,0.196647017352186,0.226009931965122,-0.277450396187685,1.42901512322011
"Blair1131","Approve_Handling","Male, Democrat, Eric Engage","Male, Democrat, Eric, Not engage",-0.266816372358884,0.0357636549507619,-0.355583477258803,-0.391144330083217,-0.320022624434389,-2.48204790651655,-3.47637728569697,-1.48771852733613,1.04676976281319,1.40827919561461,2.05295455818154
"Blair1131","Approve_Handling","Male, Democrat, Erica, Stay out","Male, Republican, Eric, Stay out",0.0205017683465968,0.0365507457786488,-0.0334982442785667,-0.0619864079119722,-0.00501008064516129,-1.47739838065651,-2.25681239879802,-0.697984362515001,-1.14326743451073,-1.52720359156428,-0.627587177822938
"Blair1131","Approve_Handling","Male, Democrat, Erica, Stay out","Male, Republican, Eric, Not engage",-0.093717345872521,0.0380341676948675,-0.174764400075577,-0.253971734933762,-0.0955570652173913,-2.13090121632904,-4.21343225772406,-0.048370174934011,-0.4952956276834,-1.24227853841041,0.956809237049725
"Blair1131","Approve_Handling","Male, Democrat, Erica, Stay out","Male, Republican, Eric, Engage",0.0929409032857301,0.0369687787057359,0.181655215007148,0.227228699245065,0.136081730769231,2.39970902007789,3.63246503294683,1.16695300720895,0.670324711619114,0.835645127863031,-0.26641761143732
"Blair1131","Approve_Handling","Male, Democrat, Erica, Stay out","Male, Republican, Erica, Stay out",-0.0153256704980842,0.0381426819458932,0.00221340082890084,-0.0381933906498907,0.0426201923076924,0.459827952105332,-0.599530997433406,1.51918690164407,0.448655715145329,-0.180897569283279,1.09488283798027
"Blair1131","Approve_Handling","Male, Democrat, Erica, Stay out","Male, Republican, Erica, Not engage",-0.103029214559386,0.0372379836632642,-0.188408035959485,-0.245461905252304,-0.131354166666667,-2.29278851863094,-3.82493026424063,-0.760646773021256,-0.492541210532852,-0.89302049425205,0.644594021045837
"Blair1131","Approve_Handling","Male, Democrat, Erica, Stay out","Male, Republican, Erica, Engage",0.131820931639442,0.0373310426671144,0.202105765829603,0.236041888802064,0.168169642857143,1.88274500706824,2.79180407822982,0.973685935906653,-0.0237373794907113,-0.0840435533710753,-0.784272612401136
"Blair1131","Approve_Handling","Male, Democrat, Erica, Not engage","Male, Republican, Eric, Stay out",0.186983043837884,0.0359030070356284,0.105889579103966,0.0991985130466418,0.11258064516129,-2.25868169352624,-2.44504675344126,-2.07231663361122,-3.29254098303169,-3.72122491641003,-3.29046124505143
"Blair1131","Approve_Handling","Male, Democrat, Erica, Not engage","Male, Democrat, Erica, Stay out",0.166481275491282,0.0375224343993097,0.139387823382533,0.161184920958614,0.117590725806452,-0.722060083320398,-0.141151676789019,-1.30296848985178,-2.02725729404089,-2.10516353181628,-2.52112139581361
"Blair1131","Approve_Handling","Male, Democrat, Erica, Not engage","Male, Republican, Eric, Not engage",0.0727639296187598,0.0374121211570018,-0.0353765766930439,-0.092786813975148,0.0220336605890603,-2.89052058443804,-4.42505633132017,-1.35598483755592,-2.54631383462956,-3.34201217451552,-1.57187641460523
"Blair1131","Approve_Handling","Male, Democrat, Erica, Not engage","Male, Republican, Eric, Engage",0.259422178777004,0.0363284942740348,0.321043038389681,0.388413620203679,0.253672456575682,1.69621287212885,3.55069605840697,-0.158270314149274,-1.4215771897581,-1.29072110628393,-2.89160918063712
"Blair1131","Approve_Handling","Male, Democrat, Erica, Not engage","Male, Republican, Erica, Stay out",0.151155604993202,0.0375224343993105,0.141601224211434,0.122991530308723,0.160210918114144,-0.254631154260705,-0.750592948867835,0.241330640346425,-1.58070534139345,-2.25685390442129,-1.42413217157575
"Blair1131","Approve_Handling","Male, Democrat, Erica, Not engage","Male, Republican, Erica, Not engage",0.0634520609318937,0.0366024087258001,-0.0490202125769526,-0.0842769842936901,-0.0137634408602151,-3.07281070902767,-4.03604709002261,-2.10957432803272,-2.58906693776068,-3.03359862284592,-1.94509855209788
"Blair1131","Approve_Handling","Male, Democrat, Erica, Not engage","Male, Republican, Erica, Engage",0.298302207130725,0.0366970795001306,0.341493589212136,0.397226809760678,0.285760368663594,1.17697055650594,2.69570777777019,-0.341766664758312,-2.10673402087394,-2.20508467449074,-3.39199712600417
"Blair1131","Approve_Handling","Male, Democrat, Erica, Engage","Male, Republican, Eric, Stay out",-0.152584560829243,0.0358020466169716,-0.215260333190877,-0.29186475240326,-0.138655913978495,-1.75061981881011,-3.89028574439073,0.389046106770503,0.387274755272831,-0.257917806248761,1.93096403319188
"Blair1131","Approve_Handling","Male, Democrat, Erica, Engage","Male, Democrat, Erica, Stay out",-0.173086329175835,0.037425842823027,-0.181762088912311,-0.229878344491288,-0.133645833333333,-0.231812006946637,-1.51745454561975,1.05383053172648,1.49655205787628,1.21248621506087,2.47613142113224
"Blair1131","Approve_Handling","Male, Democrat, Erica, Engage","Male, Democrat, Erica, Not engage",-0.339567604667124,0.0367935131271656,-0.321149912294844,-0.391063265449902,-0.251236559139785,0.500569008146221,-1.39958531833585,2.40072333462829,3.59939988225395,3.3473577859175,5.10606254336567
"Blair1131","Approve_Handling","Male, Democrat, Erica, Engage","Male, Republican, Eric, Not engage",-0.266803675048347,0.0373152440328297,-0.356526488987887,-0.48385007942505,-0.229202898550725,-2.40445470115652,-5.81656130094572,1.00765189863268,0.986576671009195,-0.0177564254498043,3.44263289779078
"Blair1131","Approve_Handling","Male, Democrat, Erica, Engage","Male, Republican, Eric, Engage",-0.0801454258901063,0.0362287196017482,-0.000106873905162674,-0.0026496452462228,0.00243589743589745,2.20925698906238,2.13907037002058,2.27944360810419,2.22016104920838,2.13861338642485,2.26952845438316
"Blair1131","Approve_Handling","Male, Democrat, Erica, Engage","Male, Republican, Erica, Stay out",-0.188411999673917,0.0374258428230264,-0.17954868808341,-0.268071735141179,-0.0910256410256409,0.236823299676082,-2.12846871195244,2.6021153113046,1.94425650713424,1.06040434794053,3.57595184195363
"Blair1131","Approve_Handling","Male, Democrat, Erica, Engage","Male, Republican, Erica, Not engage",-0.276115543735214,0.0365033827513821,-0.370170124871796,-0.475340249743592,-0.265,-2.57659904500278,-5.45770531364892,0.304507223643353,1.02213169942262,0.365230872429346,3.17983202100119
"Blair1131","Approve_Handling","Male, Democrat, Erica, Engage","Male, Republican, Erica, Engage",-0.041265397536395,0.0365983096823105,0.0203436769172926,0.00616354431077559,0.0345238095238096,1.68338578990346,1.2959325788233,2.07083900098361,1.49641788231435,1.18718628825218,1.71574944065597
"CalarcoS38","Approval","HIGH STATUS, NO DRINKING, NO WARNING","LOW STATUS, LIGHT DRINKING, WARNING",0.434922473139027,0.0268469316731273,0.713088066470708,0.706126505149853,0.720049627791563,10.3611688932823,10.1018632338641,10.6204745527004,0.525547039238152,-2.82092850045064,-1.22417408046362
"CalarcoS38","Approval","HIGH STATUS, NO DRINKING, NO WARNING","LOW STATUS, HEAVY DRINKING, NO WARNING",0.610626885685552,0.0277684694444884,0.906616824483064,0.988294377711068,0.824939271255061,10.6592096978633,13.6005872696911,7.71783212603552,-1.44118610698809,-3.88554542985411,-5.41060202670245
"CalarcoS38","Approval","HIGH STATUS, NO DRINKING, NO WARNING","LOW STATUS, HEAVY DRINKING, WARNING",0.609872611464962,0.0283548969933422,0.902335827619347,0.988613962931001,0.816057692307692,10.3143811886552,13.3571760657416,7.27158631156877,-1.47962441360876,-3.77285090037593,-5.44627650725848
"CalarcoS38","Approval","HIGH STATUS, NO DRINKING, NO WARNING","HIGH STATUS, NO DRINKING, WARNING",0.0372494236254802,0.0280927505615482,0.0207862951967326,-0.00684621302533811,0.0484188034188034,-0.586027644131127,-1.56964468659662,0.397589398334362,-0.823145455799479,-1.4508239744846,-0.30838986109804
"CalarcoS38","Approval","HIGH STATUS, NO DRINKING, NO WARNING","LOW STATUS, NO DRINKING, NO WARNING",-0.000781875738966087,0.0279271968110217,0.00957316758022847,-0.00626480542309744,0.0254111405835544,0.370787064282365,-0.196329396080579,0.937903524645309,0.281544437567091,-0.0870322915218628,0.593471469794663
"CalarcoS38","Approval","HIGH STATUS, NO DRINKING, NO WARNING","LOW STATUS, NO DRINKING, WARNING",0.00964206166230075,0.028092750561549,0.0348667134554553,-0.0102885511110675,0.080021978021978,0.897906089255634,-0.709457506829097,2.50526968534036,0.474439771153985,-0.530436880876469,1.2998834712613
"CalarcoS38","Approval","HIGH STATUS, NO DRINKING, NO WARNING","LOW STATUS, LIGHT DRINKING, NO WARNING",0.457965402431971,0.0275790218522222,0.654698521107834,0.697089349907976,0.612307692307692,7.13343351080494,8.6705013962175,5.59636562539239,-1.65394387480772,-3.74826595461406,-4.19956532883316
"CalarcoS38","Approval","HIGH STATUS, NO DRINKING, WARNING","LOW STATUS, LIGHT DRINKING, WARNING",0.397673049513543,0.0265699113824637,0.692301771273975,0.712972718175191,0.67163082437276,11.0888108552326,11.8667941387922,10.3108275716731,1.44150701702296,-1.31732106202845,-0.848326425656309
"CalarcoS38","Approval","HIGH STATUS, NO DRINKING, WARNING","LOW STATUS, HEAVY DRINKING, NO WARNING",0.57337746206006,0.0275007335520321,0.885830529286332,0.995140590736406,0.776520467836257,11.3616266502529,15.3364319492918,7.38682135121397,-0.575553524770732,-2.44224317111267,-5.08781981574802
"CalarcoS38","Approval","HIGH STATUS, NO DRINKING, WARNING","LOW STATUS, HEAVY DRINKING, WARNING",0.572623187839472,0.0280927505615495,0.881549532422614,0.99546017595634,0.767638888888889,10.9966570879667,15.0514627320119,6.94185144392145,-0.632305816823721,-2.35813960901485,-5.12955287534824
"CalarcoS38","Approval","HIGH STATUS, NO DRINKING, WARNING","LOW STATUS, NO DRINKING, NO WARNING",-0.0380312993644608,0.0276609973126767,-0.0112131276165042,0.000581407602240676,-0.023007662835249,0.969530181605788,1.39592605900026,0.543134304211318,1.15882066010554,1.38467902870007,0.972465098628056
"CalarcoS38","Approval","HIGH STATUS, NO DRINKING, WARNING","LOW STATUS, NO DRINKING, WARNING",-0.0276073619631907,0.0278281347690391,0.0140804182587226,-0.00344233808572941,0.0316031746031746,1.49804435575373,0.868366639662341,2.12772207184513,1.3482652252826,0.928223902080002,1.68328428934006
"CalarcoS38","Approval","HIGH STATUS, NO DRINKING, WARNING","LOW STATUS, LIGHT DRINKING, NO WARNING",0.420715978806467,0.0273094287185893,0.633912225911101,0.703935562933314,0.563888888888889,7.80669011063982,10.3707619461868,5.24261827509285,-0.7844457765977,-2.29376229322424,-3.86293485373298
"CalarcoS38","Approval","HIGH STATUS, LIGHT DRINKING, NO WARNING","HIGH STATUS, NO DRINKING, NO WARNING",-0.458817675159237,0.0282216704286389,-0.633619236691265,-0.6280342293507,-0.63920424403183,-6.19387721836064,-5.99597938822733,-6.39177504849395,2.19131096835128,4.93606444515727,3.72194809017477
"CalarcoS38","Approval","HIGH STATUS, LIGHT DRINKING, NO WARNING","LOW STATUS, LIGHT DRINKING, WARNING",-0.0238952020201993,0.0267061835263156,0.0794688297794428,0.0780922757991526,0.080845383759733,3.87041569222311,3.81887130068046,3.92196008376575,2.80402525709842,2.38132769568462,2.64030365447442
"CalarcoS38","Approval","HIGH STATUS, LIGHT DRINKING, NO WARNING","LOW STATUS, HEAVY DRINKING, NO WARNING",0.15180921052632,0.0276324156303633,0.272997587791799,0.360260148360367,0.185735027223231,4.38573228220821,7.54371027935016,1.22775428506627,0.751145161428899,1.1375697318702,-1.69606544088944
"CalarcoS38","Approval","HIGH STATUS, LIGHT DRINKING, NO WARNING","LOW STATUS, HEAVY DRINKING, WARNING",0.151054936305732,0.028221670428639,0.268716590928082,0.360579733580301,0.176853448275862,4.16919526148772,7.42425214709991,0.914138375875523,0.666894962363656,1.14630530513901,-1.80892401935741
"CalarcoS38","Approval","HIGH STATUS, LIGHT DRINKING, NO WARNING","HIGH STATUS, NO DRINKING, WARNING",-0.421568251533755,0.0279582748465124,-0.612832941494533,-0.634880442376038,-0.590785440613027,-6.84107624704304,-7.62966213091978,-6.0524903631663,1.34668780230953,3.5256758044219,3.38769945328375
"CalarcoS38","Approval","HIGH STATUS, LIGHT DRINKING, NO WARNING","HIGH STATUS, LIGHT DRINKING, WARNING",0.00707236842105693,0.0276324156303624,0.0104827030962099,0.0409175134721131,-0.0199521072796934,0.123417898774136,1.22483482818879,-0.97799903064052,0.0209853776682232,0.496423318181991,-0.597313753850858
"CalarcoS38","Approval","HIGH STATUS, LIGHT DRINKING, NO WARNING","LOW STATUS, NO DRINKING, NO WARNING",-0.459599550898193,0.0277919200488411,-0.624046069111037,-0.634299034773798,-0.613793103448276,-5.91706215057644,-6.28598108977685,-5.54814321137603,2.46971905767626,4.9258518666144,4.31606546736232
"CalarcoS38","Approval","HIGH STATUS, LIGHT DRINKING, NO WARNING","LOW STATUS, NO DRINKING, WARNING",-0.449175613496932,0.0279582748465118,-0.59875252323581,-0.638322780461768,-0.559182266009852,-5.3500049827838,-6.76533756117767,-3.93467240438995,2.65051424772773,4.45048984186695,5.0037083740344
"CalarcoS38","Approval","HIGH STATUS, LIGHT DRINKING, NO WARNING","LOW STATUS, LIGHT DRINKING, NO WARNING",-0.000852272727271451,0.0274420287989973,0.0210792844165688,0.0690551205572755,-0.0268965517241379,0.799195908745697,2.54745717951805,-0.949065362026659,0.552485879249268,1.31025081187565,-0.453397677301019
"CalarcoS38","Approval","HIGH STATUS, LIGHT DRINKING, WARNING","HIGH STATUS, NO DRINKING, NO WARNING",-0.465890043580296,0.0277684694444888,-0.644101939787475,-0.668951742822813,-0.619252136752137,-6.41777886114457,-7.31267164898853,-5.52288607330061,2.2446158828665,4.52171638707936,4.43692638535381
"CalarcoS38","Approval","HIGH STATUS, LIGHT DRINKING, WARNING","LOW STATUS, LIGHT DRINKING, WARNING",-0.0309675704412583,0.026226807889029,0.068986126683233,0.0371747623270394,0.100797491039426,3.81112705546995,2.59819391885669,5.02406019208322,2.87384972848888,1.90085404345425,3.38125389649194
"CalarcoS38","Approval","HIGH STATUS, LIGHT DRINKING, WARNING","LOW STATUS, HEAVY DRINKING, NO WARNING",0.144736842105261,0.0271693873150634,0.262514884695589,0.319342634888254,0.205687134502924,4.33495394005551,6.42656349803617,2.24334438207485,0.781874344663021,0.651135735227149,-1.05631100401412
"CalarcoS38","Approval","HIGH STATUS, LIGHT DRINKING, WARNING","LOW STATUS, HEAVY DRINKING, WARNING",0.143982567884673,0.0277684694444887,0.258233887831872,0.319662220108188,0.196805555555556,4.11442626233312,6.32658751951426,1.90226500515198,0.695320333713971,0.670105708020343,-1.18421345349127
"CalarcoS38","Approval","HIGH STATUS, LIGHT DRINKING, WARNING","HIGH STATUS, NO DRINKING, WARNING",-0.428640619954815,0.0275007335520332,-0.623315644590742,-0.675797955848152,-0.570833333333333,-7.07890297790021,-8.98729975423017,-5.17050620157026,1.3868051642978,3.08460762854676,4.10466486664575
"CalarcoS38","Approval","HIGH STATUS, LIGHT DRINKING, WARNING","LOW STATUS, NO DRINKING, NO WARNING",-0.466671919319266,0.0273315940535487,-0.634528772207247,-0.675216548245911,-0.593840996168582,-6.14149517072118,-7.6301670703165,-4.65282327112587,2.52913628312866,4.50599552860375,5.05344871322308
"CalarcoS38","Approval","HIGH STATUS, LIGHT DRINKING, WARNING","LOW STATUS, NO DRINKING, WARNING",-0.456247981917989,0.0275007335520321,-0.60923522633202,-0.679240293933881,-0.539230158730159,-5.5630241325954,-8.10859505234595,-3.01745321284485,2.71232391979504,4.02480818690203,5.74756000888908
"CalarcoS38","Approval","HIGH STATUS, LIGHT DRINKING, WARNING","LOW STATUS, LIGHT DRINKING, NO WARNING",-0.00792464114832561,0.0269757327632033,0.010596581320359,0.0281376070851623,-0.00694444444444442,0.686588298870929,1.33684035759278,0.0363362401490812,0.580092676231572,0.823447505722745,0.212224458852904
"CalarcoS38","Approval","HIGH STATUS, HEAVY DRINKING, NO WARNING","HIGH STATUS, NO DRINKING, NO WARNING",-0.620376410099002,0.0279679280213195,-0.883355289189391,-0.986254737922941,-0.78045584045584,-9.40287313704196,-13.0820677007262,-5.72367857335774,2.37829504560011,4.24170970615092,6.72388308525669
"CalarcoS38","Approval","HIGH STATUS, HEAVY DRINKING, NO WARNING","LOW STATUS, LIGHT DRINKING, WARNING",-0.185453936959966,0.0264378999650924,-0.170267222718683,-0.280128232773089,-0.0604062126642773,0.574429673360411,-3.5810066585518,4.72986600527262,3.00925345533778,1.62357911547962,5.80703913560151
"CalarcoS38","Approval","HIGH STATUS, HEAVY DRINKING, NO WARNING","LOW STATUS, HEAVY DRINKING, NO WARNING",-0.00974952441344596,0.0273732115323015,0.0232615352936732,0.00203963978812616,0.0444834307992202,1.20596224773132,0.43068253747502,1.98124195798761,0.928991615129455,0.3931452248513,1.32052830400282
"CalarcoS38","Approval","HIGH STATUS, HEAVY DRINKING, NO WARNING","LOW STATUS, HEAVY DRINKING, WARNING",-0.010503798634034,0.0279679280213194,0.018980538429956,0.00235922500806007,0.0356018518518518,1.05421957041346,0.459920507242754,1.64851863358417,0.840048591149502,0.417567518285296,1.14283147002146
"CalarcoS38","Approval","HIGH STATUS, HEAVY DRINKING, NO WARNING","HIGH STATUS, NO DRINKING, WARNING",-0.583126986473528,0.0277021199263904,-0.862568993992658,-0.99310095094828,-0.732037037037037,-10.0873871119488,-14.7993715125098,-5.3754027113878,1.52784684043026,2.81204691662362,6.41567211041471
"CalarcoS38","Approval","HIGH STATUS, HEAVY DRINKING, NO WARNING","HIGH STATUS, LIGHT DRINKING, NO WARNING",-0.16155873493976,0.027832849226864,-0.249736052498126,-0.358220508572241,-0.14125159642401,-3.16810244038035,-7.06581536189495,0.729610481134248,0.20624898755224,-0.743639907864886,3.04228020660807
"CalarcoS38","Approval","HIGH STATUS, HEAVY DRINKING, NO WARNING","HIGH STATUS, LIGHT DRINKING, WARNING",-0.154486366518709,0.0273732115323016,-0.239253349401916,-0.317302995100128,-0.161203703703704,-3.09671310518966,-5.94802799771187,-0.24539821266745,0.19191775744043,-0.254072371887163,2.42968435808825
"CalarcoS38","Approval","HIGH STATUS, HEAVY DRINKING, NO WARNING","LOW STATUS, NO DRINKING, NO WARNING",-0.621158285837967,0.0275342175487913,-0.873782121609163,-0.992519543346039,-0.755044699872286,-9.17490520017646,-13.487263869039,-4.86254653131396,2.6625693342282,4.22117421011309,7.37138187543043
"CalarcoS38","Approval","HIGH STATUS, HEAVY DRINKING, NO WARNING","LOW STATUS, NO DRINKING, WARNING",-0.610734348436694,0.0277021199263896,-0.848488575733936,-0.996543289034009,-0.700433862433862,-8.5825282660318,-13.9270547388608,-3.23800179320279,2.84372945916142,3.74541248970957,8.04662388164411
"CalarcoS38","Approval","HIGH STATUS, HEAVY DRINKING, NO WARNING","LOW STATUS, LIGHT DRINKING, NO WARNING",-0.162411007667031,0.0271810091907561,-0.228656768081557,-0.289165388014966,-0.168148148148148,-2.43720753521748,-4.66334341960499,-0.211071650829976,0.729732364369677,0.562296571453384,2.59634707400465
"CalarcoS38","Approval","HIGH STATUS, HEAVY DRINKIG, WARNING","HIGH STATUS, NO DRINKING, NO WARNING",-0.646746596727866,0.0285396214029438,-0.931171219749141,-0.987177604333446,-0.875164835164835,-9.96595641566347,-11.9283645287062,-8.00354830262071,2.20213183236013,5.06427690803183,5.66786729743287
"CalarcoS38","Approval","HIGH STATUS, HEAVY DRINKIG, WARNING","LOW STATUS, LIGHT DRINKING, WARNING",-0.21182412358883,0.0270419590004478,-0.218083153278433,-0.281051099183593,-0.155115207373272,-0.231456222883063,-2.55998374946196,2.09707130369584,2.80639305557326,2.54510910711987,4.70497083576438
"CalarcoS38","Approval","HIGH STATUS, HEAVY DRINKIG, WARNING","LOW STATUS, HEAVY DRINKING, NO WARNING",-0.0361197110423099,0.027957068902333,-0.0245543952660765,0.00111677337762139,-0.0502255639097744,0.413681270258923,1.33191660935614,-0.50455406883829,0.778390187999332,1.31138072509624,0.352426404674764
"CalarcoS38","Approval","HIGH STATUS, HEAVY DRINKIG, WARNING","LOW STATUS, HEAVY DRINKING, WARNING",-0.0368739852628979,0.0285396214029438,-0.0288353921297937,0.00143635859755531,-0.0591071428571428,0.281664322718553,1.34235641459846,-0.779027769161353,0.694698867160136,1.31673828642681,0.198612900033334
"CalarcoS38","Approval","HIGH STATUS, HEAVY DRINKIG, WARNING","HIGH STATUS, NO DRINKING, WARNING",-0.609497173102393,0.0282791874075936,-0.910384924552408,-0.994023817358784,-0.826746031746032,-10.6399008964883,-13.5975139141777,-7.6822878787989,1.36696362493432,3.67055719504198,5.35494265471992
"CalarcoS38","Approval","HIGH STATUS, HEAVY DRINKIG, WARNING","HIGH STATUS, LIGHT DRINKING, NO WARNING",-0.187928921568623,0.0284072611862356,-0.297551983057875,-0.359143374982746,-0.235960591133005,-3.85898030685088,-6.02713694543292,-1.69082366826885,0.0729574416298456,0.183160791782918,2.05514479527916
"CalarcoS38","Approval","HIGH STATUS, HEAVY DRINKIG, WARNING","HIGH STATUS, LIGHT DRINKING, WARNING",-0.180856553147573,0.0279570689023329,-0.287069279961666,-0.318225861510633,-0.255912698412698,-3.79913671154668,-4.91358049168012,-2.68469293141323,0.0567094319824642,0.677679665631041,1.43841876663799
"CalarcoS38","Approval","HIGH STATUS, HEAVY DRINKIG, WARNING","HIGH STATUS, HEAVY DRINKING, NO WARNING",-0.0263701866288644,0.0281551914240696,-0.0478159305597497,-0.000922866410504763,-0.0947089947089946,-0.761697677983161,0.903823377901277,-2.4272187338676,-0.0923811013852263,0.919022296752391,-0.874881312393417
"CalarcoS38","Approval","HIGH STATUS, HEAVY DRINKIG, WARNING","LOW STATUS, NO DRINKING, NO WARNING",-0.647528472466827,0.028114731512889,-0.921598052168912,-0.993442409756544,-0.849753694581281,-9.74825527238059,-12.3036543006336,-7.19285624412756,2.47712795626637,5.05526587843738,6.28392772632224
"CalarcoS38","Approval","HIGH STATUS, HEAVY DRINKIG, WARNING","LOW STATUS, NO DRINKING, WARNING",-0.637104535065556,0.0282791874075923,-0.896304506293685,-0.997466155444514,-0.795142857142857,-9.16575032698926,-12.7429977101184,-5.58850294386012,2.65599423206387,4.58487643159286,6.95261308667235
"CalarcoS38","Approval","HIGH STATUS, HEAVY DRINKIG, WARNING","LOW STATUS, LIGHT DRINKING, NO WARNING",-0.188781194295899,0.0277689080204037,-0.276472698641307,-0.29008825442547,-0.262857142857143,-3.15790251028143,-3.64821908211636,-2.66758593844651,0.582193805279436,1.48311565338784,1.59448266122016
"CalarcoS38","Approval","LOW STATUS, NO DRINKING, NO WARNING","LOW STATUS, NO DRINKING, WARNING",0.0104239374012723,0.0276609973126769,0.0252935458752268,-0.00402374568797009,0.0546108374384237,0.537565884044963,-0.522312443254571,1.5974442113445,0.236164279800977,-0.451767089432771,0.781069020466002
"CalarcoS38","Approval","LOW STATUS, LIGHT DRINKING, NO WARNING","LOW STATUS, LIGHT DRINKING, WARNING",-0.0230429292929279,0.0260261407643138,0.058389545362874,0.00903715524187709,0.107741935483871,3.12887244379541,1.23261012169703,5.02513476589378,2.33574576230905,1.06103970681002,3.25120913405265
"CalarcoS38","Approval","LOW STATUS, LIGHT DRINKING, NO WARNING","LOW STATUS, NO DRINKING, NO WARNING",-0.458747278170936,0.027139096973625,-0.645125353527606,-0.703354155331073,-0.586896551724138,-6.86751204499547,-9.01308092151546,-4.72194316847548,2.00978940154386,3.71852739375171,4.93957994034492
"CalarcoS38","Approval","LOW STATUS, LIGHT DRINKING, NO WARNING","LOW STATUS, NO DRINKING, WARNING",-0.44832334076966,0.0273094287185894,-0.619831807652379,-0.707377901019043,-0.532285714285714,-6.28019240717306,-9.48590184433431,-3.07448297001181,2.19738908901921,3.23868409700679,5.63904313691118
"CalarcoS38","Approval","LOW STATUS, LIGHT DRINKING, WARNING","LOW STATUS, NO DRINKING, NO WARNING",-0.435704348878009,0.0263948077939595,-0.70351489889048,-0.71239131057295,-0.694638487208009,-10.1463345406046,-10.482628396266,-9.81004068494327,-0.196235952709572,2.77619909742356,1.93603049999099
"CalarcoS38","Approval","LOW STATUS, LIGHT DRINKING, WARNING","LOW STATUS, NO DRINKING, WARNING",-0.425280411476721,0.026569911382463,-0.678221353015253,-0.71641505626092,-0.640027649769585,-9.51982631396658,-10.9573058258808,-8.08234680205234,0.010762586685061,2.28854276742181,2.67386892964643
"CalarcoS38","Approval","LOW STATUS, HEAVY DRINKING, NO WARNING","LOW STATUS, LIGHT DRINKING, WARNING",-0.175704412546519,0.0262268078890289,-0.193528758012356,-0.282167872561215,-0.104889643463497,-0.679623137564264,-4.05933731871469,2.70009104358616,2.10455753300622,1.2253458284281,4.53889242495016
"CalarcoS38","Approval","LOW STATUS, HEAVY DRINKING, NO WARNING","LOW STATUS, HEAVY DRINKING, WARNING",-0.000754274220584215,0.0277684694444886,-0.00428099686371725,0.000319585219933916,-0.00888157894736841,-0.127004574385464,0.0386718988118831,-0.29268104758281,-0.0312619743887725,0.0321006419373086,-0.0908451873179472
"CalarcoS38","Approval","LOW STATUS, HEAVY DRINKING, NO WARNING","LOW STATUS, NO DRINKING, NO WARNING",-0.611408761424524,0.0273315940535485,-0.897043656902836,-0.994559183134165,-0.799528130671506,-10.4507221539546,-14.0185903887994,-6.88285391910973,1.79094009223227,3.85779242167029,6.164293665454
"CalarcoS38","Approval","LOW STATUS, HEAVY DRINKING, NO WARNING","LOW STATUS, NO DRINKING, WARNING",-0.600984824023245,0.0275007335520321,-0.871750111027609,-0.998582928822135,-0.744917293233083,-9.84574780494743,-14.4577272474069,-5.233768362488,1.97866790355516,3.3805917644769,6.85157286125035
"CalarcoS38","Approval","LOW STATUS, HEAVY DRINKING, NO WARNING","LOW STATUS, LIGHT DRINKING, NO WARNING",-0.152661483253587,0.0269757327632034,-0.25191830337523,-0.291205027803092,-0.212631578947368,-3.6794855951804,-5.13585843119289,-2.22311275916791,-0.16784172831495,0.16669336530816,1.33772357160459
"CalarcoS38","Approval","LOW STATUS, HEAVY DRINKING, WARNING","LOW STATUS, LIGHT DRINKING, WARNING",-0.174950138325933,0.0268469316731279,-0.189247761148639,-0.282487457781149,-0.0960080645161291,-0.53256077814721,-4.00557206181047,2.94045050551605,2.12802313002279,1.16289113136838,4.5899149096163
"CalarcoS38","Approval","LOW STATUS, HEAVY DRINKING, WARNING","LOW STATUS, NO DRINKING, NO WARNING",-0.610654487203931,0.0279271968110215,-0.892762660039118,-0.994878768354099,-0.790646551724138,-10.1015570858817,-13.7580682998779,-6.44504587188543,1.82203439107875,3.74268732470917,6.18266292765569
"CalarcoS38","Approval","LOW STATUS, HEAVY DRINKING, WARNING","LOW STATUS, NO DRINKING, WARNING",-0.600230549802673,0.0280927505615499,-0.867469114163892,-0.998902514042069,-0.736035714285714,-9.51272335457903,-14.1912755522434,-4.83417115691462,2.00585144345965,3.27671376530867,6.85613719288194
"CalarcoS38","Approval","LOW STATUS, HEAVY DRINKING, WARNING","LOW STATUS, LIGHT DRINKING, NO WARNING",-0.151907209033003,0.027579021852222,-0.247637306511513,-0.291524613023026,-0.20375,-3.47112011410214,-5.06244944937285,-1.87979077883143,-0.0940058049351357,0.129802456463543,1.46018760564578
"Cohen1099","History","male, upper class, no info","male, working class, no info",0.0149007030960888,0.0363190800509529,-0.0133180756715683,0.00314162643464122,-0.0297777777777777,-0.7769684344446,-0.323771324740341,-1.23016554414886,-0.65909813757953,-0.397708511562647,-0.949685409799542
"Cohen1099","History","male, upper class, no info","male, upper class, student loans",0.0126574917619705,0.0342131701997512,-0.0459897608771631,-0.0342652360400405,-0.0577142857142857,-1.71417183197949,-1.37148143618542,-2.05686222777356,-1.24869583009547,-0.953659020800985,-1.44967722604691
"Cohen1099","History","male, upper class, no info","male, working class, student loans",-0.0466356740885742,0.0362407771148373,-0.051124067606546,-0.0255814685464254,-0.0766666666666667,-0.123849262496478,0.580953478879155,-0.828652003872112,0.366077335671446,0.866630183907254,-0.0572556749529984
"Cohen1099","History","male, upper class, no info","male, working class, no debt",-0.0171749945922556,0.0351238685560343,-0.01098447081024,0.00743105837952007,-0.0294,0.176248347249669,0.700550764575401,-0.348054070076062,0.274450057211249,0.56866145993025,-0.0621056105982888
"Cohen1099","History","male, working class, no info","male, working class, student loans",-0.0615363771846613,0.0371569766803409,-0.0378059919349778,-0.0287230949810666,-0.0468888888888889,0.638652209350468,0.883098818450307,0.394205600250628,0.988751850688365,1.20011186462142,0.842877283102961
"Cohen1099","History","male, upper class, student loans","male, working class, no info",0.00224321133412256,0.03518221148895,0.0326716852055949,0.0374068624746817,0.027936507936508,0.864882353431059,0.999472450775397,0.730292256086721,0.520668499135304,0.481040286262052,0.398167538091147
"Cohen1099","History","male, upper class, student loans","male, working class, student loans",-0.0592931658505413,0.0351013725571106,-0.00513430672938292,0.0086837674936151,-0.0189523809523809,1.54292710443276,1.93658903889176,1.14926516997377,1.58179097728795,1.78841495694228,1.32260140895699
"Cohen1099","History","male, upper class, student loans","male, working class, no debt",-0.0298324863542227,0.0339469965070152,0.0350052900669232,0.0416962944195606,0.0283142857142857,1.90997092799497,2.10707244038516,1.71286941560477,1.52873185692165,1.51241829936941,1.36444252563172
"Cohen1099","History","male, upper class, no debt","male, upper class, no info",-0.0480876865671686,0.0357934116575482,-0.0187831447339061,0.0101212105321878,-0.0476875,0.818713290413118,1.62624612753507,0.0111804532911642,0.992732417478537,1.46270702899436,0.485399805150087
"Cohen1099","History","male, upper class, no debt","male, working class, no info",-0.0331869834710729,0.0367207748859241,-0.0321012204054743,0.0132628369668291,-0.0774652777777777,0.0295680869745136,1.26494662986285,-1.20581045591382,0.328456515208447,1.06670128049573,-0.436255681224625
"Cohen1099","History","male, upper class, no debt","male, upper class, student loans",-0.0354301948051951,0.0346392948483713,-0.0647729056110692,-0.0241440255078527,-0.105401785714286,-0.847093190964704,0.325819833999107,-2.02000621592852,-0.194080948161059,0.605867023583432,-0.898574871310609
"Cohen1099","History","male, upper class, no debt","male, working class, student loans",-0.0947233606557337,0.0366433303394015,-0.0699072123404521,-0.0154602580142376,-0.124354166666667,0.677235068030852,2.16309767445637,-0.808627538394669,1.3444723077164,2.32025461137055,0.447477438659884
"Cohen1099","History","male, upper class, no debt","male, working class, no debt",-0.0652626811594202,0.0355390753230423,-0.029767615544146,0.0175522689117079,-0.0770875,0.998761652987083,2.33025055712223,-0.332727251148061,1.28418545206397,2.07062492657943,0.458387403370927
"Cohen1099","History","male, working class, no debt","male, working class, no info",0.0320756976883479,0.0360684506525814,-0.0023336048613283,-0.00428943194487885,-0.000377777777777755,-0.954000017386761,-1.0082254428809,-0.899774591892623,-0.943853168885981,-0.989153319069282,-0.926245769601709
"Cohen1099","History","male, working class, no debt","male, working class, student loans",-0.029460679496314,0.035989602423721,-0.0401395967963061,-0.0330125269259455,-0.0472666666666667,-0.296722291462536,-0.0986909326703335,-0.494753650254738,0.0878432516863776,0.282707511127372,-0.0275507229607144
"Cohen1099","History","female, upper class, no info","male, upper class, no info",0.00149253731343296,0.0353811897144714,0.0315156103935125,0.0105766753324795,0.0524545454545454,0.848560303437159,0.25675049630485,1.44037011056947,0.517927847842306,0.0854624570003545,0.847502916659935
"Cohen1099","History","female, upper class, no info","female, working class, student loans",-0.0315853166599403,0.0345343376486704,-0.0565281567521961,-0.0154074106830756,-0.0976489028213166,-0.722262009076525,0.468458556855733,-1.91298257500878,-0.152354325152925,0.634518327635637,-0.873219647884958
"Cohen1099","History","female, upper class, no info","female, working class, no debt",0.0104703753957504,0.0355149565042997,0.00493823209809424,0.00470763302735733,0.00516883116883116,-0.155769395268339,-0.162262408168665,-0.149276382368014,-0.218440568177649,-0.257889696539338,-0.235345528286772
"Cohen1099","History","female, upper class, no info","male, working class, no info",0.0163932404095247,0.0363190800509515,0.0181975347219442,0.0137183017671207,0.0226767676767677,0.0496789651579349,-0.0736510572033038,0.173008987519174,-0.141721620692936,-0.27978169636236,-0.0938377355507773
"Cohen1099","History","female, upper class, no info","male, upper class, student loans",0.0141500290754043,0.0342131701997506,-0.0144741504836506,-0.023688560707561,-0.0052597402597403,-0.836642129096344,-1.10596561388635,-0.56731864430634,-0.699473439314912,-0.828473502580683,-0.541149895460901
"Cohen1099","History","female, upper class, no info","male, working class, student loans",-0.0451431367751368,0.036240777114836,-0.0196084572130336,-0.0150047932139459,-0.0242121212121212,0.704584216866863,0.831614163948297,0.577554269785428,0.884571712150869,0.984811795406416,0.800441170066825
"Cohen1099","History","female, upper class, no info","male, upper class, no debt",0.0495802238805993,0.0357934116575461,0.0502987551274185,0.000455464800291683,0.100142045454545,0.0200743995485473,-1.37245254937723,1.41260134847432,-0.493781160096025,-1.41340931508395,0.321668351407463
"Cohen1099","History","female, upper class, no info","male, working class, no debt",-0.0156824572788209,0.0351238685560344,0.0205311395832725,0.0180077337119996,0.0230545454545454,1.03102529279543,0.959182242043565,1.10286834354729,0.809432105196979,0.690601144181772,0.822865250253084
"Cohen1099","History","female, upper class, no info","female, working class, no info",-0.0148542999289252,0.0359384080842586,-0.0132152933442288,-0.00137231163018248,-0.0250582750582751,0.0456059873563048,0.375141499510324,-0.283929524797715,0.163705493438755,0.357436570260328,-0.0502448083842117
"Cohen1099","History","female, upper class, no info","female, upper class, student loans",0.00895522388059939,0.0351238685560341,-0.0614663522278067,-0.0247205832434921,-0.0982121212121213,-2.00494931234754,-0.958772723749593,-3.05112590094549,-1.39449834257497,-0.675137734592101,-2.02273793480416
"Cohen1099","History","female, working class, no info","male, upper class, no info",0.0163468372423614,0.0359384080842605,0.0447309037377412,0.011948986962662,0.0775128205128205,0.789797545534882,-0.122371872159397,1.70196696322916,0.333232704565653,-0.308337751981217,0.854056782905375
"Cohen1099","History","female, working class, no info","female, working class, student loans",-0.0167310167310131,0.0351050005960944,-0.0433128634079673,-0.0140350990528931,-0.0725906277630415,-0.757209691656055,0.0767958305752004,-1.59121521388731,-0.330736534087148,0.222411014817921,-0.838862895547603
"Cohen1099","History","female, working class, no info","male, working class, no info",0.031247540338452,0.0368621237283861,0.031412828066173,0.0150906133973032,0.0477350427350428,0.0044839447921914,-0.438307002065291,0.447274891649674,-0.311871597274727,-0.658300247941674,-0.0732546105019202
"Cohen1099","History","female, working class, no info","male, upper class, student loans",0.0290043290043321,0.0347891018156049,-0.00125885713942187,-0.0223162490773785,0.0197985347985348,-0.869904210351852,-1.47519123528192,-0.264617185421786,-0.870394829656603,-1.22019926061482,-0.511846320669369
"Cohen1099","History","female, working class, no info","male, working class, student loans",-0.0302888368462098,0.0367849767691463,-0.00639316386880479,-0.0136324815837634,0.00084615384615383,0.649604133974817,0.452803201888035,0.846405066061598,0.698886284590478,0.58679970222009,0.80784038379841
"Cohen1099","History","female, working class, no info","male, upper class, no debt",0.0644345238095266,0.0363443105328189,0.0635140484716473,0.00182777643047416,0.12520032051282,-0.0253265318390931,-1.72260104707499,1.67194798339681,-0.660988267464254,-1.78007704287216,0.336266866897027
"Cohen1099","History","female, working class, no info","male, working class, no debt",-0.000828157349893565,0.035685105189154,0.0337464329275013,0.0193800453421821,0.0481128205128205,0.968880155855708,0.566292367220418,1.371467944491,0.618782997323797,0.284478703257267,0.829757694296759
"Cohen1099","History","female, upper class, student loans","male, upper class, no info",-0.00746268656716506,0.0351238685560361,0.0929819626213192,0.0352972585759717,0.150666666666667,2.85972625789316,1.2174042012177,4.50204831456862,1.902960778142,0.725375178253934,2.84519069843604
"Cohen1099","History","female, upper class, student loans","female, working class, student loans",-0.0405405405405376,0.0342706584932746,0.00493819547561059,0.00931317256041653,0.000563218390804643,1.32704587584954,1.4547054329504,1.19938631874869,1.26209962079533,1.29460276316992,1.16112097691694
"Cohen1099","History","female, upper class, student loans","female, working class, no debt",0.00151515151515298,0.0352586116038703,0.0664045843259009,0.0294282162708495,0.103380952380952,1.8403853657024,0.7916665882735,2.88910414313131,1.15593132186059,0.377078876618226,1.74681173275307
"Cohen1099","History","female, upper class, student loans","male, working class, no info",0.00743801652892745,0.0360684506525816,0.0796638869497509,0.0384388850106129,0.120888888888889,2.00246667417232,0.85950097441922,3.14543237392542,1.202359433918,0.340818775434478,1.84483506215643
"Cohen1099","History","female, upper class, student loans","male, upper class, student loans",0.00519480519480669,0.0339469965070165,0.0469922017441561,0.00103202253593115,0.092952380952381,1.23125462780515,-0.122625948896985,2.58513520450729,0.724165301671613,-0.173520091485894,1.51512635714911
"Cohen1099","History","female, upper class, student loans","male, working class, student loans",-0.054098360655734,0.0359896024237211,0.0418578950147731,0.00971579002954626,0.074,2.66622160869611,1.77312741424506,3.55931580314717,2.23875790872525,1.61559339008616,2.74960116268239
"Cohen1099","History","female, upper class, student loans","male, upper class, no debt",0.040625000000002,0.0355390753230418,0.111765107355225,0.0251760480437838,0.198354166666667,2.00174334049427,-0.434703261573095,4.43818994256164,0.867786462744052,-0.791706654983239,2.2921826077204
"Cohen1099","History","female, upper class, student loans","male, working class, no debt",-0.0246376811594183,0.0348646482711623,0.0819974918110792,0.0427283169554917,0.121266666666667,3.05854721783323,1.93221505035606,4.1848793853104,2.20695837988565,1.33977553594685,2.83526891627329
"Cohen1099","History","female, upper class, student loans","female, working class, no info",-0.0238095238095224,0.035685105189154,0.0482510588835779,0.0233482716133097,0.0731538461538462,2.01934623174383,1.32149800800265,2.71719445548501,1.52438266151461,0.989206004840071,1.90955648979547
"Cohen1099","History","female, working class, student loans","male, upper class, no info",0.0330778539733771,0.0345343376486723,0.0880437671457086,0.0259840860155551,0.150103448275862,1.5916307337791,-0.205412017163581,3.38867348472178,0.669496652717586,-0.583423287512943,1.70971238902966
"Cohen1099","History","female, working class, student loans","male, working class, no info",0.0479785570694656,0.0354946118019122,0.0747256914741403,0.0291257124501964,0.120325670498084,0.753554780481746,-0.531146663174763,2.03825622413826,-0.00990231622103875,-0.9391091307228,0.722645548593046
"Cohen1099","History","female, working class, student loans","male, upper class, student loans",0.0457353457353468,0.0333366600957294,0.0420540062685455,-0.00828115002448537,0.0923891625615763,-0.110429162856446,-1.6203331588923,1.39947483317941,-0.574007226814157,-1.54534392496143,0.316278533593315
"Cohen1099","History","female, working class, student loans","male, working class, student loans",-0.0135578201151971,0.0354144859783164,0.0369196995391625,0.000402617469129729,0.0734367816091954,1.42533537505714,0.394201333117598,2.45646941699669,1.04062745119062,0.353483729155066,1.63963225445213
"Cohen1099","History","female, working class, student loans","male, upper class, no debt",0.081165540540542,0.034956547445474,0.106826911879615,0.0158628754833673,0.197790948275862,0.734093416379288,-1.86810969129704,3.33629652405561,-0.36841144954191,-2.1101237694635,1.1606332470154
"Cohen1099","History","female, working class, student loans","male, working class, no debt",0.0159028593811204,0.0342706584932743,0.0770592963354686,0.0334151443950752,0.120703448275862,1.78451303952477,0.510999373338322,3.05802670571122,0.969520527047501,0.0316505037520199,1.69125242654882
"Cohen1099","History","female, upper class, no debt","male, upper class, no info",-0.0231651659060067,0.0363190800509536,0.0236027316888252,0.0202054633776504,0.027,1.28769499473057,1.19415550236434,1.3812344870968,1.0432518050295,0.906944536712825,1.06927782854152
"Cohen1099","History","female, upper class, no debt","female, working class, student loans",-0.056243019879378,0.0354946118019132,-0.0644410354568834,-0.00577862263790474,-0.123103448275862,-0.230965072199028,1.42174810991321,-1.88367825431127,0.402979098630747,1.46017368174448,-0.600275239149667
"Cohen1099","History","female, upper class, no debt","female, working class, no debt",-0.0141873278236871,0.0364494050107603,-0.00297464660659305,0.0143364210725282,-0.0202857142857143,0.307623161853641,0.782557325360859,-0.167311001653576,0.323932176565301,0.569465714582235,0.0134772947010476
"Cohen1099","History","female, upper class, no debt","male, working class, no info",-0.0082644628099134,0.0372333528692178,0.0102846560172569,0.0233470898122916,-0.00277777777777777,0.498185562077209,0.849011710904485,0.147359413249933,0.387229254936978,0.530551574779294,0.146143844832856
"Cohen1099","History","female, upper class, no debt","male, upper class, student loans",-0.010507674144034,0.0351822114889498,-0.0223870291883379,-0.0140597726623901,-0.0307142857142857,-0.337652311823408,-0.100962911881528,-0.574341711765287,-0.12410139293282,0.0446510554565148,-0.274710641951029
"Cohen1099","History","female, upper class, no debt","male, working class, student loans",-0.0698008399945745,0.0371569766803407,-0.0275213359177209,-0.00537600516877501,-0.0496666666666667,1.13786179216306,1.73385567345919,0.54186791086694,1.38931132862355,1.76564345285252,1.01887018250209
"Cohen1099","History","female, upper class, no debt","male, upper class, no debt",0.0249225206611619,0.036720774885923,0.0423858764227313,0.0100842528454625,0.0746875,0.475571548144644,-0.404083733575776,1.35522682986506,0.0514948295907741,-0.563035875293703,0.554539858049993
"Cohen1099","History","female, upper class, no debt","male, working class, no debt",-0.0403401604982593,0.036068450652582,0.0126182608785852,0.0276365217571705,-0.00240000000000001,1.46827547118532,1.88465767244048,1.05189326993016,1.33067621083933,1.5019278804276,1.0466692020249
"Cohen1099","History","female, upper class, no debt","female, upper class, no info",-0.0246577032194355,0.0363190800509511,-0.00791287870468729,0.00962878804517087,-0.0254545454545455,0.461047595127886,0.944035234827168,-0.0219400445713961,0.525875288142745,0.789017721512384,0.213430154292579
"Cohen1099","History","female, upper class, no debt","female, working class, no info",-0.039512003148362,0.0368621237283864,-0.0211281720489161,0.00825647641498839,-0.0505128205128205,0.498718718294821,1.29586889554509,-0.298431458955444,0.690366008035742,1.16003433408735,0.191085223349244
"Cohen1099","History","female, upper class, no debt","female, upper class, student loans",-0.0157024793388379,0.0360684506525816,-0.069379230932494,-0.0150917951983213,-0.123666666666667,-1.48819122037376,0.0169312551403679,-2.99331369588789,-0.815536391964651,0.171955785923836,-1.72441162973325
"Cohen1099","History","female, working class, no debt","male, upper class, no info",-0.00897783808231427,0.0355149565043013,0.0265773782954182,0.0058690423051222,0.0472857142857143,1.00113360334332,0.418045855853387,1.58422135083326,0.721303854815093,0.30757392936544,1.0487415058338
"Cohen1099","History","female, working class, no debt","female, working class, student loans",-0.0420556920556867,0.0346713718609945,-0.0614663888502903,-0.0201150437104329,-0.102817733990148,-0.55984795964883,0.632817427392804,-1.75251334669046,0.0585703931272393,0.859855837520329,-0.660363678924422
"Cohen1099","History","female, working class, no debt","male, working class, no info",0.00592286501377856,0.0364494050107613,0.01325930262385,0.00901066873976342,0.0175079365079365,0.201277294043769,0.0847147909567581,0.317839797130779,0.0588479482640317,-0.0620504644076523,0.105687520979367
"Cohen1099","History","female, working class, no debt","male, upper class, student loans",0.00367965367965843,0.0343514856302898,-0.0194123825817449,-0.0283961937349183,-0.0104285714285715,-0.672228168235077,-0.933754299880803,-0.410702036589352,-0.484375913791318,-0.595170580135664,-0.327616281638455
"Cohen1099","History","female, working class, no debt","male, working class, student loans",-0.0556135121708857,0.0363713826487014,-0.0245466893111278,-0.0197124262413032,-0.0293809523809524,0.854155673976478,0.987069594695881,0.721241753257074,1.08188732414828,1.1984712408952,0.997183908961376
"Cohen1099","History","female, working class, no debt","male, upper class, no debt",0.0391098484848557,0.0359256435986544,0.0453605230293243,-0.00425216822706564,0.0949732142857143,0.173989215455635,-1.20699345560355,1.55497188651482,-0.288984126793031,-1.18831636292067,0.522578117594564
"Cohen1099","History","female, working class, no debt","male, working class, no debt",-0.0261528326745668,0.0352586116038696,0.0155929074851783,0.0133001006846423,0.0178857142857143,1.18398706757822,1.11895878948561,1.24901534567084,1.01315839819619,0.912012517476251,1.02563761674829
"Cohen1099","History","female, working class, no debt","female, working class, no info",-0.025324675324671,0.036070108476711,-0.018153525442323,-0.0060799446575398,-0.0302271062271062,0.198811430993565,0.533536811500214,-0.135913949513085,0.365274377385607,0.575141398821209,0.151222973496831
"Cohen1099","Nursing","male, upper class, no info","male, working class, no info",0.175320654577611,0.0369875251482623,0.0891319996073568,0.0611528881036026,0.117111111111111,-2.33020875618935,-3.08665600135111,-1.57376151102759,-3.20166865976061,-3.87121215275486,-2.80333516592204
"Cohen1099","Nursing","male, upper class, no info","male, upper class, student loans",-0.00152341638409041,0.0347508782527678,0.0144712014556457,0.0162757362446247,0.0126666666666667,0.46026513987347,0.512192886155258,0.408337393591683,0.29844488282757,0.263353437253398,0.238610601836931
"Cohen1099","Nursing","male, upper class, no info","male, working class, student loans",0.162736108564093,0.0366687335467417,0.0601473073191635,0.027294614638327,0.093,-2.79771869170665,-3.69365071616446,-1.90178666724883,-3.3950328054389,-4.06588245133887,-2.89286623326637
"Cohen1099","Nursing","male, upper class, no info","male, working class, no debt",0.163163382909835,0.0356820734004924,0.0975839761546338,0.0383679523092675,0.1568,-1.83788105638213,-3.49742654245102,-0.178335570313231,-2.82564602347038,-4.0208228179176,-1.87441314228868
"Cohen1099","Nursing","male, working class, no info","male, working class, student loans",-0.0125845460135229,0.0376908516568887,-0.0289846922881933,-0.0338582734652756,-0.0241111111111111,-0.435122730151231,-0.564426817558115,-0.305818642744346,-0.173397221311187,-0.190057616322052,-0.0925224479339194
"Cohen1099","Nursing","male, upper class, student loans","male, working class, no info",0.176844070961724,0.035827752065101,0.0746607981517112,0.0448771518589779,0.104444444444444,-2.85207044595876,-3.68337145079476,-2.02076944112277,-3.60778307589957,-4.28711100399123,-3.15616498718395
"Cohen1099","Nursing","male, upper class, student loans","male, working class, student loans",0.164259524948192,0.0354985467500693,0.0456761058635178,0.0110188783937023,0.0803333333333334,-3.34051475176071,-4.31681464690354,-2.36421485661788,-3.81222678653757,-4.493191077251,-3.2527418261876
"Cohen1099","Nursing","male, upper class, student loans","male, working class, no debt",0.164686799293931,0.034478415909131,0.0831127746989881,0.0220922160646428,0.144133333333333,-2.36594467709693,-4.13576376609356,-0.596125588100298,-3.23860198758115,-4.46314844037905,-2.21219020664478
"Cohen1099","Nursing","male, upper class, no debt","male, upper class, no info",-0.0391210584601002,0.0362229881893381,-0.0592812757282841,0.00431244854343188,-0.122875,-0.55655864620572,1.19905919347417,-2.31217648588561,0.0138697100055921,1.11025343013584,-1.0569703224466
"Cohen1099","Nursing","male, upper class, no debt","male, working class, no info",0.136199596117525,0.0372573368890574,0.0298507238790728,0.0654653366470345,-0.0057638888888889,-2.85444106096823,-1.89853235299985,-3.81034976893662,-3.15249751711891,-2.72994900932816,-3.78119120966615
"Cohen1099","Nursing","male, upper class, no debt","male, upper class, student loans",-0.040644474844195,0.0350379176722857,-0.0448100742726384,0.0205881847880566,-0.110208333333333,-0.118888327423018,1.74761126517189,-1.98538792001792,0.323631099498021,1.44494003989556,-0.8247281441759
"Cohen1099","Nursing","male, upper class, no debt","male, working class, student loans",0.123615050104,0.0369408737767981,0.000866031590879446,0.0316070631817589,-0.029875,-3.32285097680111,-2.49068247486959,-4.15501947873263,-3.34381411872772,-2.91316426262528,-3.87826305223759
"Cohen1099","Nursing","male, upper class, no debt","male, working class, no debt",0.124042324449727,0.0359616809622314,0.0383027004263497,0.0426804008526994,0.033925,-2.38419400120436,-2.26246163749902,-2.5059263649097,-2.77675481538389,-2.83622359318013,-2.89395905122444
"Cohen1099","Nursing","male, working class, no debt","male, working class, no info",0.0121572716677955,0.0367316572027158,-0.00845197654727695,0.022784935794335,-0.0396888888888889,-0.561075916105106,0.289332552241988,-1.4114843844522,-0.491745494811959,-0.0265300301163168,-1.03190066072835
"Cohen1099","Nursing","male, working class, no debt","male, working class, student loans",-0.000427274345733334,0.036410625429762,-0.0374366688354703,-0.0110733376709405,-0.0638,-1.01644489906195,-0.292388916684335,-1.74050088143957,-0.662784006518699,-0.18892000005075,-1.10662016944221
"Cohen1099","Nursing","female, upper class, no info","male, upper class, no info",-0.102255639097739,0.0359454133081501,-0.0907172365626237,-0.0348284125191868,-0.146606060606061,0.320997909697131,1.87582282057846,-1.2338270011842,1.20752731185567,2.28062206280314,0.28126327996558
"Cohen1099","Nursing","female, upper class, no info","female, working class, student loans",0.156638170769394,0.0351361487875062,0.105792711652125,0.0411570011516902,0.17042842215256,-1.44709824132316,-3.2866769296801,0.392480447033779,-2.53347700328765,-3.8542381893032,-1.47694048221304
"Cohen1099","Nursing","female, upper class, no info","female, working class, no debt",0.17044137060208,0.0360823487118672,0.158212582279433,0.0564597965934981,0.259965367965368,-0.338913312442582,-3.15892889675152,2.48110227186636,-1.91458838630529,-3.90412490873619,-0.27968173649329
"Cohen1099","Nursing","female, upper class, no info","male, working class, no info",0.0730650154798812,0.0369875251482647,-0.00158523695526688,0.0263244755844158,-0.0294949494949495,-2.01825486122448,-1.26368389634358,-2.77282582610538,-2.01557135208598,-1.62080117363932,-2.5003123625203
"Cohen1099","Nursing","female, upper class, no info","male, upper class, student loans",-0.103779055481837,0.0347508782527676,-0.0762460351069781,-0.0185526762745621,-0.133939393939394,0.79229710899943,2.45249569197542,-0.86790147397656,1.56088215640695,2.65860607169135,0.561136653691068
"Cohen1099","Nursing","female, upper class, no info","male, working class, student loans",0.0604804694663542,0.0366687335467444,-0.0305699292434602,-0.00753379788085984,-0.0536060606060606,-2.48305272375294,-1.85483000825516,-3.11127543925072,-2.19862377375012,-1.79590678997961,-2.58720900223489
"Cohen1099","Nursing","female, upper class, no info","male, upper class, no debt",-0.0631345806376403,0.0362229881893405,-0.0314359608343397,-0.0391408610626187,-0.0237310606060606,0.875096765556983,0.662389294047318,1.08780423706665,1.17154692074589,1.11812905969088,1.3057677459255
"Cohen1099","Nursing","female, upper class, no info","male, working class, no debt",0.0609077438120882,0.0356820734004934,0.00686673959201006,0.0035395397900807,0.0101939393939394,-1.51451412628199,-1.60775982320619,-1.42126842935779,-1.59615457818599,-1.68807909672937,-1.56030405351649
"Cohen1099","Nursing","female, upper class, no info","female, working class, no info",0.112280701754389,0.0364412355344844,0.112965904808184,0.0575635112480694,0.168368298368298,0.0188029588938283,-1.50151853261233,1.53912445039999,-1.09882526663461,-2.25312420439087,-0.241922138402101
"Cohen1099","Nursing","female, upper class, no info","female, upper class, student loans",0.0260182831178681,0.0355553972826192,0.0411259331014222,0.0131912601422383,0.069060606060606,0.42490454721875,-0.360761627093396,1.21057072153089,-0.00044215854842224,-0.564590919664134,0.443613933943888
"Cohen1099","Nursing","female, working class, no info","male, upper class, no info",-0.214536340852123,0.0364412355344831,-0.203683141370808,-0.0923919237672562,-0.314974358974359,0.297827428794093,3.3518187650165,-2.75616390742831,2.27714241163156,4.46816086345087,0.48922950874861
"Cohen1099","Nursing","female, working class, no info","female, working class, student loans",0.0443574690150039,0.0356432302268427,-0.00717319315605874,-0.0164065100963792,0.00206012378426168,-1.44573490795049,-1.70478317269971,-1.18668664320128,-1.387074346525,-1.53116556357762,-1.23939377380263
"Cohen1099","Nursing","female, working class, no info","male, working class, no info",-0.0392156862745098,0.0374695599918048,-0.114551141763451,-0.0312390356636536,-0.197863247863248,-2.01057753294722,0.212883487625712,-4.23403855352016,-0.93340251176552,0.557732079535631,-2.26216596869057
"Cohen1099","Nursing","female, working class, no info","male, upper class, student loans",-0.216059757236226,0.035263500233593,-0.189211939915162,-0.0761161875226315,-0.302307692307692,0.761348622321036,3.96851046511485,-2.44581322047278,2.66050845279225,4.91262337986001,0.771846080713766
"Cohen1099","Nursing","female, working class, no info","male, working class, student loans",-0.0518002322880402,0.0371549045121647,-0.143535834051644,-0.0650973091289292,-0.221974358974359,-2.46900383591537,-0.357882142760869,-4.58012552906987,-1.10467070783176,0.403547591472847,-2.34563042927982
"Cohen1099","Nursing","female, working class, no info","male, upper class, no debt",-0.175415282392031,0.0367150620692794,-0.144401865642524,-0.0967043723106881,-0.192099358974359,0.844705551388866,2.1438315951317,-0.454420492353964,2.23379017529598,3.30516601819156,1.49848071744597
"Cohen1099","Nursing","female, working class, no info","male, working class, no debt",-0.0513729579423031,0.036181504550587,-0.106099165216174,-0.0540239714579887,-0.158174358974359,-1.51254647792094,-0.0732698528879327,-2.95182310295394,-0.480281026754073,0.569717533987008,-1.32545291989296
"Cohen1099","Nursing","female, upper class, student loans","male, upper class, no info",-0.128273922215606,0.0355553972826183,-0.131843169664046,-0.0480196726614251,-0.215666666666667,-0.10038553134618,2.25716081629649,-2.45793187898885,1.20811626422203,2.83481369255892,-0.190145070677398
"Cohen1099","Nursing","female, upper class, student loans","female, working class, student loans",0.130619887651526,0.034737047796968,0.064666778550703,0.0279657410094519,0.101367816091954,-1.89863886782514,-2.95517763173399,-0.842100103916298,-2.57553952275047,-3.35687887898257,-1.97958126180671
"Cohen1099","Nursing","female, upper class, student loans","female, working class, no debt",0.144423087484213,0.0356938289707878,0.117086649178011,0.0432685364512598,0.190904761904762,-0.765858948015194,-2.83395068418518,1.30223278815479,-1.94803590331507,-3.41949786495592,-0.75537937783564
"Cohen1099","Nursing","female, upper class, student loans","male, working class, no info",0.047046732362013,0.0366086131207478,-0.042711170056689,0.0131332154421775,-0.0985555555555556,-2.45182471465525,-0.926380816666751,-3.97726861264375,-2.0487258119707,-1.12362627944004,-2.98703407317268
"Cohen1099","Nursing","female, upper class, student loans","male, upper class, student loans",-0.129797338599705,0.034347300874592,-0.1173719682084,-0.0317439364168004,-0.203,0.361756821494405,2.85476295621931,-2.1312493132305,1.56612047663063,3.23763199732738,0.076547009302111
"Cohen1099","Nursing","female, upper class, student loans","male, working class, student loans",0.0344621863484852,0.0362864927755935,-0.0716958623448824,-0.0207250580230981,-0.122666666666667,-2.92555274905956,-1.52087567990871,-4.33022981821041,-2.23418571748084,-1.29631164503706,-3.07939614334619
"Cohen1099","Nursing","female, upper class, student loans","male, upper class, no debt",-0.0891528637555084,0.0358359932385886,-0.0725618939357618,-0.052332121204857,-0.0927916666666667,0.462969442741194,1.02747933636181,-0.101540450879424,1.17164090936097,1.65523527539523,0.849090495694214
"Cohen1099","Nursing","female, upper class, student loans","male, working class, no debt",0.0348894606942199,0.035289147059532,-0.0342591935094121,-0.00965172035215756,-0.0588666666666666,-1.95948783026634,-1.26217788634102,-2.65679777419166,-1.6266791398514,-1.17370753539231,-2.0557507955155
"Cohen1099","Nursing","female, upper class, student loans","female, working class, no info",0.0862624186365207,0.0360565831064291,0.0718399717067617,0.0443722511058311,0.0993076923076923,-0.399994832765707,-1.16178971831694,0.361800052785523,-1.1230283468812,-1.75534118748415,-0.712401114845809
"Cohen1099","Nursing","female, working class, student loans","male, upper class, no info",-0.25889380986712,0.035136148787504,-0.196509948214749,-0.075985413670877,-0.317034482758621,1.7754894547395,5.20570416816124,-1.65472525868224,3.75556121276768,6.15154951669103,1.733433764579
"Cohen1099","Nursing","female, working class, student loans","male, working class, no info",-0.0835731552895103,0.0362015639208765,-0.107377948607392,-0.0148325255672744,-0.19992337164751,-0.657562567460078,1.89883038955107,-3.21395552447122,0.386720673285265,2.05003387248421,-1.15145038097169
"Cohen1099","Nursing","female, working class, student loans","male, upper class, student loans",-0.260417226251232,0.0339131206624014,-0.182038746759103,-0.0597096774262523,-0.304367816091954,2.31115503266042,5.91828604695466,-1.29597598163383,4.21055073204729,6.68038646810856,2.07282762486366
"Cohen1099","Nursing","female, working class, student loans","male, working class, student loans",-0.0961577013030361,0.0358757889619997,-0.136362640895585,-0.04869079903255,-0.224034482758621,-1.12067053452497,1.32309012969063,-3.56443119874058,0.22104433511082,1.9040760040378,-1.22850582493395
"Cohen1099","Nursing","female, working class, student loans","male, upper class, no debt",-0.219772751407037,0.0354200661643792,-0.137228672486465,-0.0802978622143089,-0.194159482758621,2.33043265750824,3.93773655151986,0.723128763496619,3.69812464246706,4.93126781180387,2.76947171702659
"Cohen1099","Nursing","female, working class, student loans","male, working class, no debt",-0.0957304269572962,0.0348666972322016,-0.0989259720601151,-0.0376174613616095,-0.160234482758621,-0.0916503528148213,1.66671839344782,-1.85001909907747,0.906216732232048,2.12035265965481,-0.139927849013221
"Cohen1099","Nursing","female, upper class, no debt","male, upper class, no info",-0.162936028596069,0.0367467266392583,-0.164388046739293,-0.0453567386398763,-0.28341935483871,-0.0395142173472467,3.1997214639134,-3.27874989860789,1.54222053634296,3.72575126075561,-0.385759669863882
"Cohen1099","Nursing","female, upper class, no debt","female, working class, student loans",0.0959577812710603,0.0359555021161493,0.0321219014754558,0.0306286750310008,0.0336151279199109,-1.77541338706358,-1.81694323247171,-1.73388354165546,-2.10677454959806,-2.23865114618926,-2.1187169148951
"Cohen1099","Nursing","female, upper class, no debt","female, working class, no debt",0.109760981103747,0.0368806869427811,0.0845417721027638,0.0459314704728087,0.123152073732719,-0.683805294627778,-1.73070286705796,0.363092277802407,-1.51343053127071,-2.33018262505032,-0.932116692444758
"Cohen1099","Nursing","female, upper class, no debt","male, working class, no info",0.0123846259815473,0.0377667340049409,-0.0752560471319361,0.0157961494637263,-0.166308243727599,-2.32057855736261,0.0903314404081833,-4.73148855513341,-1.62271134974147,-0.132872588663536,-3.09176579461873
"Cohen1099","Nursing","female, upper class, no debt","male, upper class, student loans",-0.164459444980172,0.0355791051060219,-0.149916845283647,-0.0290810023952516,-0.270752688172043,0.408739895317467,3.80499852881367,-2.98751873817874,1.89742023426294,4.14063692546891,-0.134504182549238
"Cohen1099","Nursing","female, upper class, no debt","male, working class, student loans",-0.000199920031980559,0.0374545751641721,-0.104240739420129,-0.0180621240015493,-0.19041935483871,-2.77778666376842,-0.476903125753651,-5.07867020178318,-1.79829195426816,-0.291616365983531,-3.18132583253467
"Cohen1099","Nursing","female, upper class, no debt","male, upper class, no debt",-0.123814970135972,0.0370182935070186,-0.105106771011009,-0.0496691871833081,-0.16054435483871,0.505377135264654,2.00294978315535,-0.992195512626043,1.5047538164824,2.57800204007143,0.621673164123901
"Cohen1099","Nursing","female, upper class, no debt","male, working class, no debt",0.000227354313755723,0.0364891702148022,-0.0668040705846592,-0.00698878633060873,-0.12661935483871,-1.83702245087565,-0.19776116041787,-3.47628374133344,-1.19727624386284,-0.145328099992484,-2.19134645369192
"Cohen1099","Nursing","female, upper class, no debt","female, upper class, no info",-0.060680389498331,0.0367467266392606,-0.0736708101766693,-0.0105283261206894,-0.136813294232649,-0.353512322495119,1.36480356114382,-2.07182820613406,0.348350823087022,1.46059350939707,-0.690768158683812
"Cohen1099","Nursing","female, upper class, no debt","female, working class, no info",0.0516003122560568,0.0372318791909089,0.0392950946315146,0.0470351851273799,0.0315550041356493,-0.330502190379551,-0.122613395506278,-0.538390985252824,-0.719170312475052,-0.729895185348998,-0.889062607892897
"Cohen1099","Nursing","female, upper class, no debt","female, upper class, student loans",-0.0346621063804625,0.0363653056735617,-0.0325448770752471,0.00266293402154882,-0.0677526881720431,0.0582211331927482,1.02639149350386,-0.909949227118364,0.364379366339179,0.958523663180384,-0.234087412839078
"Cohen1099","Nursing","female, working class, no debt","male, upper class, no info",-0.272697009699804,0.0360823487118655,-0.248929818842057,-0.0912882091126849,-0.406571428571429,0.658693009358669,5.027632819464,-3.71024680074666,3.10462545839381,6.14119304570505,0.529448906700738
"Cohen1099","Nursing","female, working class, no debt","female, working class, student loans",-0.0138031998326816,0.0352762257375798,-0.0524198706273079,-0.0153027954418079,-0.0895369458128079,-1.09469394718971,-0.0425100922156994,-2.14687780216371,-0.578279405087503,0.118711108274045,-1.21612685048935
"Cohen1099","Nursing","female, working class, no debt","male, working class, no info",-0.0973763551221919,0.0371206164720406,-0.1597978192347,-0.0301353210090823,-0.289460317460317,-1.68158479155442,1.81142018920283,-5.17458977231167,-0.159854187063257,2.14601344847159,-2.24906639738023
"Cohen1099","Nursing","female, working class, no debt","male, upper class, student loans",-0.27422042608392,0.0348925019167397,-0.234458617386411,-0.0750124728680602,-0.393904761904762,1.1395516662115,5.70919086545323,-3.43008753303022,3.52107556464045,6.6489832918229,0.816611741786708
"Cohen1099","Nursing","female, working class, no debt","male, working class, student loans",-0.109960901135719,0.0368029777408419,-0.188782511522893,-0.0639935944743579,-0.313571428571429,-2.1417182854664,1.24901052803533,-5.53244709896813,-0.326159456708366,2.00410790935739,-2.33339929468417
"Cohen1099","Nursing","female, working class, no debt","male, upper class, no debt",-0.233575951239715,0.0363588782010123,-0.189648543113773,-0.0956006576561168,-0.283696428571429,1.20816181079865,3.7948171233665,-1.3784935017692,3.05438577514539,4.95374860199083,1.54824482090449
"Cohen1099","Nursing","female, working class, no debt","male, working class, no debt",-0.109533626789984,0.0358200155336243,-0.151345842687423,-0.0529202568034174,-0.249771428571429,-1.16728636977249,1.58049540579969,-3.91506814534468,0.325600229728052,2.21598463643962,-1.30321687021359
"Cohen1099","Nursing","female, working class, no debt","female, working class, no info",-0.0581606688476829,0.036576314712539,-0.0452466774712492,0.00110371465457126,-0.0915970695970696,0.35306977966281,1.62029400632692,-0.914154447001304,0.781231241470735,1.57216868255199,0.00485816039175169
"Cohen1099","Accounting","male, upper class, no info","male, working class, no info",0.0932330827067623,0.032484953594462,-0.0145222720828903,0.0240665669453305,-0.0531111111111111,-3.31708507682839,-2.12918622648805,-4.50498392716873,-3.17209097465974,-2.50425020495237,-3.91919628793312
"Cohen1099","Accounting","male, upper class, no info","male, upper class, student loans",0.081251515886486,0.0304288721727829,0.00137218436197595,0.0278396068191901,-0.0250952380952382,-2.62511640493722,-1.75530360652243,-3.494929203352,-2.65649430040577,-2.21199678815855,-3.21847254302247
"Cohen1099","Accounting","male, upper class, no info","male, working class, student loans",0.156090225563905,0.0324134380545787,4.56600112364591e-05,0.0324246533558064,-0.0323333333333334,-4.81419358507777,-3.81525625266492,-5.81313091749061,-4.82906424795926,-4.30819935922957,-5.46897596737532
"Cohen1099","Accounting","male, upper class, no info","male, working class, no debt",0.105655442955209,0.0312824358932662,0.0237476227603077,0.0486952455206154,-0.00120000000000009,-2.61833255167103,-1.82083638336024,-3.41582871998182,-2.90378321881748,-2.56770293802766,-3.43638918327804
"Cohen1099","Accounting","male, working class, no info","male, working class, student loans",0.062857142857144,0.0333055130632875,0.0145679320941268,0.00835808641047586,0.0207777777777777,-1.44988640983424,-1.63633739384553,-1.26343542582295,-1.61976434176046,-1.78806227317458,-1.53281959106742
"Cohen1099","Accounting","male, upper class, student loans","male, working class, no info",0.0119815668202773,0.0313774201552394,-0.0158944564448663,-0.00377303987385957,-0.0280158730158729,-0.888410300376105,-0.502100128569879,-1.27472047218233,-0.722712007317419,-0.487647300015039,-0.971346863496598
"Cohen1099","Accounting","male, upper class, student loans","male, working class, student loans",0.0748387096774186,0.0313033744519982,-0.00132652435073949,0.00458504653661629,-0.00723809523809527,-2.43313174255232,-2.24428402275071,-2.62197946235393,-2.43290656012796,-2.35099943277217,-2.56942787350761
"Cohen1099","Accounting","male, upper class, student loans","male, working class, no debt",0.0244039270687238,0.0301307331636706,0.0223754383983317,0.0208556387014254,0.0238952380952381,-0.0673229111078466,-0.117763094181082,-0.016882728034611,-0.347453297247496,-0.473757641329265,-0.353860405042383
"Cohen1099","Accounting","male, upper class, no debt","male, upper class, no info",-0.0764003030832852,0.0318134853755877,0.0193825195735473,-0.00510996085290549,0.043875,3.01076167939562,2.24088437304907,3.78063898574217,2.7789784629234,2.27421521997698,3.22348519599852
"Cohen1099","Accounting","male, upper class, no debt","male, working class, no info",0.0168327796234793,0.0327219205676189,0.00486024749065694,0.018956606092425,-0.00923611111111111,-0.365887207264666,0.0649053121609075,-0.79667972669024,-0.433058374440211,-0.236554238994245,-0.723266583216455
"Cohen1099","Accounting","male, upper class, no debt","male, upper class, student loans",0.00485121280320238,0.0306817231802051,0.0207547039355232,0.0227296459662846,0.0187797619047618,0.518337612229722,0.582706292540205,0.453968931919238,0.262064840284897,0.205378789450771,0.186226445596701
"Cohen1099","Accounting","male, upper class, no debt","male, working class, student loans",0.0796899224806227,0.0326509240622251,0.0194281795847837,0.0273146925029009,0.0115416666666666,-1.84563667420236,-1.60409640713098,-2.08717694127374,-2.07197347169169,-2.02241168589358,-2.25476239950589
"Cohen1099","Accounting","male, upper class, no debt","male, working class, no debt",0.0292551398719269,0.0315284422548192,0.0431301423338549,0.0435852846677099,0.0426749999999999,0.44007890874492,0.45451483711006,0.42564298037978,-0.062251283938474,-0.212952476974345,-0.122124221780991
"Cohen1099","Accounting","male, working class, no debt","male, working class, no info",-0.0124223602484463,0.0322058539602227,-0.038269894843198,-0.0246286785752849,-0.051911111111111,-0.802572557978927,-0.37900930501376,-1.22613581094409,-0.393517011679326,-0.0709709230080766,-0.649392000326106
"Cohen1099","Accounting","male, working class, no debt","male, working class, student loans",0.0504347826086975,0.0321337172731513,-0.0237019627490712,-0.0162705921648091,-0.0311333333333333,-2.30713255885003,-2.07586860264191,-2.53839651505814,-2.0587377924638,-1.88520923450088,-2.20539776093871
"Cohen1099","Accounting","female, upper class, no info","male, upper class, no info",-0.0183124477861264,0.0314525581369364,0.0797902215685571,-0.00393470837803733,0.163515151515152,3.11906805569104,0.457124642946118,5.78101146843596,2.20010766054177,0.473876215017936,3.77594822875618
"Cohen1099","Accounting","female, upper class, no info","female, working class, student loans",0.100770975056688,0.0306888266501015,0.053762551980346,0.0335961593420923,0.0739289446185998,-1.53177648700317,-2.18890140312266,-0.874651570883667,-2.17133076909622,-2.72687475036814,-1.82334800869264
"Cohen1099","Accounting","female, upper class, no info","female, working class, no debt",0.083426632739611,0.0315732703074617,0.0799512390831328,0.0146730409368284,0.145229437229437,-0.110073920839835,-2.17758854668071,1.95744070500104,-1.02733852459068,-2.42842941839467,0.179521220662316
"Cohen1099","Accounting","female, upper class, no info","male, working class, no info",0.0749206349206388,0.0323711236636633,0.0652679494856668,0.0201318585672932,0.11040404040404,-0.298188148649508,-1.69252006580316,1.09614376850414,-1.03118071108612,-2.01372689853796,-0.230258909668192
"Cohen1099","Accounting","female, upper class, no info","male, upper class, student loans",0.0629390681003613,0.0303073208799682,0.081162405930533,0.0239048984411527,0.138419913419913,0.601285013028536,-1.28794523982516,2.49051526588223,-0.368537217391402,-1.68753676633634,0.723478013288113
"Cohen1099","Accounting","female, upper class, no info","male, working class, student loans",0.137777777777782,0.0322993560885013,0.0798358815797935,0.028489944977769,0.131181818181818,-1.7939025174132,-3.38359168834698,-0.204213346479426,-2.68927420205293,-3.82297725934359,-1.7773463867712
"Cohen1099","Accounting","female, upper class, no info","male, upper class, no debt",0.0580878552971583,0.0316972441855196,0.0604077019950098,0.00117525247486816,0.119640151515152,0.0731876463541671,-1.79550633768628,1.94188163039462,-0.62073889338114,-1.85206395648596,0.476855124775987
"Cohen1099","Accounting","female, upper class, no info","male, working class, no debt",0.0873429951690809,0.0311642139742054,0.103537844328865,0.0447605371425781,0.162315151515151,0.519661723962885,-1.36638960513325,2.40571305305902,-0.679390233202734,-2.05877656229419,0.396690434149691
"Cohen1099","Accounting","female, upper class, no info","female, working class, no info",0.0082539682539691,0.0318896225096149,0.0342265805029249,0.0279636505163394,0.0404895104895104,0.814453424186032,0.618059441011813,1.01084740736025,0.417321641257505,0.180520035541077,0.495255735870791
"Cohen1099","Accounting","female, upper class, no info","female, upper class, student loans",0.0467632850241555,0.0311642139742058,0.0265993598784117,0.00868356824167194,0.0445151515151515,-0.64702177832668,-1.22190525369905,-0.072138302954304,-0.966169111245188,-1.38879613727104,-0.648684164930867
"Cohen1099","Accounting","female, working class, no info","male, upper class, no info",-0.0265664160400954,0.0320051649986694,0.0455636410656322,-0.0318983588943768,0.123025641025641,2.25370052329761,-0.166596324515215,4.67399737111044,1.73175325944561,0.246481259423018,3.18297918520517
"Cohen1099","Accounting","female, working class, no info","female, working class, student loans",0.0925170068027189,0.0312549396799076,0.0195359714774211,0.00563250882575284,0.0334394341290893,-2.33502403372783,-2.77986452275319,-1.89018354470247,-2.57269921783552,-2.90195832291252,-2.33076335724305
"Cohen1099","Accounting","female, working class, no info","male, working class, no info",0.0666666666666697,0.0329083092923789,0.0310413689827418,-0.00783179194904626,0.06991452991453,-1.08256238165897,-2.26381908453038,0.0986943212124368,-1.43290386614429,-2.19405219640949,-0.739788744551556
"Cohen1099","Accounting","female, working class, no info","male, upper class, student loans",0.0546850998463922,0.0308804286264949,0.0469358254276081,-0.00405875207518669,0.0979304029304029,-0.25094452258138,-1.90230040625724,1.40041136109448,-0.807739468274729,-1.88341505240144,0.163055480286001
"Cohen1099","Accounting","female, working class, no info","male, working class, student loans",0.129523809523813,0.0328377157696222,0.0456093010768686,0.000526294461429599,0.0906923076923076,-2.55543074419848,-3.92833399154143,-1.18252749685554,-3.06464039925681,-3.97395636648244,-2.26259955282459
"Cohen1099","Accounting","female, working class, no info","male, upper class, no debt",0.0498338870431895,0.0322456580362556,0.0261811214920849,-0.0267883980414713,0.0791506410256411,-0.733517843689543,-2.37620472804463,0.909169040665538,-1.03733896627295,-2.03814322001712,-0.0550915674927773
"Cohen1099","Accounting","female, working class, no info","male, working class, no debt",0.0790890269151122,0.031721844301124,0.0693112638259398,0.0167968866262387,0.121825641025641,-0.308234382476493,-1.96369856990523,1.34722980495225,-1.10165813699068,-2.24375665117123,-0.142769492304473
"Cohen1099","Accounting","female, upper class, student loans","male, upper class, no info",-0.0650757328102831,0.0312824358932672,0.0531908616901454,-0.0126182766197093,0.119,3.78060694838289,1.67689806412627,5.88431583263952,3.15970213015679,1.81974732877049,4.40761790611466
"Cohen1099","Accounting","female, upper class, student loans","female, working class, student loans",0.0540076900325332,0.0305144467952312,0.0271631921019343,0.0249125911004203,0.0294137931034483,-0.879730775089593,-0.95348603654384,-0.805975513635346,-1.21225951082516,-1.36535578830995,-1.20725169313254
"Cohen1099","Accounting","female, upper class, student loans","female, working class, no debt",0.0366633477154553,0.0314038019985966,0.0533518792047211,0.00598947269515648,0.100714285714286,0.531417549060191,-0.976756732247568,2.03959183036795,-0.0889150844396449,-1.10343163224225,0.78926320545634
"Cohen1099","Accounting","female, upper class, student loans","male, working class, no info",0.0281573498964816,0.0322058539602228,0.0386685896072551,0.0114482903256212,0.0658888888888889,0.326376680579743,-0.518820571921414,1.1715739330809,-0.116013476774342,-0.719282045257483,0.362171851673618
"Cohen1099","Accounting","female, upper class, student loans","male, upper class, student loans",0.0161757830762046,0.0301307331636715,0.0545630460521213,0.0152213301994808,0.0939047619047618,1.2740235283156,-0.0316770545057476,2.57972411113695,0.613154330619593,-0.302787465306525,1.36221290993492
"Cohen1099","Accounting","female, upper class, student loans","male, working class, student loans",0.0910144927536249,0.0321337172731513,0.0532365217013818,0.0198063767360971,0.0866666666666666,-1.17564895250409,-2.21599373057982,-0.135304174428367,-1.78061129241946,-2.53497574444019,-1.19156305852896
"Cohen1099","Accounting","female, upper class, student loans","male, upper class, no debt",0.011324570273003,0.0315284422548192,0.0338083421165981,-0.00750831576680377,0.075125,0.713126632196944,-0.597330051627532,2.02358331602142,0.31617334177885,-0.529167073636264,1.08577475720164
"Cohen1099","Accounting","female, upper class, student loans","male, working class, no debt",0.0405797101449264,0.0309925090092603,0.076938484450453,0.0360769689009062,0.1178,1.17314717226227,-0.14528482488058,2.49157916940512,0.273340329616154,-0.714322398169131,1.01574025403965
"Cohen1099","Accounting","female, upper class, student loans","female, working class, no info",-0.0385093167701864,0.0317218443011243,0.00762722062451321,0.0192800822746675,-0.00402564102564107,1.45440904875334,1.82175407256525,1.08706402494143,1.35403208037975,1.50616166219493,1.1005448338461
"Cohen1099","Accounting","female, working class, student loans","male, upper class, no info",-0.119083422842818,0.0308088728120047,0.0260276695882111,-0.0375308677201296,0.0895862068965517,4.71004224388524,2.64704767423078,6.77303681353971,4.39382747980375,3.15915406156656,5.635444843876
"Cohen1099","Accounting","female, working class, student loans","male, working class, no info",-0.0258503401360538,0.0317460686989287,0.0115053975053208,-0.0134643007747991,0.0364750957854406,1.17670436600029,0.39015978572719,1.96324894627339,1.03286425400477,0.543020119430846,1.49324733897204
"Cohen1099","Accounting","female, working class, student loans","male, upper class, student loans",-0.0378319069563314,0.0296387740891941,0.027399853950187,-0.00969126090093952,0.0644909688013136,2.20089267896883,0.949453778712513,3.45233157922515,1.85569355916164,1.05539581716623,2.59069934249905
"Cohen1099","Accounting","female, working class, student loans","male, working class, student loans",0.0370068027210903,0.0316728848436745,0.0260733295994475,-0.00510621436432324,0.0572528735632183,-0.345199787629272,-1.32962366053069,0.639224085272149,-0.653302258111339,-1.29619854795804,-0.0804685649724222
"Cohen1099","Accounting","female, working class, student loans","male, upper class, no debt",-0.0426831197595311,0.0310586303552714,0.00664515001466381,-0.0324209068672241,0.0457112068965517,1.58823068531812,0.330414212568947,2.8460471580673,1.49697990773153,0.76371793367911,2.25294756329426
"Cohen1099","Accounting","female, working class, student loans","male, working class, no debt",-0.0134279798876078,0.0305144467952312,0.0497752923485187,0.0111643778004858,0.0883862068965516,2.07125735099363,0.805925070610718,3.33658963137654,1.47461940191455,0.598575595484991,2.20292434824317
"Cohen1099","Accounting","female, upper class, no debt","male, upper class, no info",-0.0460075809358066,0.0323429503566161,0.0179325267269915,0.000639247002369947,0.035225806451613,1.97694109404952,1.44225642447101,2.51162576362803,1.7649306868185,1.39435084057028,2.06493593138084
"Cohen1099","Accounting","female, upper class, no debt","female, working class, student loans",0.0730758419070088,0.0316007453325574,-0.0080951428612196,0.0381701147224995,-0.0543604004449387,-2.56864146443407,-1.10458556648494,-4.0326973623832,-2.49207862846707,-1.69273810266017,-3.4155372189639
"Cohen1099","Accounting","female, upper class, no debt","female, working class, no debt",0.0557314995899316,0.0324603515434015,0.0180935442415672,0.0192469963172357,0.0169400921658986,-1.15950547541175,-1.12397129229836,-1.19503965852515,-1.37251703477924,-1.43192095666963,-1.42663392850068
"Cohen1099","Accounting","female, upper class, no debt","male, working class, no info",0.0472255017709533,0.0332369173008146,0.00341025464410116,0.0247058139477004,-0.0178853046594981,-1.31827048610727,-0.677550436444986,-1.95899053576956,-1.36885218386672,-1.05285942516837,-1.78809755340455
"Cohen1099","Accounting","female, upper class, no debt","male, upper class, student loans",0.0352439349506783,0.0312303814151291,0.0193047110889674,0.02847885382156,0.0101305683563748,-0.510375574663631,-0.216618588136777,-0.804132561190485,-0.745598457740216,-0.670882535243039,-0.962217853538192
"Cohen1099","Accounting","female, upper class, no debt","male, working class, student loans",0.110082644628104,0.0331670232029499,0.0179781867382279,0.0330639003581763,0.00289247311827956,-2.77698897866975,-2.32214823135159,-3.2318297259879,-2.98422240006745,-2.81264020690825,-3.29798227710649
"Cohen1099","Accounting","female, upper class, no debt","male, upper class, no debt",0.0303927221474795,0.0325809501606327,-0.00144999284655578,0.00574920785527544,-0.008649193548387,-0.977341508981237,-0.75637801140559,-1.19830500655688,-0.97577451352036,-0.875128641787748,-1.13140093692457
"Cohen1099","Accounting","female, upper class, no debt","male, working class, no debt",0.0596478620194041,0.0320626146320489,0.0416801494872991,0.0493344925229854,0.0340258064516129,-0.560394488668584,-0.321663395664236,-0.799125581672932,-1.038237570317,-1.05940681658438,-1.23553758020147
"Cohen1099","Accounting","female, upper class, no debt","female, upper class, no info",-0.0276951331496775,0.0322286188811165,-0.0618576948415656,0.00457395538040728,-0.128289345063539,-1.06000700240694,1.0012557053443,-3.12126971015818,-0.390388562750935,0.897760182762152,-1.64682978749752
"Cohen1099","Accounting","female, upper class, no debt","female, working class, no info",-0.0194411648957091,0.0327681407501087,-0.0276311143386407,0.0325376058967467,-0.0877998345740281,-0.24993634839976,1.58625938495712,-2.08613208175664,0.0363853750450849,1.09708746909645,-1.10423086503658
"Cohen1099","Accounting","female, upper class, no debt","female, upper class, student loans",0.0190681518744769,0.032062614632049,-0.0352583349631539,0.0132575236220792,-0.083774193548387,-1.69438729377134,-0.181227523677671,-3.20754706386501,-1.31698084877884,-0.408199372538899,-2.25162058100515
"Cohen1099","Accounting","female, working class, no debt","male, upper class, no info",-0.10173908052574,0.0316899662463421,-0.000161017514575701,-0.0186077493148658,0.0182857142857143,3.20536987075172,2.623269793494,3.78746994800943,3.19248416227598,2.85007711630918,3.53415398350245
"Cohen1099","Accounting","female, working class, no debt","female, working class, student loans",0.0173443423170784,0.0309320970594773,-0.0261886871027868,0.0189231184052638,-0.0713004926108374,-1.40737400817534,0.0510400599464592,-2.86578807629714,-1.12067708381931,-0.267371400068394,-2.02774553504804
"Cohen1099","Accounting","female, working class, no debt","male, working class, no info",-0.00850599781897575,0.0326018434231102,-0.014683289597466,0.00545881763046474,-0.0348253968253968,-0.189476763578081,0.428344350600168,-0.807297877756329,-0.0432422503248353,0.313713118077269,-0.436163998318441
"Cohen1099","Accounting","female, working class, no debt","male, upper class, student loans",-0.0204875646392515,0.0305536290194509,0.00121116684740025,0.00923185750432431,-0.00680952380952382,0.710185080562378,0.972696962598321,0.447673198526435,0.680813579521564,0.794324959669987,0.496198652808978
"Cohen1099","Accounting","female, working class, no debt","male, working class, student loans",0.0543511450381688,0.0325305848559282,-0.000115357503339242,0.0138169040409406,-0.0140476190476191,-1.67431673247591,-1.24603480622149,-2.10259865873033,-1.6873697190208,-1.47754722572335,-1.97270214672108
"Cohen1099","Accounting","female, working class, no debt","male, upper class, no debt",-0.0253387774424533,0.0319328332017915,-0.019543537088123,-0.0134977884619603,-0.0255892857142856,0.181482185364159,0.370809220267642,-0.00784484953932406,0.385026561443845,0.523251564658304,0.261454489112583
"Cohen1099","Accounting","female, working class, no debt","male, working class, no debt",0.00391636242947231,0.0314038019985959,0.023586605245732,0.0300874962057497,0.0170857142857143,0.626365012017945,0.833374690664766,0.419355333371124,0.343844947333489,0.358366643020816,0.178212014938812
"Cohen1099","Accounting","female, working class, no debt","female, working class, no info",-0.0751726644856427,0.0321238006957883,-0.0457246585802079,0.013290609579511,-0.104739926739927,0.916703667299731,2.75382340037839,-0.920416065778932,1.40951350300614,2.52681633067829,0.281022404779633
"HamiltonS31","belief_man_first","MAN ACCUSER","WOMAN ACCUSER",0.389450549450562,0.0599804377210415,0.329918817540545,0.478551920795376,0.181285714285714,-0.992519130768754,1.4855071875135,-3.47054544905101,-3.02172148556415,-2.19158833311551,-4.68618116322173
"HamiltonS31","belief_man_first","MAN ACCUSER","NOT THE FIRST ALLEGATION AGAINST MAN",0.444187391555815,0.064334567636574,0.442613665910001,0.679818240910911,0.205409090909091,-0.0244615873491935,3.66258541887114,-3.71150859356953,-2.55898244029585,-1.19199022080199,-4.9948176198395
"HamiltonS31","belief_man_first","MAN ACCUSER","RAPE LANGUAGE",0.405006105006123,0.061547579771443,0.339393817161693,0.523546893582645,0.155240740740741,-1.06604172069936,1.92600243611078,-4.0580858775095,-3.10005477165295,-1.99077754507592,-5.07354676554322
"HamiltonS31","belief_man_first","MAN ACCUSER","SOFT DENIAL",0.309450549450551,0.0599804377210411,0.309186006350463,0.490538679367593,0.127833333333333,-0.00441048965527562,3.01911984636145,-3.027940825672,-1.90679919507545,-0.749090635381593,-3.8872064794401
"HamiltonS31","belief_man_first","MAN ACCUSER","NEITHER HAD BEEN DRINKING",0.347203358439316,0.0617211765877416,0.325966455368883,0.498342001646857,0.153590909090909,-0.344078065981834,2.4487323729593,-3.13688850492297,-2.29255720251194,-1.27084477383095,-4.13880401148686
"HamiltonS31","belief_man_first","RAPE LANGUAGE","WOMAN ACCUSER",-0.0155555555555515,0.0601546478983108,-0.00947499962114795,-0.0449949727872695,0.0260449735449736,0.101082063428956,-0.489395553964246,0.691559680822159,0.147669756822424,-0.18772967023273,0.511445935641943
"HamiltonS31","belief_man_first","RAPE LANGUAGE","SOFT DENIAL",-0.0955555555555558,0.0601546478983104,-0.0302078108112299,-0.0330082142150524,-0.0274074074074073,1.08632910385901,1.03977570355391,1.13288250416411,1.25936318941468,1.25059049860824,1.30810675796542
"HamiltonS31","belief_man_first","ATTEMPTED RAPE LANGUAGE","WOMAN ACCUSER",-0.0349999999999956,0.0605133550006281,-0.00638657483068095,-0.0491043184925307,0.0363311688311688,0.472844798788924,-0.233077780803737,1.17876737838158,0.500432134198401,0.0977611952467703,0.931746596479085
"HamiltonS31","belief_man_first","ATTEMPTED RAPE LANGUAGE","FIRST ALLEGATION AGAINST MAN",-0.449468085106388,0.0614107037705949,-0.162979817485386,-0.0655050895162265,-0.260454545454545,4.6651194340844,6.25237901562714,3.07785985254166,5.62780923502866,6.70014736661132,4.767051846311
"HamiltonS31","belief_man_first","ATTEMPTED RAPE LANGUAGE","NOT THE FIRST ALLEGATION AGAINST MAN",0.019736842105259,0.0648317037969015,0.106308273538775,0.152162001623004,0.0604545454545454,1.33532556393579,2.04259878673857,0.628052341133018,0.723349428337932,0.935994373148457,0.248688173121208
"HamiltonS31","belief_man_first","ATTEMPTED RAPE LANGUAGE","MAN ACCUSER",-0.424450549450565,0.0618982152035436,-0.336305392371226,-0.527656239287906,-0.144954545454545,1.42403390452352,-1.66734516492864,4.51541297397569,3.40645259835492,2.18100571305422,5.44511392091819
"HamiltonS31","belief_man_first","ATTEMPTED RAPE LANGUAGE","RAPE LANGUAGE",-0.0194444444444426,0.0620670427839603,0.003088424790467,-0.00410934570526122,0.0102861952861952,0.363040805944966,0.247073133362564,0.479008478527368,0.333931430947679,0.239108309489732,0.405976901216343
"HamiltonS31","belief_man_first","ATTEMPTED RAPE LANGUAGE","INAPPROPRIATE TOUCHING LANGUAGE",-0.137135922330094,0.0600994335262062,0.0140812904082673,0.00992147409716715,0.0182411067193675,2.51611710570323,2.44690153964824,2.58533267175821,2.41894923337771,2.33223463759118,2.45697926033315
"HamiltonS31","belief_man_first","ATTEMPTED RAPE LANGUAGE","SOFT DENIAL",-0.115000000000002,0.0605133550006281,-0.0271193860207629,-0.0371175599203136,-0.0171212121212121,1.45225155634366,1.28702895549056,1.61747415719676,1.60553574327377,1.52755538399686,1.72368502495907
"HamiltonS31","belief_man_first","ATTEMPTED RAPE LANGUAGE","CONSENT",-0.122422680412373,0.0609498027312416,-0.0668825449730249,-0.0521994333803932,-0.0815656565656566,0.91124389170303,1.15214888129548,0.670338902110579,1.30277635702669,1.50377151529333,1.19861062418066
"HamiltonS31","belief_man_first","ATTEMPTED RAPE LANGUAGE","BOTH HAD BEEN DRINKING",-0.0892857142857155,0.0631534219547856,-0.0641116541708421,-0.026102096220472,-0.102121212121212,0.398617514865571,1.0004781389436,-0.203243109212454,0.760391379929925,1.15142463504998,0.436755143964203
"HamiltonS31","belief_man_first","ATTEMPTED RAPE LANGUAGE","NEITHER HAD BEEN DRINKING",-0.0772471910112386,0.0622391907370227,-0.0103389370023428,-0.0293142376410492,0.00863636363636366,1.07501805882408,0.770141012480689,1.37989510516747,1.12513797179381,0.946835105642906,1.31766585887956
"HamiltonS31","belief_man_first","INAPPROPRIATE TOUCHING LANGUAGE","WOMAN ACCUSER",0.102135922330105,0.058122334553892,-0.0204678652389483,-0.0590257925896979,0.0180900621118013,-2.10940920577395,-2.77280181804072,-1.44601659350718,-1.99180437098398,-2.35052580313293,-1.57769687953572
"HamiltonS31","belief_man_first","INAPPROPRIATE TOUCHING LANGUAGE","NOT THE FIRST ALLEGATION AGAINST MAN",0.156872764435359,0.0626058260689185,0.0922269831305075,0.142240527525837,0.0422134387351779,-1.03258411179955,-0.233720051763455,-1.83144817183564,-1.58380102544911,-1.30741498362897,-2.10778562840972
"HamiltonS31","belief_man_first","INAPPROPRIATE TOUCHING LANGUAGE","MAN ACCUSER",-0.287314627120466,0.0595628129452153,-0.350386682779493,-0.537577713385073,-0.163195652173913,-1.05891667200204,-4.20166667572928,2.08383333172519,1.0879638721318,-0.126480662366329,3.17245417939269
"HamiltonS31","belief_man_first","INAPPROPRIATE TOUCHING LANGUAGE","RAPE LANGUAGE",0.117691477885651,0.0597382410228865,-0.0109928656178003,-0.0140308198024284,-0.00795491143317228,-2.15413680249055,-2.20499123229314,-2.10328237268797,-2.09790259721818,-2.13754468091006,-2.05705341535236
"HamiltonS31","belief_man_first","INAPPROPRIATE TOUCHING LANGUAGE","SOFT DENIAL",0.0221359223300986,0.0581223345538915,-0.0412006764290302,-0.0470390340174808,-0.0353623188405796,-1.08971188520314,-1.19016135326498,-0.989262417141303,-0.841239316745726,-0.861913138384502,-0.753179908063877
"HamiltonS31","belief_man_first","INAPPROPRIATE TOUCHING LANGUAGE","NEITHER HAD BEEN DRINKING",0.059888731318863,0.059917080237291,-0.0244202274106101,-0.0392357117382164,-0.00960474308300385,-1.40709391037718,-1.65436037044052,-1.15982745031384,-1.26881133515998,-1.39532256833589,-1.10272532373472
"HamiltonS31","belief_man_first","SOFT DENIAL","WOMAN ACCUSER",0.0800000000000072,0.0585502348181075,0.0207328111900819,-0.0119867585722171,0.0534523809523809,-1.01224510873518,-1.57107411879715,-0.453416098673204,-1.15366225208737,-1.5181761106319,-0.825655577644348
"HamiltonS31","belief_man_first","CONSENT","WOMAN ACCUSER",0.087422680412377,0.059001206062255,0.060495970142344,0.00309511488786252,0.117896825396825,-0.456375590723032,-1.42925155522306,0.516500373777,-0.843962465322122,-1.49330241918847,-0.289679590662733
"HamiltonS31","belief_man_first","CONSENT","FIRST ALLEGATION AGAINST MAN",-0.327045404694015,0.0599212042683424,-0.0960972725123611,-0.0133056561358332,-0.178888888888889,3.85419710771181,5.23587188189969,2.47252233352393,4.43132107133399,5.2975948558656,3.65936322018533
"HamiltonS31","belief_man_first","CONSENT","NOT THE FIRST ALLEGATION AGAINST MAN",0.142159522517631,0.0634225985006752,0.1731908185118,0.204361435003398,0.142020202020202,0.489278218296879,0.980753137781074,-0.00219670118731596,-0.523183464892763,-0.525686308882056,-0.904278303984812
"HamiltonS31","belief_man_first","CONSENT","MAN ACCUSER",-0.302027869038193,0.0604207350894779,-0.269422847398201,-0.475456805907513,-0.0633888888888888,0.539632985128482,-2.87035463260231,3.94962060285927,2.16441764742231,0.678208553157249,4.36221563856176
"HamiltonS31","belief_man_first","CONSENT","RAPE LANGUAGE",0.102978235967924,0.0605936794006986,0.0699709697634919,0.048090087675132,0.0918518518518519,-0.544731175444203,-0.905839500681632,-0.183622850206775,-0.979499757915673,-1.30676593283486,-0.796729503216637
"HamiltonS31","belief_man_first","CONSENT","INAPPROPRIATE TOUCHING LANGUAGE",-0.0147132419177256,0.058576600221757,0.0809638353812923,0.0621209074775604,0.0998067632850241,1.63336685531095,1.31168673334421,1.95504697727769,1.11477702174071,0.787745938372768,1.26652116488011
"HamiltonS31","belief_man_first","CONSENT","SOFT DENIAL",0.0074226804123709,0.059001206062255,0.0397631589522621,0.0150818734600796,0.0644444444444445,0.548132499287679,0.129814177690319,0.966450820885038,0.289463975789806,-0.0268638648583087,0.522555522136201
"HamiltonS31","belief_man_first","CONSENT","NEITHER HAD BEEN DRINKING",0.0451754894011343,0.0607700012092163,0.0565436079706821,0.022885195739344,0.0902020202020203,0.187067933903938,-0.366797650456682,0.740933518264557,-0.165376891292268,-0.577460099163479,0.140462378879889
"HamiltonS31","belief_man_first","BOTH HAD BEEN DRINKING","WOMAN ACCUSER",0.0542857142857207,0.0612749424187629,0.0577250793401611,-0.0230022222720587,0.138452380952381,0.0561300413949842,-1.26133021928574,1.37359030207571,-0.300484313852849,-1.12882149919544,0.463175530757794
"HamiltonS31","belief_man_first","BOTH HAD BEEN DRINKING","FIRST ALLEGATION AGAINST MAN",-0.360182370820671,0.0621612980285196,-0.0988681633145439,-0.0394029932957545,-0.158333333333333,4.20380873298747,5.16043563597631,3.24718182999862,4.77648872862974,5.4113483074059,4.25901579605053
"HamiltonS31","belief_man_first","BOTH HAD BEEN DRINKING","NOT THE FIRST ALLEGATION AGAINST MAN",0.109022556390975,0.0655431327615629,0.170419927709617,0.178264097843476,0.162575757575758,0.936747584861366,1.05642709670886,0.817068073013872,-0.0274477350117813,-0.219736526393713,-0.181242185234413
"HamiltonS31","belief_man_first","BOTH HAD BEEN DRINKING","MAN ACCUSER",-0.335164835164849,0.062642968323467,-0.272193738200384,-0.501554143067434,-0.0428333333333333,1.00523807619243,-2.65615299459322,4.66662914697809,2.58861216085368,0.956468576008195,4.93336735102689
"HamiltonS31","belief_man_first","BOTH HAD BEEN DRINKING","RAPE LANGUAGE",0.0698412698412691,0.0628097941004158,0.0672000789613091,0.0219927505152108,0.112407407407407,-0.04205062152787,-0.761800289451062,0.677699046395322,-0.445294406845002,-0.959143163343255,-0.0446470638770088
"HamiltonS31","belief_man_first","BOTH HAD BEEN DRINKING","INAPPROPRIATE TOUCHING LANGUAGE",-0.047850208044381,0.0608662003509465,0.0781929445791094,0.0360235703176391,0.12036231884058,2.07082341096934,1.37800253471409,2.76364428722459,1.58844303862655,1.06925764901805,1.96596801599757
"HamiltonS31","belief_man_first","BOTH HAD BEEN DRINKING","SOFT DENIAL",-0.0257142857142853,0.0612749424187627,0.0369922681500792,-0.0110154636998416,0.0850000000000001,1.02336373383785,0.239883081635387,1.80684438604032,0.790883941565961,0.28320175054287,1.24527094153332
"HamiltonS31","belief_man_first","BOTH HAD BEEN DRINKING","CONSENT",-0.0331369661266563,0.0617060036622683,-0.00277089080218285,-0.0260973371599212,0.0205555555555555,0.492108928179407,0.114083371940024,0.870134484418791,0.49766592748794,0.268535409020578,0.730123810246481
"HamiltonS31","belief_man_first","BOTH HAD BEEN DRINKING","NEITHER HAD BEEN DRINKING",0.0120385232744781,0.062979911865532,0.0537727171684993,-0.00321214142057724,0.110757575757576,0.662658817038799,-0.2421512549528,1.5674688890304,0.338722138226299,-0.256495747015151,0.85754959847163
"HamiltonS31","belief_man_first","NEITHER HAD BEEN DRINKING","WOMAN ACCUSER",0.0422471910112433,0.0603322527958553,0.00395236217166184,-0.0197900808514815,0.0276948051948052,-0.634732287706191,-1.0282604906639,-0.241204084748479,-0.669932189177206,-0.917955400436127,-0.43172299453069
"HamiltonS31","belief_man_first","NEITHER HAD BEEN DRINKING","NOT THE FIRST ALLEGATION AGAINST MAN",0.0969840331164976,0.0646626972156291,0.116647210541118,0.181476239264054,0.0518181818181818,0.304088419928567,1.30666071453533,-0.6984838746782,-0.368146871834674,-0.00952736676146564,-1.02542978076642
"HamiltonS31","belief_man_first","NEITHER HAD BEEN DRINKING","RAPE LANGUAGE",0.0578027465667924,0.0618904871037295,0.0134273617928098,0.025204891935788,0.00164983164983157,-0.716998473442432,-0.526702182459314,-0.90729476442555,-0.807478039212841,-0.750639261163344,-0.924732545959037
"HamiltonS31","belief_man_first","NEITHER HAD BEEN DRINKING","SOFT DENIAL",-0.0377528089887627,0.0603322527958551,-0.0167804490184201,-0.00780332227926439,-0.0257575757575758,0.347614401890583,0.496409222623224,0.198819581157941,0.43848866218287,0.516130669819367,0.362592633354186
"HamiltonS31","belief_man_first","FIRST ALLEGATION AGAINST MAN","WOMAN ACCUSER",0.414468085106395,0.0594772090924184,0.156593242654705,0.0164007710236957,0.296785714285714,-4.33569171093742,-6.69277056131138,-1.97861286056346,-5.31293535781632,-6.85830485176739,-3.9810942129159
"HamiltonS31","belief_man_first","FIRST ALLEGATION AGAINST MAN","NOT THE FIRST ALLEGATION AGAINST MAN",0.469204927211648,0.0638656565393357,0.269288091024161,0.217667091139231,0.320909090909091,-3.13027136993973,-3.93854615614092,-2.32199658373854,-4.68773727390954,-5.52952241911634,-4.33792780840446
"HamiltonS31","belief_man_first","FIRST ALLEGATION AGAINST MAN","MAN ACCUSER",0.0250175356558295,0.0608856412742378,-0.17332557488584,-0.46215114977168,0.1155,-3.25763359620872,-8.00137233068188,1.48610513826445,-2.22430208032444,-4.57954162556493,0.720618965079113
"HamiltonS31","belief_man_first","FIRST ALLEGATION AGAINST MAN","RAPE LANGUAGE",0.430023640661938,0.0610572687559587,0.166068242275853,0.0613957438109652,0.270740740740741,-4.32307903324492,-6.03741216012054,-2.6087459063693,-5.33196562478883,-6.53465102608807,-4.38882552797329
"HamiltonS31","belief_man_first","FIRST ALLEGATION AGAINST MAN","INAPPROPRIATE TOUCHING LANGUAGE",0.312332162776287,0.0590560257565831,0.177061107893653,0.0754265636133936,0.278695652173913,-2.29055465804952,-4.0115398238847,-0.569569492214344,-3.4019206902821,-4.63395065153751,-2.46383704094231
"HamiltonS31","belief_man_first","FIRST ALLEGATION AGAINST MAN","SOFT DENIAL",0.33446808510639,0.0594772090924189,0.135860431464623,0.0283875295959128,0.243333333333333,-3.33922281614055,-5.14618221300319,-1.53226341927791,-4.18857986049392,-5.40360237594629,-3.17535951230504
"HamiltonS31","belief_man_first","FIRST ALLEGATION AGAINST MAN","NEITHER HAD BEEN DRINKING",0.372220894095149,0.0612322556467644,0.152640880483043,0.0361908518751772,0.269090909090909,-3.5860186970543,-5.48779460548467,-1.68424278862393,-4.51157179842462,-5.795939331585,-3.44846072601392
"HamiltonS31","belief_man_first","NOT THE FIRST ALLEGATION AGAINST MAN","WOMAN ACCUSER",-0.0547368421052601,0.0630032830972545,-0.112694848369456,-0.201266320115535,-0.0241233766233766,-0.919920413904929,-2.32574352965203,0.485902701842176,-0.274379625813318,-0.906844432299537,0.6323600285334
"HamiltonS31","belief_man_first","NOT THE FIRST ALLEGATION AGAINST MAN","RAPE LANGUAGE",-0.0391812865497104,0.0644970181291128,-0.103219848748308,-0.156271347328266,-0.0501683501683502,-0.992891827501273,-1.8154337080229,-0.170349946979649,-0.416197663067564,-0.747465388787122,0.13419893325119
"HamiltonS31","belief_man_first","NOT THE FIRST ALLEGATION AGAINST MAN","SOFT DENIAL",-0.134736842105264,0.0630032830972535,-0.133427659559538,-0.189279561543318,-0.0775757575757575,0.0207795924492606,-0.8657123368295,0.907271521728022,0.787049615980688,0.466443419828885,1.39300056828547
"KrupnikovS34","partisanship","Feel","Think",0.00195566571739955,0.0152123546914199,-0.010075419241298,0.00318249485073729,-0.0233333333333333,-0.790875916499851,0.0806468924912525,-1.66239872549095,-0.55119008115891,-0.0892042878564766,-1.07569410780526
"Melin1066","Capable","<U+201C>Military/Automotive<U+201D>","<U+201C>Military/Wedding<U+201D>",-0.0565750915750886,0.0152582247106405,-0.066635912491227,-0.0105575392681682,-0.122714285714286,-0.659370346611972,3.01591785280431,-4.33465854602825,0.877918910847446,3.22426231130908,-1.29443133790896
"Melin1066","Capable","<U+201C>Military/Automotive<U+201D>","<U+201C>Military/Consulting<U+201D>",-0.0249084249084224,0.0156568847816076,-0.0311321817669526,-0.00382280509234667,-0.0584415584415585,-0.397509271182817,1.3467314928986,-2.14175003526424,0.311326811708943,1.35596895685717,-0.713265026501735
"Melin1066","Capable","<U+201C>Military/Consulting<U+201D>","<U+201C>Military/Wedding<U+201D>",-0.0316666666666662,0.0153025414601118,-0.0355037307242744,-0.00673473417582149,-0.0642727272727273,-0.250746849313235,1.62926743612054,-2.13076113474701,0.573940595799856,1.72445427164762,-0.526772187400075
"Melin1066","Capable","<U+201C>Cosmetics/Automotive<U+201D>","<U+201C>Military/Automotive<U+201D>",0.1016761016761,0.0155851596434254,0.133877212053759,0.0503328213200607,0.217421602787456,2.06613927058762,-3.29436987048756,7.4266484116628,-0.907093779103833,-4.8506712239639,2.24594116222362
"Melin1066","Capable","<U+201C>Cosmetics/Automotive<U+201D>","<U+201C>Military/Wedding<U+201D>",0.0451010101010097,0.0152291475528004,0.0672412995625316,0.0397752820518925,0.0947073170731707,1.45381016138692,-0.349706247881079,3.25732657065491,-0.0658862290071987,-1.63004726863906,0.967248142794448
"Melin1066","Capable","<U+201C>Cosmetics/Automotive<U+201D>","<U+201C>Military/Consulting<U+201D>",0.0767676767676762,0.0156285493545978,0.102745030286806,0.046510016227714,0.158980044345898,1.66217304816505,-1.93605048385765,5.26039658018776,-0.609427457803403,-3.37782466698786,1.49173029725575
"Melin1066","Capable","<U+201C>Cosmetics/Automotive<U+201D>","<U+201C>Cosmetics/Wedding<U+201D>",0.00416377515614233,0.0157484855652557,0.065902391341084,0.00625131176284344,0.125553470919325,3.92028909250483,0.132554752522149,7.70802343248751,2.48030089543096,-0.146473137044283,4.76138261311035
"Melin1066","Capable","<U+201C>Cosmetics/Automotive<U+201D>","<U+201C>Cosmetics/Consulting<U+201D>",0.0117845117845118,0.0152658886135629,0.0567984545137248,0.00607563846590686,0.107521270561543,2.94866180860383,-0.373962725860119,6.27128634306778,1.67073196627578,-0.656626718749638,3.67298758632769
"Melin1066","Capable","<U+201C>Cosmetics/Wedding<U+201D>","<U+201C>Military/Automotive<U+201D>",0.097512326519958,0.0157766055834105,0.0679748207126746,0.0440815095572172,0.0918681318681319,-1.8722345342995,-3.38671184243363,-0.357757226165373,-3.35538022830155,-4.74560202966817,-2.50110525560875
"Melin1066","Capable","<U+201C>Cosmetics/Wedding<U+201D>","<U+201C>Military/Wedding<U+201D>",0.0409372349448677,0.0154250127328443,0.00133890822144761,0.0335239702890491,-0.0308461538461539,-2.56715034270953,-0.480600229264878,-4.65370045615419,-2.58039982708687,-1.5620885936449,-3.87240769593366
"Melin1066","Capable","<U+201C>Cosmetics/Wedding<U+201D>","<U+201C>Military/Consulting<U+201D>",0.0726039016115343,0.0158194702045466,0.036842638945722,0.0402587044648706,0.0334265734265734,-2.26058535484547,-2.04464477813976,-2.47652593155118,-3.05470256354318,-3.29097655741307,-3.23327655525524
"Melin1066","Capable","<U+201C>Cosmetics/Consulting<U+201D>","<U+201C>Military/Automotive<U+201D>",0.089891589891588,0.015294895923057,0.0770787575400337,0.0442571828541538,0.109900332225914,-0.837719486030566,-2.98363632332016,1.30819735125903,-2.57476323431664,-4.39049938953773,-1.34331121063799
"Melin1066","Capable","<U+201C>Cosmetics/Consulting<U+201D>","<U+201C>Military/Wedding<U+201D>",0.0333164983164977,0.0149319648864795,0.0104428450488068,0.0336996435859857,-0.0128139534883721,-1.53185822774084,0.0256594006482641,-3.08937585612994,-1.75776769094262,-1.09683998767978,-2.73365175618319
"Melin1066","Capable","<U+201C>Cosmetics/Consulting<U+201D>","<U+201C>Military/Consulting<U+201D>",0.0649831649831642,0.0153391067248124,0.0459465757730811,0.0404343777618071,0.0514587737843551,-1.24104940082916,-1.60040526881837,-0.88169353283996,-2.26662491255649,-2.8909274917192,-2.10152890425
"Melin1066","Capable","<U+201C>Cosmetics/Consulting<U+201D>","<U+201C>Cosmetics/Wedding<U+201D>",-0.00762073662837079,0.0154612883611021,0.00910393682735916,0.000175673296936574,0.0180322003577817,1.08171279553949,0.504253574684098,1.65917201639489,0.893680280063436,0.397090071809924,1.25703681202569
"Melin1066","masculine","<U+201C>Military/Automotive<U+201D>","<U+201C>Military/Wedding<U+201D>",-0.0129151691928421,0.0231594673845887,-0.0727916394408257,0.0369881496897772,-0.182571428571429,-2.5853992776979,2.1547697127019,-7.32556826809769,-1.48006338195831,1.36706770578918,-4.35654803558457
"Melin1066","masculine","<U+201C>Military/Automotive<U+201D>","<U+201C>Military/Consulting<U+201D>",-0.034895522243106,0.0238022981749728,-0.0837913342134901,0.0497766389323273,-0.217359307359307,-2.05424751891379,3.55731032999423,-7.66580536782181,-0.817906195030337,2.54881036429869,-4.23070046971399
"Melin1066","masculine","<U+201C>Military/Consulting<U+201D>","<U+201C>Military/Wedding<U+201D>",0.0219803530502606,0.0232061054858814,0.0109996947726643,-0.0127884892425502,0.0347878787878788,-0.473179710584219,-1.49826270133798,0.551903280169538,-0.626893587697249,-1.31796007371649,0.0141051060771829
"Melin1066","masculine","<U+201C>Cosmetics/Automotive<U+201D>","<U+201C>Military/Automotive<U+201D>",0.139620937313354,0.0238022981749739,0.328243646535293,0.142062205962573,0.514425087108014,7.92455870585889,0.102564409170581,15.7465530025472,3.13538299519577,-2.6527959521174,7.6905485401012
"Melin1066","masculine","<U+201C>Cosmetics/Automotive<U+201D>","<U+201C>Military/Wedding<U+201D>",0.126705768120505,0.0232061054858814,0.255452007094468,0.17905035565235,0.331853658536585,5.54794681306144,2.25563861043775,8.84025501568513,1.7275698235283,-1.28864122262998,3.51783002713921
"Melin1066","masculine","<U+201C>Cosmetics/Automotive<U+201D>","<U+201C>Military/Consulting<U+201D>",0.104725415070242,0.0238476791469174,0.244452312321803,0.1918388448949,0.297065779748707,5.8591402706633,3.65291017578615,8.06537036554045,2.3020940406453,-0.0376288108595612,3.43136421189878
"Melin1066","masculine","<U+201C>Cosmetics/Automotive<U+201D>","<U+201C>Cosmetics/Wedding<U+201D>",-0.0291910055901006,0.0242595029272223,-0.0531211129316544,-0.0264548587588685,-0.0797873671044403,-0.986421997736033,0.112786599108831,-2.0856305945809,-0.213443548712804,0.539073527686558,-0.83482490168275
"Melin1066","masculine","<U+201C>Cosmetics/Automotive<U+201D>","<U+201C>Cosmetics/Consulting<U+201D>",-0.0342129404781159,0.0233598582568237,-0.00529425018218377,0.000999701564163374,-0.0115882019285309,1.23796514422277,1.50739964494405,0.968530643501491,1.32805544197634,1.42057754186715,1.17630235430627
"Melin1066","masculine","<U+201C>Cosmetics/Wedding<U+201D>","<U+201C>Military/Automotive<U+201D>",0.168811942903457,0.0242148937637961,0.381364759466948,0.168517064721441,0.594212454212454,8.77777200415725,-0.0121775542313698,17.5677215625459,3.30660253495259,-3.21281740859749,8.41744057458271
"Melin1066","masculine","<U+201C>Cosmetics/Wedding<U+201D>","<U+201C>Military/Wedding<U+201D>",0.155896773710605,0.0236291136821382,0.308573120026122,0.205505214411218,0.411641025641026,6.46136576975922,2.09946261074165,10.8232689287768,1.92685499465116,-1.88579803403668,4.33405314582734
"Melin1066","masculine","<U+201C>Cosmetics/Wedding<U+201D>","<U+201C>Military/Consulting<U+201D>",0.133916420660342,0.0242595029272217,0.297573425253458,0.218293703653768,0.376853146853147,6.74609884151729,3.47811260793585,10.0140850750987,2.48724421052412,-0.641099359567063,4.22946722632284
"Melin1066","masculine","<U+201C>Cosmetics/Consulting<U+201D>","<U+201C>Military/Automotive<U+201D>",0.173833877791473,0.0233135277359502,0.333537896717477,0.141062504398409,0.526013289036545,6.85027254282651,-1.40568058872227,15.1062256743753,1.88164606932325,-4.19948741942794,6.69554336154911
"Melin1066","masculine","<U+201C>Cosmetics/Consulting<U+201D>","<U+201C>Military/Wedding<U+201D>",0.160918708598621,0.0227045041546035,0.260746257276651,0.178050654088186,0.343441860465116,4.39681694866653,0.754561534262436,8.03907236307062,0.410872414456599,-2.84818245249535,2.40829487862841
"Melin1066","masculine","<U+201C>Cosmetics/Consulting<U+201D>","<U+201C>Military/Consulting<U+201D>",0.138938355548358,0.0233598582568232,0.249746562503987,0.190839143330737,0.308653981677237,4.74353079275483,2.22179378024346,7.26526780526619,1.03331478573114,-1.5265326354275,2.34907586100978
"Melin1066","masculine","<U+201C>Cosmetics/Consulting<U+201D>","<U+201C>Cosmetics/Wedding<U+201D>",0.00502193488801593,0.0237801316094015,-0.0478268627494706,-0.0274545603230318,-0.0681991651759094,-2.22239298358604,-1.36569871624294,-3.07908725092914,-1.5113266866264,-0.911877642782691,-1.98520477242823
"Silverman1035","Americans_Killed","Control group: No Corrective Information","Treatment 1: Corrective Information, No Elite Endorsement",-0.102275396359369,0.0190271980335283,-0.319461420864633,-0.441980312993634,-0.196942528735632,-11.4145038130446,-17.8536490783174,-4.97535854777189,-5.60798417609123,-7.64081845298139,-1.02446550208284
"Silverman1035","Americans_Killed","Control group: No Corrective Information","Treatment 2: Corrective Information, Democratic Endorsement",-0.0738015607580834,0.0187852978877752,-0.342946744724426,-0.45109779052412,-0.234795698924731,-14.327437636296,-20.084655139356,-8.57022013323607,-8.01471795229448,-9.52575753686575,-3.80012285292169
"Silverman1035","Americans_Killed","Control group: No Corrective Information","Treatment 3: Corrective Information, Republican Endorsement",-0.0758747570119407,0.0187688425373258,-0.317531576344447,-0.449858024483765,-0.185205128205128,-12.8754247286118,-19.925750174955,-5.82509928226851,-7.02446022757155,-9.38679533172574,-2.05827153137236
"Silverman1035","Americans_Killed","Control group: No Corrective Information","Treatment 4: Corrective Information, Military Endorsement",-0.0647435897435898,0.0191005230145646,-0.308453657166822,-0.45109779052412,-0.165809523809524,-12.7593400053704,-20.2274147407338,-5.29126527000695,-7.17398804016153,-9.84277570870076,-1.97703536336638
"Silverman1035","Americans_Killed","Treatment 1: Corrective Information, No Elite Endorsement","Treatment 2: Corrective Information, Democratic Endorsement",0.028473835601284,0.0187483415871595,-0.0234853238597925,-0.00911747753048597,-0.037853170189099,-2.7714002979689,-2.00504737749796,-3.53775321843984,-2.32635923967407,-1.8466576438737,-2.76359196598462
"Silverman1035","Americans_Killed","Treatment 1: Corrective Information, No Elite Endorsement","Treatment 3: Corrective Information, Republican Endorsement",0.026400639347425,0.0187318537717787,0.00192984452018654,-0.00787771149013089,0.011737400530504,-1.30637336407708,-1.82994973456388,-0.782796993590275,-1.32915309311298,-1.70067838797674,-1.0173953356198
"Silverman1035","Americans_Killed","Treatment 1: Corrective Information, No Elite Endorsement","Treatment 4: Corrective Information, Military Endorsement",0.0375318066157762,0.0190641777941321,0.0110077636978112,-0.00911747753048597,0.0311330049261084,-1.39130274614461,-2.44696019151798,-0.335645300771238,-1.57800863229871,-2.29119450039015,-0.954079218025223
"Silverman1035","Americans_Killed","Treatment 2: Corrective Information, Democratic Endorsement","Treatment 3: Corrective Information, Republican Endorsement",-0.00207319625385757,0.0184860892958097,0.025415168379979,0.00123976604035508,0.049590570719603,1.48697564930985,0.179213799154567,2.79473749946514,1.0254812172072,0.0921756997899522,1.77625622354579
"Silverman1035","Americans_Killed","Treatment 2: Corrective Information, Democratic Endorsement","Treatment 4: Corrective Information, Military Endorsement",0.00905797101449402,0.0188227528988622,0.0344930875576037,0,0.0689861751152074,1.35129631036315,-0.481224561739934,3.18381718246623,0.731625266513589,-0.53758938860436,1.79065177950367
"Silverman1035","Americans_Killed","Treatment 3: Corrective Information, Republican Endorsement","Treatment 4: Corrective Information, Military Endorsement",0.0111311672683526,0.0188063303212011,0.00907791917762466,-0.00123976604035508,0.0193956043956044,-0.109178561455621,-0.657806871272567,0.439449748361326,-0.263032426247878,-0.685078982883968,0.0505112069389516
"Silverman1035","Terrorism_worry","Control group: No Corrective Information","Treatment 1: Corrective Information, No Elite Endorsement",0.0328688063063083,0.0242264908070761,0.179630640628558,0.158226798498495,0.201034482758621,6.05790725082573,5.17441808598923,6.94139641566224,3.50907547071918,2.24345619363473,3.78069350188655
"Silverman1035","Terrorism_worry","Control group: No Corrective Information","Treatment 2: Corrective Information, Democratic Endorsement",0.0513800182481785,0.0238945817091163,0.150472642748938,0.173848511304327,0.127096774193548,4.14707508618798,5.12536668551198,3.16878348686398,1.98394230224837,1.86468271521077,1.14403304337496
"Silverman1035","Terrorism_worry","Control group: No Corrective Information","Treatment 3: Corrective Information, Republican Endorsement",0.0611123783455021,0.0238945817091159,0.140918292222268,0.178759661367614,0.103076923076923,3.3399167580456,4.92359667368558,1.75623684240562,1.3147691787778,1.572054009058,0.114781684018485
"Silverman1035","Terrorism_worry","Control group: No Corrective Information","Treatment 4: Corrective Information, Military Endorsement",0.0405159883720952,0.0242498181089085,0.157142530430163,0.180713632288897,0.133571428571429,4.80937801406533,5.78138950515669,3.83736652297397,2.58301673081737,2.44332383155574,1.74047134285397
"Silverman1035","Terrorism_worry","Treatment 1: Corrective Information, No Elite Endorsement","Treatment 2: Corrective Information, Democratic Endorsement",0.0185112119418685,0.0238229315357196,-0.02915799787962,0.0156217128058322,-0.0739377085650723,-2.00098001163351,-0.12129066197012,-3.88066936129691,-1.56856649133729,-0.455703721557791,-2.69386576580351
"Silverman1035","Terrorism_worry","Treatment 1: Corrective Information, No Elite Endorsement","Treatment 3: Corrective Information, Republican Endorsement",0.0282435720391921,0.0238229315357199,-0.0387123484062894,0.0205328628691188,-0.0979575596816976,-2.81056596015853,-0.323667520032616,-5.29746440028445,-2.2397522290093,-0.749212541793305,-3.72621271556854
"Silverman1035","Terrorism_worry","Treatment 1: Corrective Information, No Elite Endorsement","Treatment 4: Corrective Information, Military Endorsement",0.00764718206578738,0.0241792206288192,-0.0224881101983948,0.0224868337904025,-0.0674630541871921,-1.24633017444177,0.61373573418358,-3.10639608306711,-0.915481852158133,0.158737392568677,-2.03918306577946
"Silverman1035","Terrorism_worry","Treatment 2: Corrective Information, Democratic Endorsement","Treatment 3: Corrective Information, Republican Endorsement",0.00973236009732494,0.0234853197803196,-0.00955435052666936,0.00491115006328657,-0.0240198511166253,-0.82122410102997,-0.205286114012315,-1.43716208804762,-0.670646640987929,-0.342902792603523,-1.04373988963469
"Silverman1035","Terrorism_worry","Treatment 2: Corrective Information, Democratic Endorsement","Treatment 4: Corrective Information, Military Endorsement",-0.0108640298760816,0.0238466536110498,0.00666988768122523,0.00686512098457026,0.0064746543778802,0.735277907051165,0.743464938511821,0.727090875590509,0.648790214040221,0.571711402795413,0.626959586397159
"Silverman1035","Terrorism_worry","Treatment 3: Corrective Information, Republican Endorsement","Treatment 4: Corrective Information, Military Endorsement",-0.0205963899734049,0.0238466536110495,0.0162242382078946,0.00195397092128369,0.0304945054945055,1.54405849901885,0.945640476961501,2.14247652107619,1.31930827234352,0.864928247542162,1.6582795823385
"Silverman1035","Terrorism_likely","Control group: No Corrective Information","Treatment 1: Corrective Information, No Elite Endorsement",0.033986824769434,0.0228761529067285,0.184450250938767,0.177946478889029,0.190954022988506,6.57730461860474,6.29300104377484,6.86160819343464,3.80531567541941,2.80796430317881,3.68235430818158
"Silverman1035","Terrorism_likely","Control group: No Corrective Information","Treatment 2: Corrective Information, Democratic Endorsement",0.0322783882783882,0.0224558128273244,0.188097800958941,0.243539687939387,0.132655913978495,6.9389344255199,9.40786696458097,4.47000188645883,4.05900432262172,4.56633803204051,2.22113007909942
"Silverman1035","Terrorism_likely","Control group: No Corrective Information","Treatment 3: Corrective Information, Republican Endorsement",0.0267160493827163,0.0225153679439153,0.17337459770033,0.230569708221174,0.116179487179487,6.51370871144249,9.05397856904879,3.97343885383619,3.86705599447304,4.47990548588628,2.00954273588642
"Silverman1035","Terrorism_likely","Control group: No Corrective Information","Treatment 4: Corrective Information, Military Endorsement",-0.0132958500669343,0.0229672954978194,0.190122155987055,0.241482407212205,0.138761904761905,8.85685500381629,11.0930891842851,6.62062082334752,6.01064468398251,6.39897868886238,4.32046162020031
"Silverman1035","Terrorism_likely","Treatment 1: Corrective Information, No Elite Endorsement","Treatment 2: Corrective Information, Democratic Endorsement",-0.00170843649104593,0.0223862088483907,0.00364755002017339,0.0655932090503579,-0.0582981090100111,0.239253843627227,3.00638870999553,-2.52788102274107,0.193713869432418,1.66372387757216,-1.53129337315024
"Silverman1035","Terrorism_likely","Treatment 1: Corrective Information, No Elite Endorsement","Treatment 3: Corrective Information, Republican Endorsement",-0.00727077538671772,0.0224459486437485,-0.011075653238437,0.0526232293321445,-0.0747745358090185,-0.169512900172254,2.66836593406995,-3.00739173441446,0.0114259541088795,1.58471174325666,-1.73356631528368
"Silverman1035","Terrorism_likely","Treatment 1: Corrective Information, No Elite Endorsement","Treatment 4: Corrective Information, Military Endorsement",-0.0472826748363684,0.0228992462616584,0.00567190504828755,0.0635359283231761,-0.052192118226601,2.3125031837105,4.83939959827825,-0.214393230857243,2.23747671900722,3.56653103485279,0.658195643865782
"Silverman1035","Terrorism_likely","Treatment 2: Corrective Information, Democratic Endorsement","Treatment 3: Corrective Information, Republican Endorsement",-0.00556233889567323,0.0220173969497217,-0.0147232032586104,-0.0129699797182133,-0.0164764267990075,-0.416073906641038,-0.336444895800171,-0.495702917481905,-0.174443496407162,-0.124222359237152,-0.20668753915211
"Silverman1035","Terrorism_likely","Treatment 2: Corrective Information, Democratic Endorsement","Treatment 4: Corrective Information, Military Endorsement",-0.0455742383453239,0.0224793380079552,0.00202435502811416,-0.00205728072718181,0.00610599078341012,2.11743750445825,1.93586473065808,2.29901027825842,2.09700447102865,1.92912536187478,2.19904176044048
"Silverman1035","Terrorism_likely","Treatment 3: Corrective Information, Republican Endorsement","Treatment 4: Corrective Information, Military Endorsement",-0.0400118994496512,0.0225388309632495,0.0167475582867246,0.0109126989910315,0.0225824175824176,2.51829643821919,2.25941613936044,2.77717673707795,2.27249253303202,1.99831006886916,2.39873533541273
"HankinsonS22","Clinic_support","Far Treatment","Near Treatment",0.106192476990801,0.0152080378402636,0.086068333969588,0.0428774086799168,0.129259259259259,-1.32325703240518,-4.16326346474863,1.51674939993828,-3.30193778783447,-5.50878613752402,-1.74805853028906
"Harbridge-Yong1032","Confidence_congress","Dem Majority - Control","Dem Majority -Bipartisan",-0.043603098290599,0.0180125512925039,-0.102987262503304,-0.145078691673276,-0.0608958333333334,-3.29682138017942,-5.63360468680006,-0.960038073558792,-1.22575222249309,-2.0088821925552,0.401572703839334
"Harbridge-Yong1032","Confidence_congress","Dem Majority - Control","Dem Majority -Minority",-0.0103531504065038,0.0177815421769167,-0.107623727176673,-0.0989790720004042,-0.116268382352941,-5.47031161877746,-4.98415270802276,-5.95647052953215,-3.28007175822799,-2.48291382917818,-3.37785855362778
"Harbridge-Yong1032","Confidence_congress","Dem Majority - Control","GOP Majority - Control",-0.0117807539682557,0.0176732615602156,-0.0813598226354502,-0.120399569513325,-0.0423200757575758,-3.93696819515332,-6.14594058798867,-1.72799580231797,-2.25915584677668,-3.08212947291435,-0.745041534553139
"Harbridge-Yong1032","Confidence_congress","Dem Majority - Control","GOP Majority -Bipartisan Green Energy",-0.0429845647773301,0.0177631766640793,-0.143616210492417,-0.211579011893924,-0.0756534090909091,-5.6651829578762,-9.49123291992729,-1.83913299582511,-2.75569745152681,-4.12528317736725,-0.138442551600199
"Harbridge-Yong1032","Confidence_congress","Dem Majority - Control","GOP Majority -Bipartisan Gas Tax",-0.0293568686006837,0.0170387402094939,-0.163561101489266,-0.177832430251258,-0.149289772727273,-7.87641757773875,-8.71399879480789,-7.03883636066961,-4.42902880422097,-4.01416392539898,-3.60142166202794
"Harbridge-Yong1032","Confidence_congress","Dem Majority - Control","GOP Majority -Minority Green Energy",-0.0292819656488551,0.0175024704634029,-0.166258115291119,-0.183306671758709,-0.149209558823529,-7.82610374510713,-8.80016946361457,-6.85203802659969,-4.4155284006266,-4.08363751934312,-3.50746313315701
"Harbridge-Yong1032","Confidence_congress","Dem Majority - Control","GOP Majority -Minority Gas Tax",-0.044744318181819,0.017469675080636,-0.164333581745352,-0.168771330157372,-0.159895833333333,-6.84553450545226,-7.09956031826993,-6.59150869263459,-3.46753795352766,-2.74984842442267,-3.00506963304915
"Harbridge-Yong1032","Confidence_congress","Dem Majority -Bipartisan","Dem Majority -Minority",0.0332499478840916,0.0181865465392689,-0.0046364646733682,0.0460996196728714,-0.0553725490196078,-2.08321093153416,0.70654820369741,-4.87297006676573,-1.94552554206586,-0.449754294123925,-3.64135069116847
"Harbridge-Yong1032","Confidence_congress","Dem Majority -Bipartisan","GOP Majority - Control",0.0318223443223445,0.0180806915523538,0.0216274398678543,0.024679122159951,0.0185757575757576,-0.56385589151666,-0.395074609934572,-0.732637173098748,-0.939361674196647,-1.02323081558239,-1.06895100384664
"Harbridge-Yong1032","Confidence_congress","Dem Majority -Bipartisan","GOP Majority -Bipartisan Green Energy",0.000618533513268546,0.0181685904250944,-0.0406289479891122,-0.0665003202206486,-0.0147575757575757,-2.27026315951346,-3.69422460210303,-0.846301716923889,-1.43145926885877,-2.05341049702692,-0.474403284568621
"Harbridge-Yong1032","Confidence_congress","Dem Majority -Bipartisan","GOP Majority -Bipartisan Gas Tax",0.0142462296899144,0.0174609822393296,-0.0605738389859611,-0.0327537385779828,-0.0883939393939394,-4.28498624248919,-2.69171388090832,-5.87825860407006,-3.00800533197145,-1.85703967078672,-3.86712194253261
"Harbridge-Yong1032","Confidence_congress","Dem Majority -Bipartisan","GOP Majority -Minority Green Energy",0.0143211326417426,0.0179137853386121,-0.0632708527878147,-0.0382279800854333,-0.0883137254901961,-4.33141203619942,-2.93344548535531,-5.72937858704353,-3.03343547368692,-1.98189186822302,-3.77080154107362
"Harbridge-Yong1032","Confidence_congress","Dem Majority -Bipartisan","GOP Majority -Minority Gas Tax",-0.00114121989122156,0.0178817443293033,-0.061346319242048,-0.023692638484096,-0.099,-3.36684711749103,-1.26114198802847,-5.47255224695358,-2.10462789237537,-0.674900540996295,-3.28030915080673
"Harbridge-Yong1032","Confidence_congress","Dem Majority -Minority","GOP Majority - Control",-0.00142760356175085,0.0178505642805974,0.0262639045412225,-0.0214204975129204,0.0739483065953654,1.55129595163961,-1.1200146749927,4.22260657827192,1.07904156656667,-0.590220967618211,2.68728254890952
"Harbridge-Yong1032","Confidence_congress","Dem Majority -Minority","GOP Majority -Bipartisan Green Energy",-0.0326314143708246,0.0179395907467039,-0.035992483315744,-0.11259993989352,0.0406149732620321,-0.187354828344504,-4.45765606650688,4.08294640981787,0.570704901306952,-1.6356354650555,3.27084631524825
"Harbridge-Yong1032","Confidence_congress","Dem Majority -Minority","GOP Majority -Bipartisan Gas Tax",-0.0190037181941788,0.0172225764299815,-0.0559373743125929,-0.0788533582508542,-0.0330213903743315,-2.14449076586004,-3.47506891898518,-0.813912612734902,-0.945091938529132,-1.42027491459258,-0.0131724943849888
"Harbridge-Yong1032","Confidence_congress","Dem Majority -Minority","GOP Majority -Minority Green Energy",-0.0189288152423515,0.0176814858901125,-0.0586343881144465,-0.0843275997583047,-0.0329411764705883,-2.24560159247128,-3.69871542032134,-0.792487764621213,-1.02335869812794,-1.55746198151285,-0.0142774254552947
"Harbridge-Yong1032","Confidence_congress","Dem Majority -Minority","GOP Majority -Minority Gas Tax",-0.0343911677753148,0.0176490231566209,-0.0567098545686798,-0.0697922581569674,-0.0436274509803922,-1.26458482122804,-2.00583851397873,-0.523331128477353,-0.0786790483965678,-0.232503263450223,0.489502089271377
"Harbridge-Yong1032","Confidence_congress","GOP Majority - Control","GOP Majority -Bipartisan Green Energy",-0.0312038108090748,0.0178322698539905,-0.0622563878569664,-0.0911794423805996,-0.0333333333333333,-1.7413698481544,-3.36332009680212,-0.119419599506675,-0.457590078385718,-1.06668347033502,0.660679989803678
"Harbridge-Yong1032","Confidence_congress","GOP Majority - Control","GOP Majority -Bipartisan Gas Tax",-0.01757611463243,0.0171107589215933,-0.0822012788538154,-0.0574328607379338,-0.106969696969697,-3.77687304914514,-2.32933830043071,-5.22440779785956,-2.02650276533235,-0.826354340614675,-2.75400319371323
"Harbridge-Yong1032","Confidence_congress","GOP Majority - Control","GOP Majority -Minority Green Energy",-0.0175012116806022,0.0175725887469251,-0.084898292655669,-0.0629071022453843,-0.106889483065954,-3.8353530003859,-2.5839044672759,-5.08680153349589,-2.07667663734096,-0.979764503476072,-2.68308029063684
"Harbridge-Yong1032","Confidence_congress","GOP Majority - Control","GOP Majority -Minority Gas Tax",-0.0329635642135653,0.0175399244687445,-0.0829737591099023,-0.048371760644047,-0.117575757575758,-2.85122065294257,-0.878464240706313,-4.82397706517883,-1.12809439454647,0.354493423990647,-2.18113748351737
"Harbridge-Yong1032","Confidence_congress","GOP Majority -Bipartisan Green Energy","GOP Majority -Minority Green Energy",0.0137025991284722,0.0176630163418386,-0.0226419047987025,0.0282723401352152,-0.0735561497326203,-2.05766122975752,0.824872758127474,-4.94019521764251,-1.55518714911812,0.090010381719355,-3.27559006990087
"Harbridge-Yong1032","Confidence_congress","GOP Majority -Bipartisan Green Energy","GOP Majority -Minority Gas Tax",-0.00175975340449103,0.0176305196007595,-0.0207173712529359,0.0428076817365525,-0.0842424242424242,-1.07527278138917,2.52785715624194,-4.67840271902027,-0.610498285861417,1.41939330092399,-2.77729313923422
"Harbridge-Yong1032","Confidence_congress","GOP Majority -Bipartisan Gas Tax","GOP Majority -Bipartisan Green Energy",-0.013627696176646,0.0172036142102865,0.0199448909968489,-0.0337465816426658,0.0736363636363636,1.95148454058107,-1.16945690714165,5.07242598830379,1.59144171074576,-0.29623842313483,3.4863486999263
"Harbridge-Yong1032","Confidence_congress","GOP Majority -Bipartisan Gas Tax","GOP Majority -Minority Green Energy",7.49029518265104e-05,0.0169342956458013,-0.00269701380185361,-0.00547424150745052,8.02139037432981e-05,-0.1636865690583,-0.327686759186403,0.000313621069802477,-0.0563451553100364,-0.194397382173171,0.0618689829401495
"Harbridge-Yong1032","Confidence_congress","GOP Majority -Bipartisan Gas Tax","GOP Majority -Minority Gas Tax",-0.0153874495811372,0.0169003977503521,-0.000772480256086922,0.00906110009388678,-0.0106060606060606,0.864770731490374,1.44662569699075,0.282915765990001,0.932033005899195,1.19185383237347,0.588115593534276
"Harbridge-Yong1032","Confidence_congress","GOP Majority -Minority Gas Tax","GOP Majority -Minority Green Energy",0.015462352532962,0.0173678222156891,-0.00192453354576669,-0.0145353416013373,0.0106862745098039,-1.00109765420228,-1.72719951654048,-0.274995791864087,-0.912173968564834,-1.36167449414927,-0.450165268539372
"Harbridge-Yong1032","Article_Support","Dem Majority - Control","Dem Majority -Bipartisan",-0.107671210106386,0.0259603384274591,-0.0846495073066528,-0.0621115146133056,-0.1071875,0.886802876783071,1.75497309560842,0.0186326579577257,2.07386229797152,2.82698042501186,1.65013604363856
"Harbridge-Yong1032","Article_Support","Dem Majority - Control","Dem Majority -Minority",-0.120601498983736,0.0256559346006662,-0.0885821350044698,-0.0249767700089396,-0.1521875,1.24802952913806,3.7271972533136,-1.23113819503749,2.50341221692087,4.15839662177452,1.09523259714249
"Harbridge-Yong1032","Article_Support","Dem Majority - Control","GOP Majority - Control",-0.191901664176612,0.0255252881687048,-0.238639560370636,-0.230849196498849,-0.246429924242424,-1.83104284210696,-1.52584104300097,-2.13624464121296,1.51095713437747,2.54921844941055,1.62397830331189
"Harbridge-Yong1032","Article_Support","Dem Majority - Control","GOP Majority -Bipartisan Green Energy",-0.263297591936552,0.0256294360893671,-0.225078699778041,-0.319333535919719,-0.130823863636364,1.49121081030599,-2.18639004727906,5.16881166789104,4.63240482277394,3.43093876020431,7.17655954363652
"Harbridge-Yong1032","Article_Support","Dem Majority - Control","GOP Majority -Bipartisan Gas Tax",-0.277189379295532,0.0246235521415614,-0.218185529128741,-0.241456285530209,-0.194914772727273,2.39623632803166,1.45117542586434,3.34129723019898,5.56669269317846,5.86996579681553,6.43348955629032
"Harbridge-Yong1032","Article_Support","Dem Majority - Control","GOP Majority -Minority Green Energy",-0.299742565203554,0.0252532785453273,-0.279854499362601,-0.25310973401932,-0.306599264705882,0.787543914555728,1.84660502993831,-0.271517200826848,4.74304337774385,6.36356340834486,4.44683152966738
"Harbridge-Yong1032","Article_Support","Dem Majority - Control","GOP Majority -Minority Gas Tax",-0.249112215909086,0.0252059600289072,-0.264505407559258,-0.206489981785182,-0.322520833333333,-0.610696503228548,1.69095856991848,-2.91235157637558,3.1367539645043,5.38129790763671,2.05812539411162
"Harbridge-Yong1032","Article_Support","Dem Majority -Bipartisan","Dem Majority -Minority",-0.0129302888773559,0.0262116627192528,-0.00393262769781699,0.0371347446043659,-0.0449999999999999,0.343269378822351,1.91002890651986,-1.22349014887516,0.429298661730766,1.26217285812747,-0.521355129277166
"Harbridge-Yong1032","Article_Support","Dem Majority -Bipartisan","GOP Majority - Control",-0.0842304540702386,0.0260837999219749,-0.153990053063984,-0.168737681885543,-0.139242424242424,-2.67444157685685,-3.23983576273752,-2.10904739097617,-0.552340232874865,-0.327190325818508,-0.0119724319132208
"Harbridge-Yong1032","Article_Support","Dem Majority -Bipartisan","GOP Majority -Bipartisan Green Energy",-0.15562638183019,0.0261857265802042,-0.140429192471389,-0.257222021306414,-0.0236363636363636,0.580361568820854,-3.87980983323288,5.04053297087459,2.51095476595894,0.547211211270859,5.42915519412363
"Harbridge-Yong1032","Article_Support","Dem Majority -Bipartisan","GOP Majority -Bipartisan Gas Tax",-0.169518169189152,0.0252020555181991,-0.133536021822088,-0.179344770916903,-0.0877272727272727,1.42774653206683,-0.389912708535014,3.24540577266867,3.33691033007539,2.81467145783405,4.62861312113602
"Harbridge-Yong1032","Article_Support","Dem Majority -Bipartisan","GOP Majority -Minority Green Energy",-0.192071355097181,0.0258176753322622,-0.195204992055948,-0.190998219406014,-0.199411764705882,-0.121375643563507,0.0415659302147174,-0.284317217341731,2.58747723496808,3.37353908319192,2.73193746782972
"Harbridge-Yong1032","Article_Support","Dem Majority -Bipartisan","GOP Majority -Minority Gas Tax",-0.14144100580271,0.0257713931182054,-0.179855900252605,-0.144378467171877,-0.215333333333333,-1.49060216782608,-0.113981473787371,-2.86722286186479,1.01236850260409,2.40719922115765,0.392381804185291
"Harbridge-Yong1032","Article_Support","Dem Majority -Minority","GOP Majority - Control",-0.0713001651928842,0.0257808538907294,-0.150057425366167,-0.205872426489909,-0.0942424242424243,-3.054873997079,-5.2198527584618,-0.889895235696203,-0.961812406866298,-1.62262081710453,0.559585334214995
"Harbridge-Yong1032","Article_Support","Dem Majority -Minority","GOP Majority -Bipartisan Green Energy",-0.142696092952833,0.0258839735260784,-0.136496564773572,-0.29435676591078,0.0213636363636364,0.239512228407094,-5.859250041542,6.33827449835619,2.13885097248826,-0.732849615678296,6.06186865305383
"Harbridge-Yong1032","Article_Support","Dem Majority -Minority","GOP Majority -Bipartisan Gas Tax",-0.156587880311796,0.0248883790413904,-0.129603394124271,-0.216479515521269,-0.0427272727272727,1.08422031594137,-2.40640963840478,4.57485027028752,2.96153422714613,1.51224485421318,5.27914810731637
"Harbridge-Yong1032","Article_Support","Dem Majority -Minority","GOP Majority -Minority Green Energy",-0.179141066219823,0.0255115693074264,-0.191272364358131,-0.22813296401038,-0.154411764705882,-0.475521438611638,-1.92037962071958,0.969336743496302,2.2112882784147,2.10879828329926,3.3424501568016
"Harbridge-Yong1032","Article_Support","Dem Majority -Minority","GOP Majority -Minority Gas Tax",-0.128510716925352,0.0254647307509542,-0.175923272554788,-0.181513211776243,-0.170333333333333,-1.86189110315489,-2.08140802152031,-1.64237418478947,0.616575678969665,1.12856854889144,0.975902719354313
"Harbridge-Yong1032","Article_Support","GOP Majority - Control","GOP Majority -Bipartisan Green Energy",-0.0713959277599458,0.0257544839078666,0.013560860592595,-0.0884843394208706,0.115606060606061,3.29871833799749,-0.663512098400284,7.26094877439527,3.14592698064664,0.879417979249514,5.57386239851604
"Harbridge-Yong1032","Article_Support","GOP Majority - Control","GOP Majority -Bipartisan Gas Tax",-0.0852877151189053,0.0247536818911799,0.0204540312418957,-0.0106070890313601,0.0515151515151516,4.27175831157782,3.01695022242954,5.5265664007261,4.01425334123491,3.2017596303106,4.76842763603653
"Harbridge-Yong1032","Article_Support","GOP Majority - Control","GOP Majority -Minority Green Energy",-0.107840901026936,0.0253801797548686,-0.0412149389919646,-0.0222605375204711,-0.0601693404634581,2.625117815495,3.37193685517724,1.87829877581277,3.23375164464728,3.75949937025764,2.83362258421752
"Harbridge-Yong1032","Article_Support","GOP Majority - Control","GOP Majority -Minority Gas Tax",-0.0572105517324642,0.0253330982724265,-0.0258658471886213,0.0243592147136665,-0.0760909090909091,1.23730244941889,3.21988907827016,-0.745284179432368,1.63267426108087,2.7772643409266,0.453864804725841
"Harbridge-Yong1032","Article_Support","GOP Majority -Bipartisan Green Energy","GOP Majority -Minority Green Energy",-0.0364449732669896,0.025484920689556,-0.0547757995845596,0.0662238019003995,-0.175775401069519,-0.719281277774672,4.02860877685461,-5.46717133240395,0.0751381951411445,2.8469101604925,-2.76872784137939
"Harbridge-Yong1032","Article_Support","GOP Majority -Bipartisan Green Energy","GOP Majority -Minority Gas Tax",0.0141853760274806,0.0254380330655488,-0.0394267077812163,0.112843554134537,-0.19169696969697,-2.10755618056432,3.8783729014281,-8.09348526255674,-1.52518119136897,1.8670162193676,-5.14901674808688
"Harbridge-Yong1032","Article_Support","GOP Majority -Bipartisan Gas Tax","GOP Majority -Bipartisan Green Energy",0.0138917873589608,0.0248610624337191,-0.00689317064930073,-0.0778772503895105,0.0640909090909091,-0.836044640637355,-3.69127578489988,2.01918650362517,-0.703204288601581,-2.28553857251637,1.06950771506246
"Harbridge-Yong1032","Article_Support","GOP Majority -Bipartisan Gas Tax","GOP Majority -Minority Green Energy",-0.0225531859080296,0.0244730976454175,-0.0616689702338604,-0.011653448489111,-0.11168449197861,-1.59831766671168,0.445376289378697,-3.64201162280205,-0.671387567494808,0.651609236216487,-1.84059253460584
"Harbridge-Yong1032","Article_Support","GOP Majority -Bipartisan Gas Tax","GOP Majority -Minority Gas Tax",0.0280771633864415,0.024424267687141,-0.046319878430517,0.0349663037450266,-0.127606060606061,-3.04602957885724,0.28206128621052,-6.37412044392499,-2.33961708699381,-0.373119185410439,-4.31804347299801
"Harbridge-Yong1032","Article_Support","GOP Majority -Minority Gas Tax","GOP Majority -Minority Green Energy",-0.0506303492944718,0.0250590025594165,-0.0153490918033433,-0.0466197522341376,0.015921568627451,1.40792744673194,0.160046157097626,2.65580873636626,1.65912107398983,0.991481018017527,2.45394197763478
"Harbridge-Yong1032","Article_Fairness","Dem Majority - Control","Dem Majority -Bipartisan",-0.134024784482772,0.024325570773901,-0.232263947466362,-0.27100706159939,-0.193520833333333,-4.03851419959244,-5.63120505536452,-2.44582334382036,-0.624431284285308,-0.609785417220029,0.662178199251496
"Harbridge-Yong1032","Article_Fairness","Dem Majority - Control","Dem Majority -Minority",-0.126195790816328,0.0239846254895447,-0.169095840151341,-0.159827709714447,-0.178363970588235,-1.78864787168404,-1.40222822794457,-2.17506751542351,0.74204067618776,1.59760536584501,0.733735601285162
"Harbridge-Yong1032","Article_Fairness","Dem Majority - Control","GOP Majority - Control",-0.0510406291500713,0.0238376939547019,-0.117086535088247,-0.155924964115887,-0.0782481060606061,-2.77064996570895,-4.39993630110046,-1.14136363031744,-0.996391234621658,-1.45553480612777,0.167863669834133
"Harbridge-Yong1032","Article_Fairness","Dem Majority - Control","GOP Majority -Bipartisan Green Energy",-0.204427083333348,0.0239846254895457,-0.249468821884598,-0.342204689223742,-0.156732954545455,-1.87794212466994,-5.74441347647675,1.98852922713687,1.83849794768649,0.688691407889672,4.54999538427967
"Harbridge-Yong1032","Article_Fairness","Dem Majority - Control","GOP Majority -Bipartisan Gas Tax",-0.180536298350398,0.0229588157536417,-0.249992935182627,-0.267798370365255,-0.2321875,-3.0252708840704,-3.80080893331856,-2.24973283482223,0.865299109102903,1.45643654756154,1.69191618217869
"Harbridge-Yong1032","Article_Fairness","Dem Majority - Control","GOP Majority -Minority Green Energy",-0.211478365384616,0.0236284534962913,-0.260726749017907,-0.268971880388756,-0.252481617647059,-2.08428298707831,-2.43323224743268,-1.73533372672394,1.85677123974731,2.69744574535021,2.42538974877871
"Harbridge-Yong1032","Article_Fairness","Dem Majority - Control","GOP Majority -Minority Gas Tax",-0.18526999521073,0.0236059856425228,-0.206549442788091,-0.223911385576182,-0.1891875,-0.901442875531904,-1.63693187611894,-0.165953874944872,2.2312580709398,2.63675327672622,2.9660914130332
"Harbridge-Yong1032","Article_Fairness","Dem Majority -Bipartisan","Dem Majority -Minority",0.0078289936664355,0.0245838138248683,0.063168107315021,0.111179351884944,0.015156862745098,2.25103859160396,4.20400019926778,0.298076983940135,1.376948022606,2.15331970541023,0.104288147740018
"Harbridge-Yong1032","Article_Fairness","Dem Majority -Bipartisan","GOP Majority - Control",0.0829841553326977,0.0244404847615619,0.115177412378115,0.115082097483503,0.115272727272727,1.31721025010308,1.31331037268486,1.3211101275213,-0.314993882784077,-0.821495526026819,-0.451426823854478
"Harbridge-Yong1032","Article_Fairness","Dem Majority -Bipartisan","GOP Majority -Bipartisan Green Energy",-0.0704022988505719,0.0245838138248682,-0.0172048744182366,-0.0711976276243519,0.0367878787878788,2.16392073301997,-0.032351724571537,4.36019319061147,2.4466810269933,1.26655896767074,3.82753313804075
"Harbridge-Yong1032","Article_Fairness","Dem Majority -Bipartisan","GOP Majority -Bipartisan Gas Tax",-0.0465115138676385,0.0235840807137306,-0.0177289877162654,0.00320869123413592,-0.0386666666666667,1.22042179641185,2.10821043674717,0.332633156076531,1.52303197108167,2.03768394871997,1.00957162542264
"Harbridge-Yong1032","Article_Fairness","Dem Majority -Bipartisan","GOP Majority -Minority Green Energy",-0.0774535809018557,0.0242364489339609,-0.0284628015515454,0.00203518121063473,-0.0589607843137255,2.02136787793458,3.27971982731795,0.763015928551214,2.47254452056086,3.23295363646822,1.7442173895854
"Harbridge-Yong1032","Article_Fairness","Dem Majority -Bipartisan","GOP Majority -Minority Gas Tax",-0.0512452107279695,0.0242145452250726,0.0257145046782709,0.0470956760232086,0.0043333333333333,3.1782432703528,4.06123203376756,2.29525450693804,2.83813350473773,3.17420804901333,2.27065747477074
"Harbridge-Yong1032","Article_Fairness","Dem Majority -Minority","GOP Majority - Control",0.0751551616662586,0.0241011651539474,0.0520093050630943,0.00390274559855935,0.100115864527629,-0.960362557383386,-2.95638885558315,1.03566374081638,-1.68812661329788,-3.03840470455092,-0.519626386680029
"Harbridge-Yong1032","Article_Fairness","Dem Majority -Minority","GOP Majority -Bipartisan Green Energy",-0.0782312925170104,0.0242465001304017,-0.0803729817332576,-0.182376979509296,0.0216310160427807,-0.0883298292425232,-4.29528742012961,4.11862776164456,1.12022500545085,-0.907945259131462,3.81930796699374
"Harbridge-Yong1032","Article_Fairness","Dem Majority -Minority","GOP Majority -Bipartisan Gas Tax",-0.0543405075340717,0.0232322562294214,-0.0808970950312864,-0.107970660650808,-0.0538235294117647,-1.14309119333762,-2.30843498742145,0.0222526007462118,0.126207880583132,-0.219283135369012,0.960703408463614
"Harbridge-Yong1032","Article_Fairness","Dem Majority -Minority","GOP Majority -Minority Green Energy",-0.0852825745682896,0.0238942320095506,-0.0916309088665664,-0.109144170674309,-0.0741176470588235,-0.265684801911162,-0.998634151391938,0.467264547569614,1.12740530363348,1.05481402384822,1.70681881391953
"Harbridge-Yong1032","Article_Fairness","Dem Majority -Minority","GOP Majority -Minority Gas Tax",-0.0590742043944021,0.0238720143024173,-0.03745360263675,-0.0640836758617354,-0.0108235294117647,0.905688203926,-0.209847036947609,2.02122344479961,1.49702059226496,0.993240844818548,2.24080073350633
"Harbridge-Yong1032","Article_Fairness","GOP Majority - Control","GOP Majority -Bipartisan Green Energy",-0.153386454183266,0.024101165153947,-0.132382286796352,-0.186279725107855,-0.0784848484848485,0.871500081126766,-1.36480002997707,3.1078001922306,2.85093157647279,2.11608295528766,4.40649824433555
"Harbridge-Yong1032","Article_Fairness","GOP Majority - Control","GOP Majority -Bipartisan Gas Tax",-0.129495669200328,0.0230805355811727,-0.132906400094381,-0.111873406249367,-0.153939393939394,-0.147775205738053,0.763511872979928,-1.05906228445603,1.92722264567354,2.94274443512003,1.55612500572794
"Harbridge-Yong1032","Article_Fairness","GOP Majority - Control","GOP Majority -Minority Green Energy",-0.160437736234551,0.0237467411770655,-0.143640213929661,-0.113046916272869,-0.174233511586453,0.707361156616877,1.99567677974495,-0.580954466511192,2.88408924869223,4.13608460669083,2.28999908451167
"Harbridge-Yong1032","Article_Fairness","GOP Majority - Control","GOP Majority -Minority Gas Tax",-0.134229366060663,0.0237243853462869,-0.0894629076998443,-0.0679864214602947,-0.110939393939394,1.88693859534804,2.79218802230151,0.981689168394563,3.25766644268794,4.07703794514385,2.82786327221687
"Harbridge-Yong1032","Article_Fairness","GOP Majority -Bipartisan Green Energy","GOP Majority -Minority Green Energy",-0.0070512820512818,0.0238942320095506,-0.0112579271333088,0.0732328088349867,-0.0957486631016042,-0.176052742785186,3.35997787475147,-3.71208336032184,0.0268000608425267,1.96716646418096,-2.12387813542545
"Harbridge-Yong1032","Article_Fairness","GOP Majority -Bipartisan Green Energy","GOP Majority -Minority Gas Tax",0.0191570881226056,0.0238720143024174,0.0429193790965075,0.118293303647561,-0.0324545454545455,0.995403683697341,4.15282155368497,-2.16201418629029,0.395391015094679,1.90644241246265,-1.5934614492479
"Harbridge-Yong1032","Article_Fairness","GOP Majority -Bipartisan Gas Tax","GOP Majority -Bipartisan Green Energy",-0.0238907849829352,0.0232322562294215,0.000524113298028789,-0.0744063188584879,0.0754545454545454,1.05090517424841,-2.17437055517576,4.27618090367258,1.08008711644841,-0.737534342217271,3.07154122798064
"Harbridge-Yong1032","Article_Fairness","GOP Majority -Bipartisan Gas Tax","GOP Majority -Minority Green Energy",-0.0309420670342174,0.0228643671301478,-0.01073381383528,-0.00117351002350119,-0.0202941176470588,0.883831731878195,1.30196286830371,0.465700595452684,1.08771035082402,1.31575384829402,0.85447833892685
"Harbridge-Yong1032","Article_Fairness","GOP Majority -Bipartisan Gas Tax","GOP Majority -Minority Gas Tax",-0.00473369686032997,0.022841147689877,0.0434434923945363,0.0438869847890727,0.043,2.10922804357235,2.1286444231938,2.08981166395089,1.47401620730161,1.25171327067189,1.4117683272695
"Harbridge-Yong1032","Article_Fairness","GOP Majority -Minority Gas Tax","GOP Majority -Minority Green Energy",-0.0262083701738871,0.0235141366332573,-0.0541773062298163,-0.0450604948125738,-0.0632941176470588,-1.18945196637036,-0.801735778468821,-1.5771681542719,-0.337456335350092,0.0543833447643364,-0.494851805478798
"Howat1039","Feeling_Dem","Political Issues","Traits",-0.00854281635010216,0.0191110282354575,0.0250649182416183,0.00467529102869124,0.0454545454545454,1.75855187788204,0.69164815288532,2.82545560287876,1.30658241376431,0.517958652630025,1.91835146755312
"Howat1039","Feeling_Dem","Political Issues","Social Groups",0.000876792549490862,0.0192897175586577,0.0211338980043467,0.0081768869177844,0.0340909090909091,1.05015044379247,0.378444855197845,1.7218560323871,0.673779320175748,0.124859100663967,1.04903432882622
"Howat1039","Feeling_Dem","Social Groups","Traits",-0.00941960889959417,0.0190513327240492,0.0039310202372716,-0.00350159588909316,0.0113636363636364,0.700771401677991,0.310635119139485,1.0909076842165,0.636111438959449,0.329112993793992,0.867078912580303
"Howat1039","Feeling_Dem","Control","Traits",0.0272883139970044,0.0189736834362379,0.047979420358049,0.0191406588979163,0.0768181818181818,1.09051605243538,-0.429418732871175,2.61045083774193,0.212072841855188,-0.946678282016923,1.06296889122653
"Howat1039","Feeling_Dem","Control","Political Issues",0.0358311303471081,0.0192130317250801,0.0229145021164307,0.014465367869225,0.0313636363636364,-0.672284750033302,-1.11204534420213,-0.232524155864479,-1.08263394749022,-1.51360188181039,-0.853603863246816
"Howat1039","Feeling_Dem","Control","Social Groups",0.0367079228966001,0.019153654126952,0.0440484001207774,0.0226422547870094,0.0654545454545454,0.383241608913058,-0.734359512621575,1.50084273044769,-0.415028777218058,-1.32884302488863,0.195385281072131
"Howat1039","Feeling_DemPartySupporters","Political Issues","Traits",-0.0209648892744514,0.014018333099949,0.0188374270889247,-0.0305069640039688,0.0681818181818182,2.83930450786056,-0.680685403998004,6.35929441971912,2.37881016450011,0.209392477008276,4.50101378218945
"Howat1039","Feeling_DemPartySupporters","Political Issues","Social Groups",0.00233564074881547,0.0141855378888796,0.0494410186995446,0.0411547646718165,0.0577272727272727,3.32066209400887,2.73652816178597,3.90479602623176,2.10960637155563,1.34788657711733,2.35100108393591
"Howat1039","Feeling_DemPartySupporters","Social Groups","Traits",-0.0233005300232676,0.0140035570646337,-0.03060359161062,-0.0716617286757854,0.0104545454545454,-0.521514751833762,-3.45349388225475,2.41046437858723,0.254699730330149,-1.24292328285943,2.13084512081659
"Howat1039","Feeling_DemPartySupporters","Control","Traits",-0.0204163031774863,0.0139241433969064,-0.0554679797474653,-0.0909359594949306,-0.02,-2.51733091012023,-5.06455975834836,0.0298979381079023,-1.11094312005961,-2.21986342853667,0.587311289211137
"Howat1039","Feeling_DemPartySupporters","Control","Political Issues",0.000548586096964478,0.0141071486868186,-0.07430540683639,-0.0604289954909617,-0.0881818181818182,-5.30610363547783,-4.32245969342496,-6.2897475775307,-3.45004051510833,-2.48563444466858,-3.88639755500663
"Howat1039","Feeling_DemPartySupporters","Control","Social Groups",0.00288422684578065,0.0140924657754887,-0.0248643881368453,-0.0192742308191452,-0.0304545454545455,-1.96903901877056,-1.5723619995208,-2.36571603802033,-1.34043138820711,-1.04485150553418,-1.53051206703231
"Howat1039","Personal_ideology","Political Issues","Traits",-0.00298695161249448,0.0173244035519882,0.00335518334318416,-0.020562360586359,0.0272727272727273,0.366080998785715,-1.01448854623612,1.74665054380755,0.306623041890239,-0.552002643988267,1.14840487666454
"Howat1039","Personal_ideology","Political Issues","Social Groups",-0.0194996320824137,0.0174280024308461,-0.00143235184584176,-0.0128647036916835,0.01,1.03668107164103,0.380705041616643,1.69265710166542,1.07383822373119,0.642126457439152,1.47798085504105
"Howat1039","Personal_ideology","Social Groups","Traits",0.0165126804699189,0.0173244035519881,0.00478753518902592,-0.00769765689467544,0.0172727272727273,-0.676799362570116,-1.39747018083148,0.0438714556912491,-0.765229450055994,-1.26840052309075,-0.333050929034817
"Howat1039","Personal_ideology","Control","Traits",-0.0085759829312816,0.017201694907423,-0.00637469336887822,-0.00820393219230192,-0.00454545454545452,0.127969341059146,0.0216287255983788,0.234309956519913,0.26629703364595,0.16483390931593,0.34103063534727
"Howat1039","Personal_ideology","Control","Political Issues",-0.00558903131878726,0.0173060283712207,-0.00972987671206238,0.012358428394057,-0.0318181818181818,-0.23927184819373,1.03706404079923,-1.51560773718669,-0.0338408629126888,0.645922590942769,-0.805280597611115
"Howat1039","Personal_ideology","Control","Social Groups",-0.0250886634012012,0.017306028371221,-0.0111622285579041,-0.000506275297626479,-0.0218181818181818,0.804715821826339,1.42045231732394,0.18897932632874,1.0391496997031,1.36308112640427,0.677748187032059
"Kennedy1017","Family_approval","Green; Low","Not Green; Low",-0.0466315533889903,0.0104737010154491,-0.06668248592781,-0.116590778307233,-0.0167741935483872,-1.91440757276189,-6.67951326995588,2.85069812443209,0.3265071234111,-1.78093605211011,3.4589435224037
"Kennedy1017","Family_approval","Green; Low","Not Green; High",-0.0427100756670643,0.0106437547904111,-0.0651259856752094,-0.134445519737516,0.00419354838709673,-2.10601525960929,-8.61871077235785,4.40668025313927,0.0478796838377006,-3.04510203287445,4.2509482275195
"Kennedy1017","Family_approval","Not Green; High","Not Green; Low",-0.00392147772192152,0.010592453643914,-0.00155650025260051,0.0178547414302829,-0.0209677419354839,0.223270032499017,2.0558238803071,-1.60928381530907,0.28569836712896,1.19972541569635,-0.856274975456562
"Kennedy1017","Family_approval","Green; High","Not Green; Low",-0.0578458697032036,0.010531933474645,-0.13472656079861,-0.124614411919801,-0.144838709677419,-7.2997699121906,-6.33962817723246,-8.25991164714874,-2.80846838846727,-1.12602283054571,-2.99933203788929
"Kennedy1017","Family_approval","Green; High","Green; Low",-0.0112143163142123,0.0105835279824023,-0.0680440748708001,-0.00802363361256797,-0.128064516129032,-5.36964220731322,0.301476285313333,-11.0407606999398,-3.1069235082602,0.542683162332721,-6.41266774120546
"Kennedy1017","Family_approval","Green; High","Not Green; High",-0.0539243919812777,0.0107010619001915,-0.13317006054601,-0.142469153350084,-0.123870967741936,-7.40540231463515,-8.27439016750494,-6.53641446176537,-3.03602772433366,-2.39392364920745,-2.10919770621531
"Kennedy1017","Family_friends","Green; Low","Not Green; Low",-0.046591864178859,0.0116333282444006,-0.00667303491706711,-0.0304428440276826,0.0170967741935484,3.43141948917376,1.38816852855066,5.47467044979687,3.64230143460582,2.47302077559118,4.90750894817802
"Kennedy1017","Family_friends","Green; Low","Not Green; High",-0.0695331913383036,0.0117932209731141,0.000571896681734796,-0.0433723356687885,0.0445161290322581,5.94452424658729,2.21829606425217,9.67075242892242,5.93738710269274,3.78076909776716,8.22107798441844
"Kennedy1017","Family_friends","Not Green; High","Not Green; Low",0.022941327159457,0.011736099119443,-0.00724493159880191,0.0129294916411059,-0.0274193548387097,-2.57208621459662,-0.85308034777626,-4.29109208141698,-2.34598407331129,-1.4372982513202,-3.40098265626797
"Kennedy1017","Family_friends","Green; High","Not Green; Low",-0.0493168157548406,0.0117121935072512,-0.070534611352879,-0.0317143839960806,-0.109354838709677,-1.81159879102938,1.50291503874675,-5.12611262080552,0.307544797402331,2.62921498943884,-1.55564840367732
"Kennedy1017","Family_friends","Green; High","Green; Low",-0.00272495157598193,0.0117694313851864,-0.0638615764358119,-0.00127153996839802,-0.126451612903226,-5.19452663930559,0.123490384540859,-10.512543663152,-3.28426534598767,0.0827670001930943,-6.4032541445419
"Kennedy1017","Family_friends","Green; High","Not Green; High",-0.0722581429142831,0.0118710240345985,-0.0632896797540771,-0.0446438756371865,-0.0819354838709677,0.755491955375296,2.32619083211472,-0.815206921364128,2.63253229370886,3.92652374161099,1.82311750483929
"Kennedy1017","Family_knowledge","Green; Low","Not Green; Low",-0.0402237885212655,0.0101250857889184,-0.0433089036037428,-0.0266178072074855,-0.0600000000000001,-0.304700142477202,1.34378923768442,-1.95318952263882,1.20485974015398,2.42059615272382,0.310586709446188
"Kennedy1017","Family_knowledge","Green; Low","Not Green; High",-0.0158446243050283,0.0102517925935812,0.027933629572823,0.025867259145646,0.03,4.27030233768694,4.06874047342616,4.47186420194771,3.32732509169162,2.83321966587949,3.34636558960241
"Kennedy1017","Family_knowledge","Not Green; High","Not Green; Low",-0.0243791642162387,0.0101862490725937,-0.0712425331765658,-0.0524850663531315,-0.0900000000000001,-4.60065021249225,-2.75920036282171,-6.44210006216278,-2.13970913231047,-0.548497135819791,-3.06427531595831
"Kennedy1017","Family_knowledge","Green; High","Not Green; Low",-0.107645118226693,0.0101655799277045,-0.18555196752742,-0.144007160861291,-0.227096774193548,-7.66378798403873,-3.5769767089726,-11.7505992591049,-1.25953687646878,2.68119034906989,-3.20222911766867
"Kennedy1017","Family_knowledge","Green; High","Green; Low",-0.0674213297054297,0.0102312558603251,-0.142243063923677,-0.117389353653806,-0.167096774193548,-7.31305474515518,-4.88386026412874,-9.74224922618163,-2.43245824636879,0.165846632153786,-3.49411414542409
"Kennedy1017","Family_knowledge","Green; High","Not Green; High",-0.0832659540104559,0.010291788202999,-0.114309434350854,-0.0915220945081598,-0.137096774193548,-3.01633493889355,-0.802206607331676,-5.23046327045543,0.884959496783982,3.08913192224389,-0.1351550504331
"McCabeS19","Attribution","CONTROL","INSURANCE",0.0189463143840919,0.0243800189525838,-0.0702184220679931,0.0241868117779922,-0.164623655913978,-3.6572874133322,0.214950505333588,-7.52952533199798,-2.63751793979919,-0.264016320569714,-4.94548537626519
"McCabeS19","Attribution","CONTROL","PROVIDER",0.0130186577554999,0.024711760223944,-0.0407897912186779,0.0257537508959774,-0.107333333333333,-2.17744298611481,0.51534544787862,-4.87023142010824,-1.5875851469199,0.0144240257162637,-3.20765819575674
"McCabeS19","Attribution","CONTROL","INSURANCE+GOVERNMENT CUE",-0.0129072681704237,0.0249464853010086,-0.0269735883431798,0.0584486566469736,-0.112395833333333,-0.563859798405645,2.86035984453939,-3.98807944135068,-0.173121902584974,1.77746961238857,-2.26352619519513
"McCabeS19","Attribution","CONTROL","PROVIDER+GOVERNMENT CUE",-0.0163704716336284,0.0250282702190013,-0.0491682027822511,0.0329381042394193,-0.131274509803922,-1.310427403158,1.97011521138257,-4.59097001769857,-0.611028034883878,1.34703269278506,-2.58353086801434
"McCabeS19","Attribution","INSURANCE","PROVIDER",-0.00592765662859281,0.0242863763695391,0.0294286308493152,0.00156693911798522,0.0572903225806452,1.45580744282021,0.308592588393633,2.6030222972468,1.04547243685729,0.244705491860889,1.70193055870076
"McCabeS19","Attribution","INSURANCE","INSURANCE+GOVERNMENT CUE",-0.031853582554518,0.0245251730405847,0.0432448337248133,0.0342618448689814,0.0522278225806452,3.06209526656783,2.69581899846702,3.42837153466864,2.45886043182512,2.03579343093249,2.61501043251866
"McCabeS19","Attribution","INSURANCE","PROVIDER+GOVERNMENT CUE",-0.0353167860177218,0.0246083582132685,0.0210502192857421,0.00875129246142714,0.033349146110057,2.29056342625375,1.79077686114745,2.79034999136005,2.00459475497308,1.59703725450999,2.27318284091709
"McCabeS19","Attribution","PROVIDER","PROVIDER+GOVERNMENT CUE",-0.0293891293891307,0.0249370620400628,-0.00837841156357316,0.00718435334344192,-0.0239411764705882,0.842549847764848,1.46663158129114,0.218468114238557,0.972811949119721,1.30357372582412,0.586883515823556
"McCabeS19","Attribution","INSURANCE+GOVERNMENT CUE","PROVIDER",0.0259259259259236,0.0248549770047772,-0.0138162028754981,-0.0326949057509962,0.00506250000000003,-1.59896059424168,-2.35851482242984,-0.839406366053512,-1.39180242531795,-1.80387745979723,-0.916125496249124
"McCabeS19","Attribution","INSURANCE+GOVERNMENT CUE","PROVIDER+GOVERNMENT CUE",-0.00346320346320476,0.0251696861064583,-0.0221946144390713,-0.0255105524075543,-0.0188786764705882,-0.744205187805667,-0.875948506115552,-0.612461869495782,-0.423293660242207,-0.456019895133365,-0.324386509156792
"McCabeS19","Contact","CONTROL","INSURANCE",-0.0106915697367975,0.0197136633219569,0.0867753252772832,0.121471797507971,0.052078853046595,4.94412902474209,6.70415057243909,3.18410747704509,3.42189847138892,3.90273358101888,2.17511996087188
"McCabeS19","Contact","CONTROL","PROVIDER",-0.0346500673795078,0.0200671612003854,0.0666304262103567,0.133292598452459,-3.17460317460494e-05,5.04707629437488,8.36902958793901,1.72512300081074,3.90252399223207,5.35327200186852,1.72720212541982
"McCabeS19","Contact","CONTROL","INSURANCE+GOVERNMENT CUE",0.00539234634711846,0.0201824568097043,0.00213722432736638,-0.0193366624563783,0.0236111111111111,-0.161284726158162,-1.22527247483599,0.902703022519663,-0.182439538711273,-0.838512280672812,0.456682602560527
"McCabeS19","Contact","CONTROL","PROVIDER+GOVERNMENT CUE",0.00028101031472991,0.0203161413941685,0.116520950928766,0.131048437805244,0.101993464052288,5.72155599622877,6.43662716031549,5.00648483214205,3.73273804071386,3.50727610834024,3.08764476134424
"McCabeS19","Contact","INSURANCE","PROVIDER",-0.0239584976427068,0.0197008442243999,-0.0201448990669265,0.011820800944488,-0.052110599078341,0.193575388564167,1.8161302216116,-1.42897944448326,0.567206498235202,1.50438426560292,-0.415716195179314
"McCabeS19","Contact","INSURANCE","INSURANCE+GOVERNMENT CUE",0.016083916083918,0.0198182710493984,-0.0846381009499168,-0.14080845996435,-0.0284677419354839,-5.08228072886773,-7.91655213803478,-2.24800931970068,-3.57348070927027,-4.77895219990361,-1.6970716816558
"McCabeS19","Contact","INSURANCE","PROVIDER+GOVERNMENT CUE",0.0109725800515285,0.0199543956475677,0.0297456256514828,0.00957664029727301,0.0499146110056926,0.940797503042521,-0.0699565037654093,1.95155150985045,0.435828917118972,-0.327397277806758,0.996222808162216
"McCabeS19","Contact","PROVIDER","PROVIDER+GOVERNMENT CUE",0.0349310776942375,0.0203037026852365,0.0498905247184093,-0.002244160647215,0.102025210084034,0.736784184445791,-1.83095856542876,3.30452693432034,-0.106272291326305,-1.823352703136,1.38391325069398
"McCabeS19","Contact","INSURANCE+GOVERNMENT CUE","PROVIDER",-0.0400424137266219,0.0201699356582564,0.0644932018829903,0.152629260908838,-0.0236428571428571,5.18274412872614,9.55241890206978,0.813069355382488,4.08105810334631,6.12287792600441,1.26290168299865
"McCabeS19","Contact","INSURANCE+GOVERNMENT CUE","PROVIDER+GOVERNMENT CUE",-0.00511133603238683,0.0204176626224412,0.1143837266014,0.150385100261623,0.0783823529411765,5.85253389888267,7.61578047249653,4.08928732526881,3.91018975190608,4.27705171449507,2.62231925117259
"MunschS68","Morgan_Committed","40 hours/female/1%","50 hours/male/1%",0.071428571428572,0.0291411540690066,0.0289631023270121,0.0240800508078703,0.0338461538461539,-1.45723360855926,-1.62479909026869,-1.28966812684983,-1.86677451202694,-2.10833274485296,-1.79986031420722
"MunschS68","Morgan_Committed","40 hours/female/1%","50 hours/male/20%",0.0393772893772891,0.030847685062803,-0.0333360235499085,-0.0200310214587914,-0.0466410256410256,-2.35717243544078,-1.92585961361868,-2.78848525726288,-2.02849513540629,-1.73556392358776,-2.25703886741761
"MunschS68","Morgan_Committed","40 hours/female/1%","50 hours/male/60%",0.016397124887691,0.0306802543501631,-0.0798152175918681,-0.137656076209377,-0.021974358974359,-3.13596951907433,-5.0212491506365,-1.25068988751216,-2.26872947841622,-3.09501830883321,-1.02861617433909
"MunschS68","Morgan_Committed","40 hours/female/1%","40 hours/female/20%",-0.0634199134199155,0.0303611345587503,-0.0952741371669721,-0.0846691534548234,-0.105879120879121,-1.04917764800314,-0.699882937305573,-1.39847235870072,0.00758294909013863,0.456855415500232,-0.100689564854873
"MunschS68","Morgan_Committed","40 hours/female/1%","40 hours/female/60%",-0.16190476190476,0.0284812688040959,-0.185781317898536,-0.228302562537,-0.143260073260073,-0.838324870918048,-2.33127958901502,0.654629847178928,1.41411610614051,1.18387711701908,2.54784046294936
"MunschS68","Morgan_Committed","40 hours/female/1%","40 hours/male/1%",-0.0350529100529095,0.0282827906452238,-0.00643546568530534,-0.0180632390629184,0.00519230769230772,1.01183241521596,0.600707023684745,1.42295780674718,1.03331897874266,0.776776317734094,1.29078050645271
"MunschS68","Morgan_Committed","40 hours/female/1%","40 hours/male/20%",-0.0585714285714284,0.0280025579236637,-0.100253546942431,-0.110623644001411,-0.0898834498834499,-1.48851110261533,-1.85883788087787,-1.11818432435278,-0.279738552357531,-0.185252262178747,0.0670426802205281
"MunschS68","Morgan_Committed","40 hours/female/1%","40 hours/male/60%",-0.134126984126985,0.0296442444455712,-0.235006616270827,-0.256905540233962,-0.213107692307692,-3.4030090505111,-4.14173335847391,-2.66428474254828,-0.650583687731192,-0.327860073408479,0.0698068961053022
"MunschS68","Morgan_Committed","40 hours/female/1%","50 hours/female/1%",0.0842490842490852,0.0308476850628032,0.0437642106891008,0.0311694470192272,0.0563589743589744,-1.31241204899365,-1.72070082801327,-0.904123269974033,-1.86930079825906,-2.28148148136363,-1.6695499512817
"MunschS68","Morgan_Committed","40 hours/female/1%","50 hours/female/20%",0.0735119047619046,0.0275768699392801,-0.00460860802105229,0.00277797626558773,-0.0119951923076923,-2.83282740046154,-2.56497306083184,-3.10068174009124,-2.83426268163949,-2.72638463830755,-2.99416720433793
"MunschS68","Morgan_Committed","40 hours/female/1%","50 hours/female/60%",0.0304681194511707,0.029779210809164,-0.0916529246482722,-0.117294453285148,-0.0660113960113959,-4.10088248751919,-4.96193716090179,-3.2398278141366,-3.06655669596119,-3.28683173072936,-2.43667002343293
"MunschS68","Morgan_Committed","40 hours/female/20%","50 hours/male/1%",0.134848484848486,0.0309810051398745,0.124237239493984,0.108749204262694,0.139725274725275,-0.342508104775621,-0.842428464407737,0.157412254856496,-1.81732850415401,-2.53394131717309,-1.64986871555421
"MunschS68","Morgan_Committed","40 hours/female/20%","50 hours/male/20%",0.102797202797203,0.032591340763111,0.0619381136170636,0.064638131996032,0.0592380952380953,-1.25367929712135,-1.17083464219925,-1.33652395204344,-1.97835000462406,-2.16630943351979,-2.09531142307584
"MunschS68","Morgan_Committed","40 hours/female/20%","50 hours/male/60%",0.0798170383076049,0.0324329126967353,0.015458919575104,-0.0529869227545539,0.0839047619047619,-1.98434594309438,-4.09472816407041,0.126036277881651,-2.20479419098502,-3.45392193435893,-0.931855568376283
"MunschS68","Morgan_Committed","40 hours/female/20%","40 hours/female/60%",-0.098484848484845,0.0303611345587497,-0.0905071807315642,-0.143633409082176,-0.0373809523809523,0.262759210721975,-1.48705116766857,2.01256958911252,1.26388955603655,0.54851450770472,2.43407058832109
"MunschS68","Morgan_Committed","40 hours/female/20%","40 hours/male/1%",0.0283670033670035,0.0301750238721518,0.0888386714816668,0.066605914391905,0.111071428571429,2.00403049790035,1.26723714244322,2.74082385335748,0.905465539988117,0.162538474482562,1.25409313860273
"MunschS68","Morgan_Committed","40 hours/female/20%","40 hours/male/20%",0.00484848484848462,0.0299125236192383,-0.00497940977545852,-0.025954490546588,0.015995670995671,-0.328554512786822,-1.02976852729543,0.372659501721783,-0.325485579243289,-0.743913723575811,0.107405919320961
"MunschS68","Morgan_Committed","40 hours/female/20%","40 hours/male/60%",-0.0707070707070721,0.0314546824455778,-0.139732479103855,-0.172236386779139,-0.107228571428571,-2.19443984265966,-3.22779656884887,-1.16108311647044,-0.673628225909698,-0.851509591024861,0.108244241865236
"MunschS68","Morgan_Committed","40 hours/female/20%","50 hours/female/1%",0.147668997668998,0.0325913407631111,0.139038347856073,0.115838600474051,0.162238095238095,-0.264814199442025,-0.976651971034449,0.4470235721504,-1.82767265717175,-2.68302008420849,-1.53925350589555
"MunschS68","Morgan_Committed","40 hours/female/20%","50 hours/female/20%",0.136931818181818,0.0295143960577092,0.0906655291459199,0.0874471297204111,0.0938839285714286,-1.56758379691843,-1.67662886832074,-1.45853872551613,-2.71266920894281,-3.12559179661581,-2.75236341781643
"MunschS68","Morgan_Committed","40 hours/female/20%","50 hours/female/60%",0.0938880328710841,0.0315819127891261,0.00362121251869996,-0.032625299830325,0.0398677248677249,-2.85818091371159,-4.00587936348708,-1.71048246393609,-2.95176352967265,-3.63955329102809,-2.25530021609086
"MunschS68","Morgan_Committed","40 hours/female/60%","50 hours/male/1%",0.233333333333333,0.0291411540690066,0.214744420225548,0.25238261334487,0.177106227106227,-0.637892139198264,0.653689965964551,-1.92947424436108,-3.30626088113722,-3.37501124339572,-4.34908546789271
"MunschS68","Morgan_Committed","40 hours/female/60%","50 hours/male/20%",0.201282051282049,0.0308476850628029,0.152445294348628,0.208271541078208,0.0966190476190476,-1.58315792040778,0.226580690963654,-3.39289653177922,-3.38834738937847,-2.93216824597957,-4.66523782331635
"MunschS68","Morgan_Committed","40 hours/female/60%","50 hours/male/60%",0.178301886792451,0.0306802543501631,0.105966100306668,0.0906464863276223,0.121285714285714,-2.35773099076014,-2.85706237844026,-1.85839960308002,-3.63600282575252,-4.29815283505448,-3.44995734420915
"MunschS68","Morgan_Committed","40 hours/female/60%","40 hours/male/1%",0.12685185185185,0.0282827906452239,0.179345852213231,0.210239323474081,0.148452380952381,1.85604033986108,2.94834667017955,0.763734009542606,-0.449854820783365,-0.528345010106447,-1.33581189356843
"MunschS68","Morgan_Committed","40 hours/female/60%","40 hours/male/20%",0.103333333333333,0.0280025579236638,0.0855277709561057,0.117678918535588,0.0533766233766233,-0.635854853894636,0.512295528192878,-1.78400523598215,-1.77775506130755,-1.50343445762523,-2.58583507339921
"MunschS68","Morgan_Committed","40 hours/female/60%","40 hours/male/60%",0.0277777777777768,0.029644244445571,-0.049225298372291,-0.0286029776969629,-0.0698476190476192,-2.59757256729721,-1.90191237891925,-3.29323275567517,-2.06564063544657,-1.5730418607098,-2.43615553773354
"MunschS68","Morgan_Committed","40 hours/female/60%","50 hours/female/1%",0.246153846153843,0.0308476850628028,0.229545528587637,0.259472009556227,0.199619047619048,-0.538397533960579,0.431739476569133,-1.50853454449029,-3.22915305223118,-3.47808580375539,-4.07774890718037
"MunschS68","Morgan_Committed","40 hours/female/60%","50 hours/female/20%",0.235416666666665,0.0275768699392802,0.181172709877484,0.231080538802587,0.131264880952381,-1.96700919678765,-0.157237854536261,-3.77678053903905,-4.35540319377303,-4.06491484000219,-5.68799587755949
"MunschS68","Morgan_Committed","40 hours/female/60%","50 hours/female/60%",0.192372881355931,0.0297792108091639,0.0941283932502642,0.111008109251851,0.0772486772486772,-3.29909643124035,-2.73226757503733,-3.86592528744337,-4.47520027390208,-4.52637006230169,-4.93127484812743
"MunschS68","Morgan_Committed","40 hours/male/1%","50 hours/male/1%",0.106481481481481,0.0289472008053278,0.0353985680123174,0.0421432898707887,0.0286538461538461,-2.45560577505239,-2.22260494350981,-2.68860660659496,-2.94666077419736,-2.99175049023346,-3.13254867117145
"MunschS68","Morgan_Committed","40 hours/male/1%","50 hours/male/20%",0.0744301994301984,0.0306645275150991,-0.0269005578646032,-0.00196778239587303,-0.0518333333333333,-3.30449432964218,-2.49141232613003,-4.11757633315433,-3.04821251562471,-2.56653823008294,-3.51718880394807
"MunschS68","Morgan_Committed","40 hours/male/1%","50 hours/male/60%",0.0514500349406,0.0304960912410279,-0.0733797519065628,-0.119592837146459,-0.0271666666666667,-4.09330447828747,-5.60868180565208,-2.57792715092286,-3.29559661020141,-3.93884910816195,-2.28838227180364
"MunschS68","Morgan_Committed","40 hours/male/1%","40 hours/male/20%",-0.023518518518519,0.0278006622989188,-0.0938180812571253,-0.092560404938493,-0.0950757575757576,-2.52870100657064,-2.48346192898646,-2.57394008415482,-1.39316869750194,-1.09173982006409,-1.30756389077251
"MunschS68","Morgan_Committed","40 hours/male/1%","40 hours/male/60%",-0.0990740740740738,0.0294536042402142,-0.228571150585522,-0.238842301171044,-0.2183,-4.3966461780131,-4.7453692239858,-4.0479231320404,-1.70382133646282,-1.18432762012104,-1.22766421762265
"MunschS68","Morgan_Committed","40 hours/male/1%","50 hours/female/1%",0.119301994301991,0.030664527515099,0.0501996763744061,0.0492326860821456,0.0511666666666667,-2.25349364647995,-2.28502813830554,-2.22195915465436,-2.8880673193981,-3.1157165236089,-2.92619084860937
"MunschS68","Morgan_Committed","40 hours/male/1%","50 hours/female/20%",0.108564814814813,0.0273718346049068,0.00182685766425306,0.0208412153285061,-0.0171875,-3.89955436642255,-3.20488563344531,-4.59422309939979,-3.9843040259559,-3.66613012526398,-4.41323243443423
"MunschS68","Morgan_Committed","40 hours/male/1%","50 hours/female/60%",0.0655210295040786,0.0295894401840762,-0.0852174589629668,-0.09923121422223,-0.0712037037037037,-5.09433390862753,-5.56794054572791,-4.62072727152715,-4.13043487865156,-4.15833510508888,-3.7442620850144
"MunschS68","Morgan_Committed","40 hours/male/20%","50 hours/male/1%",0.130000000000001,0.0286734622613059,0.129216649269443,0.134703694809282,0.123729603729604,-0.0273197119838186,0.164043489635668,-0.218682913603305,-1.6823584586638,-2.07320143217079,-1.95473454197384
"MunschS68","Morgan_Committed","40 hours/male/20%","50 hours/male/20%",0.0979487179487172,0.0304062534902087,0.0669175233925222,0.09059262254262,0.0432424242424243,-1.02055304400417,-0.241927056500597,-1.79917903150775,-1.85532417579892,-1.69520204180165,-2.40816990430399
"MunschS68","Morgan_Committed","40 hours/male/20%","50 hours/male/60%",0.074968553459119,0.0302363784962363,0.0204383293505626,-0.0270324322079658,0.0679090909090909,-1.80346413229826,-3.37345246818436,-0.233475796412154,-2.0982762722339,-3.07452701797368,-1.16274527595776
"MunschS68","Morgan_Committed","40 hours/male/20%","40 hours/male/60%",-0.0755555555555555,0.0291846159187631,-0.134753069328397,-0.146281896232551,-0.123224242424242,-2.0283807721719,-2.42341173424608,-1.63334981009773,-0.449728035323617,-0.264720901604911,-0.0524121240204758
"MunschS68","Morgan_Committed","40 hours/male/20%","50 hours/female/1%",0.142820512820511,0.0304062534902088,0.144017757631531,0.141793091020639,0.146242424242424,0.0393749532939248,-0.0337898189332486,0.112539725521098,-1.69381868885419,-2.24904511549522,-1.81215194804096
"MunschS68","Morgan_Committed","40 hours/male/20%","50 hours/female/20%",0.132083333333332,0.0270821774092287,0.0956449389213784,0.113401620266999,0.0778882575757576,-1.34547506507128,-0.689815770129582,-2.00113436001298,-2.65854441335303,-2.70258063626226,-3.18175155082899
"MunschS68","Morgan_Committed","40 hours/male/20%","50 hours/female/60%",0.0890395480225986,0.0293216980066569,0.00860062229415848,-0.00667080928373698,0.0238720538720539,-2.74332426826639,-3.26414784316401,-2.22250069336877,-2.90429007199247,-3.27013355982359,-2.5974317955271
"MunschS68","Morgan_Committed","40 hours/male/60%","50 hours/male/1%",0.205555555555556,0.0302787948328723,0.263969718597839,0.280985591041833,0.246953846153846,1.92921030591568,2.49118354619537,1.36723706563598,-1.21492203114424,-1.81362027024608,-1.85743896302628
"MunschS68","Morgan_Committed","40 hours/male/60%","50 hours/male/20%",0.173504273504272,0.0319245709413842,0.201670592720919,0.236874518775171,0.166466666666667,0.882277142216332,1.98499912143695,-0.220444837004284,-1.40834438849226,-1.47263110061977,-2.29965285511439
"MunschS68","Morgan_Committed","40 hours/male/60%","50 hours/male/60%",0.150524109014674,0.0317628173033864,0.155191398678959,0.119249464024585,0.191133333333333,0.146941929606084,-0.984630698573287,1.27851455778546,-1.63687018707437,-2.78410239273748,-1.11291174447231
"MunschS68","Morgan_Committed","40 hours/male/60%","50 hours/female/1%",0.218376068376068,0.0319245709413844,0.278770826959928,0.28807498725319,0.269466666666667,1.89179546671899,2.18323745071133,1.60035348272664,-1.25452002589972,-2.00013366043318,-1.73198123014181
"MunschS68","Morgan_Committed","40 hours/male/60%","50 hours/female/20%",0.207638888888889,0.0287764193690873,0.230398008249775,0.25968351649955,0.2011125,0.790894762443418,1.80858594473258,-0.22679641984574,-2.10403190962148,-2.38598626241331,-3.00109492497562
"MunschS68","Morgan_Committed","40 hours/male/60%","50 hours/female/60%",0.164595103578153,0.0308933642142487,0.143353691622555,0.139611086948814,0.147096296296296,-0.687571991456999,-0.808717899937081,-0.566426082976917,-2.3858214031985,-2.95708298685483,-2.47150541222101
"MunschS68","Morgan_Committed","50 hours/female/1%","50 hours/male/1%",-0.0128205128205127,0.0314579697615131,-0.0148011083620887,-0.00708939621135685,-0.0225128205128206,-0.0629600561190412,0.182183295762702,-0.308103408000784,0.0505806806365963,0.182625326099922,-0.0848716401729024
"MunschS68","Morgan_Committed","50 hours/female/1%","50 hours/male/20%",-0.0448717948717948,0.0330450703551463,-0.0771002342390093,-0.0512004684780186,-0.103,-0.975287358170065,-0.191516421003421,-1.75905829533671,-0.199220332371376,0.412955453408668,-0.600522459613428
"MunschS68","Morgan_Committed","50 hours/female/1%","50 hours/male/60%",-0.0678519593613938,0.0328888280124634,-0.123579428280969,-0.168825523228604,-0.0783333333333334,-1.69441942104038,-3.07014782737001,-0.318691014710756,-0.413942030871667,-0.84441067922094,0.554045628032523
"MunschS68","Morgan_Committed","50 hours/female/1%","50 hours/female/20%",-0.0107371794871813,0.0300146756885807,-0.0483728187101531,-0.0283914707536395,-0.0683541666666667,-1.25390790869982,-0.588188639771803,-1.91962717762785,-0.738604154390592,-0.266565706904238,-1.09245366106437
"MunschS68","Morgan_Committed","50 hours/female/1%","50 hours/female/60%",-0.0537809647979157,0.0320499359977415,-0.135417135337373,-0.148463900304376,-0.12237037037037,-2.54715549339038,-2.95423165628574,-2.14007933049501,-1.10229577746162,-0.957723711934113,-0.710828036378906
"MunschS68","Morgan_Committed","50 hours/female/20%","50 hours/male/1%",-0.00208333333333266,0.0282578828547075,0.0335717103480644,0.0213020745422826,0.0458413461538462,1.26177335594189,0.82757112398884,1.69597558789494,0.781645839093325,0.373409232451264,1.00496272606739
"MunschS68","Morgan_Committed","50 hours/female/20%","50 hours/male/20%",-0.0341346153846148,0.0300146756885806,-0.0287274155288562,-0.0228089977243792,-0.0346458333333333,0.180151866768823,0.377335999820401,-0.0170322662827557,0.463547941612168,0.614795061063669,0.373940457175361
"MunschS68","Morgan_Committed","50 hours/female/20%","50 hours/male/60%",-0.0571147798742138,0.0298425717716738,-0.0752066095708158,-0.140434052474965,-0.00997916666666665,-0.606242311655411,-2.79196019827745,1.57947557496662,0.230624318345465,-0.769536399716285,1.65166461608157
"MunschS68","Morgan_Committed","50 hours/female/20%","50 hours/female/60%",-0.0430437853107356,0.0289154366969172,-0.0870443166272199,-0.120072429550736,-0.0540162037037036,-1.52169693225403,-2.66392809651784,-0.379465767990213,-0.512944633716049,-0.895309020611529,0.286560272017897
"MunschS68","Morgan_Committed","50 hours/female/60%","50 hours/male/1%",0.0409604519774009,0.0304109451382067,0.120616026975284,0.141374504093019,0.0998575498575498,2.61930612928594,3.30190501016237,1.93670724840951,1.15903012407991,1.09322004380213,0.604731935580333
"MunschS68","Morgan_Committed","50 hours/female/60%","50 hours/male/20%",0.00890916992611841,0.0320499359977413,0.0583169010983637,0.097263431826357,0.0193703703703704,1.5415859543597,2.75676874694743,0.326403161771968,0.844706401206574,1.28383953104455,0.0379424245570786
"MunschS68","Morgan_Committed","50 hours/female/60%","50 hours/male/60%",-0.0140709945634804,0.031888818270926,0.0118377070564041,-0.0203616229242288,0.044037037037037,0.81246979426347,-0.197267528301098,1.82220711682804,0.628495153511075,-0.00849341009023529,1.23185093420844
"MunschS68","Morgan_Committed","50 hours/male/1%","50 hours/male/20%",-0.0320512820512818,0.0314579697615131,-0.0622991258769206,-0.0441110722666618,-0.0804871794871794,-0.961531975996915,-0.383362000370871,-1.53970195162296,-0.313017293210869,0.149627238498982,-0.600676122641663
"MunschS68","Morgan_Committed","50 hours/male/1%","50 hours/male/60%",-0.0550314465408795,0.0312938044151409,-0.10877831991888,-0.161736127017248,-0.0558205128205128,-1.7174924679978,-3.40977015964032,-0.0252147763552699,-0.539330618989039,-1.17310282831114,0.612586655887366
"MunschS68","Morgan_Committed","50 hours/male/20%","50 hours/male/60%",-0.0229801644895993,0.0328888280124636,-0.0464791940419596,-0.117625054750586,0.0246666666666666,-0.714498842690749,-2.87772158451861,1.44872389913711,-0.26462759576198,-1.35644755953001,1.10507386947614
"Rifkin1073","Stressed","High","Low",-0.137404732112388,0.0189264460790468,-0.28205268375174,-0.22035536750348,-0.34375,-7.64263671241954,-4.38278982988388,-10.9024835949552,-2.41689165128799,0.785733919602591,-3.94367657988874
"RyanS14","rumor true - laundered money","Q2 is democrat","Q2 is republican",-0.0159113281476179,0.00911006093513432,-0.0532384151905958,-0.059810163714525,-0.0466666666666666,-4.09734768063081,-4.81872030049817,-3.37597506076344,-2.03690824700582,-1.99832302115746,-1.41312693486991
"Schnabel903","Feminine","Version 1","Version 2",0.0155101863610297,0.0217143308131627,-0.105954981996991,-0.149723973655818,-0.0621859903381642,-5.59377903022421,-7.60945209127454,-3.57810596917389,-3.75128168528434,-4.34523560774666,-2.44994161848639
"Schnabel903","Feminine","Version 1","Version 3",-0.0287926383488606,0.0216986595335842,-0.0766979147994093,-0.111081014784004,-0.0423148148148148,-2.2077528050248,-3.79232534193095,-0.623180268118643,-0.863372163978634,-1.37105241276767,0.146453992926282
"Schnabel903","Feminine","Version 1","Version 4",-0.0569351310646286,0.0222610979460154,-0.116990790787045,-0.164839069496796,-0.0691425120772946,-2.69778516172274,-4.84719750543489,-0.548372818010579,-0.716909950019368,-1.34087160388465,0.674703492283431
"Schnabel903","Feminine","Version 1","Version 5",-0.375948139866554,0.0218920614163089,-0.511587770125593,-0.362533777799078,-0.660641762452107,-6.19583636641872,0.612750065532074,-13.0044227983695,2.49508617544924,8.46448008964179,-1.15871570284084
"Schnabel903","Feminine","Version 1","Version 6",-0.378467304060426,0.0216521132349105,-0.458167136137907,-0.303945383386925,-0.612388888888889,-3.68092625476288,3.44178509806363,-10.8036376075894,4.19240478715285,10.0961723078363,0.298875776651643
"Schnabel903","Feminine","Version 1","Version 7",-0.399451167258893,0.0217459107566267,-0.402899391188364,-0.299743226821172,-0.506055555555555,-0.158568843957042,4.58513518029295,-4.90227286820704,6.7393762144334,11.1190987958865,4.23362705448119
"Schnabel903","Feminine","Version 1","Version 8",-0.353422014205359,0.0217618206474195,-0.420571783139216,-0.292088010722877,-0.549055555555556,-3.08566870492154,2.81842243239674,-8.98975984223982,4.10804312114322,9.18063999625794,0.914804186278596
"Schnabel903","Feminine","Version 2","Version 3",-0.0443028247099064,0.0217760181182945,0.0292570671975818,0.0386429588718141,0.0198711755233494,3.37802308520716,3.80904273366837,2.94700343674594,2.91529589594799,2.9581901348057,2.5933441829977
"Schnabel903","Feminine","Version 2","Version 4",-0.0724453174256708,0.0223365087087497,-0.0110358087900544,-0.0151150958409785,-0.00695652173913042,2.74928859457614,2.5666599168309,2.93191727232138,2.96637013131271,2.87951569387065,3.05842314047792
"Schnabel903","Feminine","Version 2","Version 5",-0.391458326227589,0.0219687389849626,-0.405632788128602,-0.21280980414326,-0.598455772113943,-0.645210538061153,8.13194249367758,-9.42236356979988,6.22885704877611,12.7213728403384,1.27126910991855
"Schnabel903","Feminine","Version 2","Version 6",-0.393977490421465,0.0217296375273809,-0.352212154140916,-0.154221409731107,-0.550202898550725,1.92204477538668,11.0335977941762,-7.18950824340282,7.96110739754973,14.3937544809273,2.75044379686529
"Schnabel903","Feminine","Version 2","Version 7",-0.414961353619929,0.0218231018457313,-0.296944409191373,-0.150019253165355,-0.443869565217391,5.40789046684676,12.1404419191857,-1.32466098549217,10.4829932160373,15.394811148508,6.6607823084555
"Schnabel903","Feminine","Version 2","Version 8",-0.368932200566388,0.0218389555021395,-0.314616801142225,-0.142364037067059,-0.486869565217391,2.48708778306004,10.374496320446,-5.40032075432589,7.85825368272097,13.4601236986133,3.35193041664497
"Schnabel903","Feminine","Version 3","Version 4",-0.0281424927157829,0.0223212742509675,-0.0402928759876362,-0.0537580547127926,-0.0268276972624798,-0.544340933910916,-1.14758511136072,0.0589032435388885,0.1584049091917,-0.0127930226591636,0.534817003344769
"Schnabel903","Feminine","Version 3","Version 5",-0.347155501517716,0.0219532493148577,-0.434889855326184,-0.251452763015075,-0.618326947637292,-3.99641768515287,4.35938831332231,-12.3522236836281,3.37615542763349,9.78755501920087,-1.29586825362897
"Schnabel903","Feminine","Version 3","Version 6",-0.349674665711561,0.0217139772948715,-0.381469221338498,-0.192864368602921,-0.570074074074074,-1.46424375392738,7.22162941312809,-10.1501169209828,5.07826934315992,11.4289142066509,0.156095246517247
"Schnabel903","Feminine","Version 3","Version 7",-0.370658528910025,0.0218075087311687,-0.326201476388955,-0.188662212037169,-0.463740740740741,2.03861216194444,8.34558037400831,-4.26835605011943,7.61429825836428,12.4433584319254,4.08034836440929
"Schnabel903","Feminine","Version 3","Version 8",-0.324629375856487,0.0218233737152454,-0.343873868339807,-0.181006995938873,-0.506740740740741,-0.881829396977071,6.58112635523818,-8.34478514919232,4.98976469319722,10.5094272571925,0.771006413963485
"Schnabel903","Feminine","Version 4","Version 5",-0.319013008801921,0.0225093272153574,-0.394596979338547,-0.197694708302282,-0.591499250374813,-3.35789558761481,5.38969020881562,-12.1054813840452,3.16947570777475,9.55017038325659,-1.78993817372131
"Schnabel903","Feminine","Version 4","Version 6",-0.321532172995786,0.0222760289587251,-0.341176345350861,-0.139106313890129,-0.543246376811594,-0.881852523691446,8.18933479767295,-9.95303984505584,4.82557323806199,11.1450051823876,-0.379436414513295
"Schnabel903","Feminine","Version 4","Version 7",-0.342516036194251,0.0223672102254118,-0.285908600401318,-0.134904157324376,-0.436913043478261,2.53082236105689,9.28197467532197,-4.2203299532082,7.29970604668457,12.1364228937511,3.44881845385528
"Schnabel903","Feminine","Version 4","Version 8",-0.296486883140719,0.0223826784930454,-0.303580992352171,-0.127248941226081,-0.479913043478261,-0.316946392883958,7.56111213263518,-8.19500491840309,4.74110744443119,10.2512500118318,0.222680047605829
"Schnabel903","Feminine","Version 5","Version 6",-0.00251916419386756,0.0219072439495096,0.0534206339876859,0.0585883944121534,0.0482528735632184,2.55348405808051,2.78937682653544,2.31759128962557,1.6849598639987,1.51147566428987,1.45769040472578
"Schnabel903","Feminine","Version 5","Version 7",-0.0235030273923259,0.0219999537399761,0.108688378937229,0.0627905509779059,0.154586206896552,6.0087129223981,3.92244362829854,8.09498221649766,4.21329419223734,2.5592658433664,5.34213683504146
"Schnabel903","Feminine","Version 5","Version 8",0.0225261256612057,0.0220156800443768,0.0910159869863765,0.0704457670762013,0.111586206896552,3.11095824372067,2.17661418218308,4.04530230525827,1.61416323049229,0.64936631760521,2.06082626917717
"Schnabel903","Feminine","Version 6","Version 7",-0.0209838631984582,0.0217611952576835,0.0552677449495429,0.00420215656575257,0.106333333333333,3.50401746067133,1.15738218723615,5.85065273410651,2.5982228120524,1.05716537263121,3.93768792288269
"Schnabel903","Feminine","Version 6","Version 8",0.0250452898550728,0.0217770939819414,0.0375953529986906,0.0118573726640479,0.0633333333333333,0.57629650466793,-0.605586640805284,1.75817965014114,-0.0282380268315457,-0.87258231078204,0.621410932542794
"Schnabel903","Feminine","Version 7","Version 8",0.0460291530535303,0.0218703554931347,-0.0176723919508523,0.00765521609829534,-0.043,-2.91268905182538,-1.75460965722669,-4.07076844642407,-2.57857686484594,-1.92926772786756,-3.29488286953435
"Schnabel903","Masculine","Version 1","Version 2",-0.00706099752484976,0.0212116276871461,0.0197886252194226,-0.0251208171940051,0.0646980676328502,1.26579737963923,-0.851411307775279,3.38300606705373,0.956105161966146,-0.298067331703235,2.19068687283712
"Schnabel903","Masculine","Version 1","Version 3",-0.0267266809073546,0.0212116276871487,0.0186945604660112,-0.0219627309198294,0.0593518518518519,2.14133691404006,0.224591439081849,4.05808238899827,1.85075030613419,0.70726723059452,2.96466251141897
"Schnabel903","Masculine","Version 1","Version 4",-0.00476455320727847,0.0217083880433008,0.0995696202802607,0.0774846511885408,0.121654589371981,4.80616862382543,3.78882136397048,5.82351588368038,3.14223216614268,2.08605052235661,3.62895643059211
"Schnabel903","Masculine","Version 1","Version 5",0.362743628185884,0.0211179883513766,0.597458951566011,0.520789550641601,0.674128352490421,11.1144735698667,7.48394779966882,14.7449993400645,0.670843455614595,-4.23020304621504,2.22359070503871
"Schnabel903","Masculine","Version 1","Version 6",0.376869016745098,0.0209101890266609,0.50441910521297,0.424560432648162,0.584277777777778,6.09990126369698,2.28077402084965,9.9190285065443,-2.79934119574182,-7.36543731434972,-1.04071275851005
"Schnabel903","Masculine","Version 1","Version 7",0.358505104989396,0.0209245589868104,0.487697919538266,0.426451394632088,0.548944444444444,6.17421923350002,3.24720294872267,9.10123551827736,-2.4229042225092,-6.43527822489153,-1.18838269156675
"Schnabel903","Masculine","Version 1","Version 8",0.316407641249784,0.0209680943531622,0.488998291597199,0.41971880541662,0.558277777777778,8.23110805591098,4.92706501729642,11.5351510945255,-0.371137566303824,-4.5829084823897,1.09223480556684
"Schnabel903","Masculine","Version 2","Version 3",-0.0196656833824962,0.0213501163900662,-0.00109406475341135,0.00315808627417566,-0.00534621578099836,0.869860299109466,1.06902319592465,0.670697402294278,0.924485035549796,0.99008830128822,0.773452218814487
"Schnabel903","Masculine","Version 2","Version 4",0.00229644431758265,0.0218437275246152,0.0797809950608381,0.102605468382546,0.0569565217391304,3.54722199569373,4.59212027580583,2.50232371558163,2.22916312264747,2.3540398706015,1.48357334317513
"Schnabel903","Masculine","Version 2","Version 5",0.369804625710751,0.0212570871179467,0.577670326346588,0.545910367835606,0.609430284857571,9.77865403112277,8.28456604367839,11.2727420185671,-0.251807738980162,-3.91385550118199,0.0275550496432556
"Schnabel903","Masculine","Version 2","Version 6",0.383930014269959,0.0210506609364595,0.484630479993547,0.449681249842167,0.519579710144928,4.7837199044509,3.12347606427538,6.44396374462642,-3.70792713418447,-7.02479013153937,-3.23664531127956
"Schnabel903","Masculine","Version 2","Version 7",0.365566102514238,0.0210649350704808,0.467909294318844,0.451572211826093,0.484246376811594,4.85846224838469,4.08290407846446,5.63402041830492,-3.33339577900724,-6.10109393098051,-3.38184789113492
"Schnabel903","Masculine","Version 2","Version 8",0.323468638774644,0.0211081809148538,0.469209666377776,0.444839622610625,0.493579710144928,6.90448069357672,5.74994995189628,8.05901143525716,-1.29341372163354,-4.26179056050715,-1.11188833145611
"Schnabel903","Masculine","Version 3","Version 4",0.0219621277000739,0.0218437275246152,0.0808750598142495,0.0994473821083702,0.0623027375201288,2.69701826521083,3.54725420929097,1.84678232113068,1.3604066483318,1.37779703785064,0.731994517353693
"Schnabel903","Masculine","Version 3","Version 5",0.389470309093247,0.0212570871179467,0.5787643911,0.54275228156143,0.61477650063857,8.90498688538267,7.21086438690706,10.5991093838583,-1.14453963610734,-4.91704010112982,-0.744765400163733
"Schnabel903","Masculine","Version 3","Version 6",0.403595697652457,0.0210506609364595,0.485724544746959,0.446523163567991,0.524925925925926,3.90148543755487,2.03924551562106,5.76372535948867,-4.60941330449924,-8.03781212172025,-4.01653926017149
"Schnabel903","Masculine","Version 3","Version 7",0.385231785896738,0.0210649350704808,0.469003359072255,0.448414125551917,0.489592592592593,3.97682560592886,2.99940823191615,4.95424297994157,-4.23427107943952,-7.1134294717798,-4.16121336411608
"Schnabel903","Masculine","Version 3","Version 8",0.343134322157143,0.0211081809148538,0.470303731131188,0.44168153633645,0.498925925925926,6.02465032335195,4.66867394101022,7.38062670569367,-2.19244333421615,-5.27205205686706,-1.88965706248723
"Schnabel903","Masculine","Version 4","Version 5",0.36750818139316,0.0217528093597191,0.49788933128575,0.44330489945306,0.552473763118441,5.9937614372709,3.48445650428291,8.50306637025889,-2.44956624326918,-6.19710551448697,-1.4584332279263
"Schnabel903","Masculine","Version 4","Version 6",0.381633569952378,0.0215511319461905,0.404849484932709,0.347075781459621,0.462623188405797,1.07724805538275,-1.60352544724993,3.75802155801543,-5.8459372645834,-9.25630093073198,-4.66074280144062
"Schnabel903","Masculine","Version 4","Version 7",0.363269658196676,0.0215650748160984,0.388128299258006,0.348966743443547,0.427289855072464,1.15272686384434,-0.663244383573922,2.9686981112626,-5.47876671497539,-8.35269232933942,-4.80170679628224
"Schnabel903","Masculine","Version 4","Version 8",0.321172194457071,0.0216073196818702,0.389428671316938,0.34223415422808,0.436623188405797,3.15895158977719,0.974760409023849,5.34314277053052,-3.48186912588243,-6.551758188417,-2.58156499466602
"Schnabel903","Masculine","Version 5","Version 6",0.0141253885592033,0.020956302363072,-0.0930398463530412,-0.0962291179934388,-0.0898505747126437,-5.11374731360457,-5.26593406798246,-4.96156055922669,-3.43288778660902,-3.09527838913826,-3.27458776419104
"Schnabel903","Masculine","Version 5","Version 7",-0.00423852319650198,0.0209706407244576,-0.109761032027745,-0.0943381560095126,-0.125183908045977,-5.03191629753946,-4.29646542501343,-5.7673671700655,-3.05684905135562,-2.17009402453738,-3.42040739093087
"Schnabel903","Masculine","Version 5","Version 8",-0.0463359869361093,0.0210140806224041,-0.108460659968812,-0.10107074522498,-0.115850574712644,-2.9563355232619,-2.60467061454574,-3.30800043197806,-1.00827291807704,-0.330624066267138,-1.14017209553407
"Schnabel903","Masculine","Version 6","Version 7",-0.0183639117557046,0.0207613666581966,-0.0167211856747035,0.00189096198392624,-0.0353333333333333,0.0791241784823698,0.975604066586543,-0.817355709621804,0.414112171467452,0.923399988155499,-0.1449264620147
"Schnabel903","Masculine","Version 6","Version 8",-0.0604613754953119,0.0208052435103917,-0.0154208136157707,-0.00484162723154147,-0.026,2.16486588378764,2.67335242848707,1.65637933908821,2.47599550655335,2.77485562906563,2.15136125413787
"Schnabel903","Masculine","Version 7","Version 8",-0.0420974637396067,0.0208196859051355,0.0013003720589328,-0.00673258921546771,0.0093333333333333,2.08446160025088,1.69862670768802,2.47029649281374,2.09787690427676,1.84316994742115,2.29900096547761
"ShannonS2","tax credit effective","Control","Treatment",0.0140004736390292,0.0200248380099835,0.00978938964600218,0.0268515065647317,-0.00727272727272732,-0.210293036624194,0.641754650863869,-1.06234072411226,-0.380642541785209,-0.0254502876311623,-0.929005021147154
"ShannonS2","tax credit effective","Control","Immigrant without savings",-0.0384659960131664,0.019919330376056,-0.109629468179421,-0.0442589363588411,-0.175,-3.57258355691495,-0.290820034424356,-6.85434707940555,-1.64341384540681,0.643677778224683,-3.50924165805623
"ShannonS2","tax credit effective","Control","Immigrant",-0.0375703666842911,0.0202742962183263,-0.0724545135261119,-0.0177521643071258,-0.127156862745098,-1.72060950802763,0.977503838542681,-4.41872285459794,-0.467626986554808,1.307756487074,-2.03208317951385
"ShannonS2","tax credit effective","Control","Illegal without savings",-0.120622911989816,0.0200010469598246,-0.218968327124408,-0.0767085840733764,-0.361228070175439,-4.91701336095726,2.19560146049598,-12.0296281824105,-1.08045513540456,3.85580212006772,-5.1475028776062
"ShannonS2","tax credit effective","Control","Illegal",-0.0982218754730555,0.0199424352640831,-0.126305888080615,-0.0639659428278967,-0.188645833333333,-1.40825391862446,1.71774069673701,-4.53424853398592,0.811657281049375,3.09550350024974,-0.932077988762125
"ShannonS2","tax credit effective","Immigrant without savings","Treatment",0.0524664696521969,0.0198211276997319,0.119418857825423,0.0711104429235728,0.167727272727273,3.37782941452577,0.940611127369311,5.81504770168223,1.26793684601058,-0.737495698357808,2.58285831752005
"ShannonS2","tax credit effective","Immigrant","Treatment",0.05157084032332,0.0201778211858241,0.0822439031721141,0.0446036708718575,0.119884135472371,1.52013750971009,-0.345288492117141,3.38556351153732,0.0930250514433069,-1.40303594895735,1.11471286717441
"ShannonS2","tax credit effective","Immigrant","Immigrant without savings",-0.000895629328878738,0.0200731176729336,-0.0371749546533087,-0.0265067720517154,-0.047843137254902,-1.80735877284019,-1.27589262117317,-2.33882492450721,-1.15758576306207,-0.746218924837678,-1.43505819371367
"ShannonS2","tax credit effective","Illegal without savings","Treatment",0.134623385628858,0.0199032474774291,0.22875771677041,0.103560090638108,0.353955342902711,4.72959657705624,-1.56071490473986,11.0199080588523,0.703727807525431,-3.9650034727117,4.23292065588806
"ShannonS2","tax credit effective","Illegal without savings","Immigrant without savings",0.0821569159766515,0.0197970918433022,0.109338858944987,0.0324496477145353,0.186228070175439,1.37302706798987,-2.51083687723221,5.25689101321195,-0.561038432829494,-3.31286926777179,1.66440094989571
"ShannonS2","tax credit effective","Illegal without savings","Immigrant",0.0830525453055266,0.0201542107255564,0.146513813598296,0.0589564197662507,0.234071207430341,3.14878459677399,-1.19558765497679,7.49315684852477,0.602750763561071,-2.574795202123,3.05906229438621
"ShannonS2","tax credit effective","Illegal","Treatment",0.112222349112097,0.0198443469260349,0.136095277726617,0.0908174493926284,0.181373106060606,1.20300903342904,-1.07863966495097,3.48465773180905,-1.19883955183331,-3.20132703259226,-0.00598026545542086
"ShannonS2","tax credit effective","Illegal","Immigrant without savings",0.0597558794598933,0.0197378745113343,0.0166764199011945,0.0197070064690555,0.0136458333333334,-2.18257845007378,-2.02903676218227,-2.33612013796529,-2.47765209163869,-2.54318042311578,-2.60500406617643
"ShannonS2","tax credit effective","Illegal","Immigrant",0.060651508788769,0.0200960457489319,0.0538513745545031,0.0462137785207709,0.0614889705882353,-0.338381705496828,-0.71843637541308,0.0416729644194245,-1.27630535388912,-1.8165147724591,-1.13029976190292
"ShannonS2","tax credit effective","Illegal","Illegal without savings",-0.0224010365167588,0.0198203392272653,-0.0926624390437925,-0.0127426412454797,-0.172582236842105,-3.54491422782415,0.487297172895645,-7.57712562854395,-1.90602775282,0.711464760428796,-4.26183150629921
"ShannonS28","immigrant intake","neg immigration rep cue","pos immigration rep cue",-0.0879807711439832,0.0122861220207098,-0.231385871082508,-0.20721618660946,-0.255555555555556,-11.672120763313,-9.70488615239944,-13.6393553742266,-5.06796060472357,-2.22739792148447,-5.66797769799524
"Terman1029","naitonalist superiority","International Rights Group Condemns Abuses in the US- <U+201C>stigmatic<U+201D>","New York Rights Group Condemns Abuses in the United States",0.0331168831168821,0.0191955988487713,0.0254048051534722,0.0119962228830093,0.0388133874239351,-0.401762821997268,-1.10028660216687,0.296760958172331,-0.853833473506063,-1.43991849643398,-0.469760820144005
"Terman1029","naitonalist superiority","International Rights Group Condemns Abuses in the US- <U+201C>stigmatic<U+201D>","Rights Group Condemns Abuses Worldwide",0.0115783410138237,0.0193546574572443,0.0672996153108537,0.0844459739167266,0.0501532567049808,2.87895946596429,3.76486295682949,1.9930559750991,1.67445831114955,1.75008915714861,1.00895819013206
"Terman1029","naitonalist superiority","International Rights Group Condemns Abuses in the US- <U+201C>reintegrative<U+201D>","International Rights Group Condemns Abuses in the US- <U+201C>stigmatic<U+201D>",-0.0261532738095203,0.0192074971942065,-0.161989796843313,-0.145358904031453,-0.178620689655172,-7.07205741905638,-6.20620318288469,-7.93791165522808,-4.11571114845343,-2.87336541598674,-4.37841618117745
"Terman1029","naitonalist superiority","International Rights Group Condemns Abuses in the US- <U+201C>reintegrative<U+201D>","New York Rights Group Condemns Abuses in the United States",0.00696360930735928,0.0187451783039857,-0.136584991689841,-0.133362681148444,-0.139807302231237,-7.65789466866143,-7.48599390094712,-7.82979543637573,-5.10206635708123,-4.35782258879098,-4.97369163751837
"Terman1029","naitonalist superiority","International Rights Group Condemns Abuses in the US- <U+201C>reintegrative<U+201D>","Rights Group Condemns Abuses Worldwide",-0.0145749327956993,0.0189080263320239,-0.0946901815324591,-0.0609129301147266,-0.128467432950192,-4.23710266370167,-2.4507051399937,-6.02350018740963,-2.47729355142217,-1.06704354547734,-3.4211585609929
"Terman1029","naitonalist superiority","New York Rights Group Condemns Abuses in the United States","Rights Group Condemns Abuses Worldwide",-0.0215385421030589,0.018895939417504,0.0418948101573815,0.0724497510337173,0.0113398692810457,3.35698325756061,4.97399420373414,1.73997231138708,2.59289571173812,3.19488637748579,1.51685288488117
"Terman1029","naitonalist superiority","International Rights Group Codemns Abuse in US","International Rights Group Condemns Abuses in the US- <U+201C>stigmatic<U+201D>",-0.0353082318198554,0.0191719647609497,0.00574270860505166,-0.00240173012531986,0.0138871473354232,2.14119632164782,1.71638651045098,2.56600613284466,2.04682476342425,1.71296944855217,2.29533063315063
"Terman1029","naitonalist superiority","International Rights Group Codemns Abuse in US","International Rights Group Condemns Abuses in the US- <U+201C>reintegrative<U+201D>",-0.00915495801033659,0.018720975596384,0.167732505448364,0.142957173906133,0.192507836990596,9.44862422089091,8.1252246248241,10.7720238169577,6.32931496370729,4.64126738846684,6.8490765168367
"Terman1029","naitonalist superiority","International Rights Group Codemns Abuse in US","New York Rights Group Condemns Abuses in the United States",-0.00219134870297717,0.0187087678369758,0.0311475137585239,0.00959449275768942,0.0527005347593583,1.78199135036624,0.629963531717635,2.93401916901484,1.21093057476849,0.339038181507736,1.86392167875872
"Terman1029","naitonalist superiority","International Rights Group Codemns Abuse in US","Rights Group Condemns Abuses Worldwide",-0.0237298908060344,0.0188719300576852,0.0730423239159054,0.0820442437914067,0.064040404040404,5.12783877569171,5.60483926520102,4.65083828618239,3.78622804617439,3.59557609672183,3.36039070605915
"Terman1029","perception of domestic human rights conditions","International Rights Group Condemns Abuses in the US- <U+201C>stigmatic<U+201D>","New York Rights Group Condemns Abuses in the United States",-0.00921115921116,0.0194830327312907,-0.000729403030349351,-0.00234115900187515,0.000882352941176445,0.435340652443114,0.352614518696121,0.518066786190107,0.458519166208572,0.347858432714225,0.506766057625585
"Terman1029","perception of domestic human rights conditions","International Rights Group Condemns Abuses in the US- <U+201C>stigmatic<U+201D>","Rights Group Condemns Abuses Worldwide",-0.02141513170925,0.0196191966327173,-0.00728312081512072,-0.00382550088950073,-0.0107407407407407,0.720315472579671,0.896552042830158,0.544078902329185,0.860024088718625,0.925742725528017,0.759229415187027
"Terman1029","perception of domestic human rights conditions","International Rights Group Condemns Abuses in the US- <U+201C>reintegrative<U+201D>","International Rights Group Condemns Abuses in the US- <U+201C>stigmatic<U+201D>",-0.0096200096200095,0.0194830327312912,-0.0127251260074835,-0.0178640451184153,-0.00758620689655165,-0.159375412970843,-0.423139231561485,0.104388405619799,0.0788833834074006,-0.0707547964164138,0.259175099391278
"Terman1029","perception of domestic human rights conditions","International Rights Group Condemns Abuses in the US- <U+201C>reintegrative<U+201D>","New York Rights Group Condemns Abuses in the United States",-0.0188311688311682,0.0190276962115214,-0.0134545290378328,-0.0202052041202905,-0.00670385395537521,0.282569142032009,-0.0722123831412832,0.637350667205301,0.539920489834557,0.343757525723466,0.778122409926709
"Terman1029","perception of domestic human rights conditions","International Rights Group Condemns Abuses in the US- <U+201C>reintegrative<U+201D>","Rights Group Condemns Abuses Worldwide",-0.0310351413292588,0.0191670951169607,-0.0200082468226042,-0.0216895460079161,-0.0183269476372924,0.575303374839364,0.487585378186648,0.663021371492079,0.950226454769894,0.935243707693801,1.03448165768157
"Terman1029","perception of domestic human rights conditions","New York Rights Group Condemns Abuses in the United States","Rights Group Condemns Abuses Worldwide",-0.0122039724980901,0.0191670951169607,-0.00655371778477137,-0.00148434188762558,-0.0116230936819172,0.294789308387103,0.559272573389527,0.0303060433846797,0.424499703148899,0.534400059924026,0.268121552465298
"Terman1029","perception of domestic human rights conditions","International Rights Group Codemns Abuse in US","International Rights Group Condemns Abuses in the US- <U+201C>stigmatic<U+201D>",0.0113570601851861,0.0194951272854571,0.00950080009600929,0.0211228123132307,-0.00212121212121208,-0.0952166180808419,0.500932975971365,-0.691366212133049,-0.255363646948102,-0.0433291182543167,-0.643789838005812
"Terman1029","perception of domestic human rights conditions","International Rights Group Codemns Abuse in US","International Rights Group Condemns Abuses in the US- <U+201C>reintegrative<U+201D>",0.0209770698051947,0.0190400800047044,0.0222259261034928,0.038986857431646,0.00546499477533957,0.0655909165292138,0.945888232717588,-0.814706399659161,-0.331849757750657,-0.0319475136054217,-0.918236791879221
"Terman1029","perception of domestic human rights conditions","International Rights Group Codemns Abuse in US","New York Rights Group Condemns Abuses in the United States",0.00214590097402634,0.0190400800047038,0.00877139706565994,0.0187816533113555,-0.00123885918003563,0.347976273733975,0.873722816984979,-0.177770269517028,0.197384082199615,0.371570135581676,-0.14676434917444
"Terman1029","perception of domestic human rights conditions","International Rights Group Codemns Abuse in US","Rights Group Condemns Abuses Worldwide",-0.0100580715240642,0.0191793889029399,0.00221767928088856,0.0172973114237299,-0.0128619528619528,0.640049110379687,1.42629064389017,-0.146192423130794,0.609917581744307,0.962476778340928,0.116152113043092
"Terman1029","donating to HRAC","International Rights Group Condemns Abuses in the US- <U+201C>stigmatic<U+201D>","New York Rights Group Condemns Abuses in the United States",0.00365122207227632,0.02238210810863,-0.0177464860080316,-0.0372069679592681,0.00171399594320487,-0.956018440106519,-1.82548443753564,-0.0865524426773946,-0.670250237529398,-1.13135675124079,-0.110587183300038
"Terman1029","donating to HRAC","International Rights Group Condemns Abuses in the US- <U+201C>stigmatic<U+201D>","Rights Group Condemns Abuses Worldwide",0.0259000259000264,0.0224681493021281,-0.0152103203946048,-0.019335072462262,-0.0110855683269476,-1.82971662426765,-2.01329881486963,-1.64613443366566,-1.58447405851282,-1.67838427335867,-1.45240059229233
"Terman1029","donating to HRAC","International Rights Group Condemns Abuses in the US- <U+201C>reintegrative<U+201D>","International Rights Group Condemns Abuses in the US- <U+201C>stigmatic<U+201D>",-0.0118222401686988,0.0223679998746249,0.0351809282132043,-0.021017453918419,0.0913793103448276,2.10135768264311,-0.41108788453417,4.61380324982038,1.56072734052852,-0.0409590163186344,3.0580274052329
"Terman1029","donating to HRAC","International Rights Group Condemns Abuses in the US- <U+201C>reintegrative<U+201D>","New York Rights Group Condemns Abuses in the United States",-0.00817101809642311,0.0219192504735263,0.0174344422051727,-0.0582244218776871,0.0930933062880325,1.16817225719108,-2.28353628431399,4.61988079869614,0.899298418062153,-1.14493996334172,3.00237467532682
"Terman1029","donating to HRAC","International Rights Group Condemns Abuses in the US- <U+201C>reintegrative<U+201D>","Rights Group Condemns Abuses Worldwide",0.0140777857313283,0.0220071013765445,0.0199706078185995,-0.0403525263806809,0.08029374201788,0.267769116270439,-2.47330673770703,3.00884497024791,-0.0402887751856649,-1.70328043283594,1.62003268180449
"Terman1029","donating to HRAC","New York Rights Group Condemns Abuses in the United States","Rights Group Condemns Abuses Worldwide",0.022248803827752,0.0220214408246301,0.00253616561342682,0.0178718954970061,-0.0127995642701525,-0.895156605387844,-0.198756673807214,-1.59155653696847,-0.926451552065663,-0.614407294516231,-1.36415230503615
"Terman1029","donating to HRAC","International Rights Group Codemns Abuse in US","International Rights Group Condemns Abuses in the US- <U+201C>stigmatic<U+201D>",-0.0332582029709982,0.0223399780421337,-0.0332622047589982,-0.0489904492254154,-0.017533960292581,-0.000179131241420856,-0.704219414394492,0.70386115191165,0.528744241077556,0.227653564648703,1.00900064135088
"Terman1029","donating to HRAC","International Rights Group Codemns Abuse in US","International Rights Group Condemns Abuses in the US- <U+201C>reintegrative<U+201D>",-0.0214359628022987,0.0218762290365082,-0.0684431329722025,-0.0279729953069964,-0.108913270637409,-2.14877847966648,-0.298818982640399,-3.99873797669257,-1.04686350551423,0.22215219749677,-2.09103335713362
"Terman1029","donating to HRAC","International Rights Group Codemns Abuse in US","New York Rights Group Condemns Abuses in the United States",-0.0296069808987226,0.0218906542125395,-0.0510086907670298,-0.0861974171846835,-0.0158199643493762,-0.977664242489737,-2.58514139123099,0.629812906251513,-0.154690075173643,-0.872257116708466,0.911297482734068
"Terman1029","donating to HRAC","International Rights Group Codemns Abuse in US","Rights Group Condemns Abuses Worldwide",-0.00735817707097057,0.0219786194181821,-0.048472525153603,-0.0683255216876774,-0.0286195286195287,-1.87065198684045,-2.77393877461979,-0.96736519906111,-1.09128116398862,-1.43240654254726,-0.464482358447888
"Bougher893","warmth Candidate A","CONTROL (NO PARTY CUE) x ALIGNED","CONTROL (NO PARTY CUE) x CROSS-PRESSURED, SALIENT",0.0479097768219149,0.0182276508202216,-0.00580890578683979,-0.000848580804448829,-0.0107692307692308,-2.94709851195743,-2.67496662665227,-3.21923039726259,-2.82740165962444,-2.7198322079784,-2.98897839991315
"Bougher893","warmth Candidate A","CONTROL (NO PARTY CUE) x ALIGNED","CONTROL (NO PARTY CUE) x CROSS-PRESSURED, NON-SALIENT",-0.0103875285375356,0.0183029340333842,-0.0544133036845651,-0.0615189150614379,-0.0473076923076923,-2.40539440653217,-2.7936169376254,-2.01717187543894,-1.35595306828639,-1.34972261158325,-1.02335806507952
"Bougher893","warmth Candidate A","CONTROL (NO PARTY CUE) x CROSS-PRESSURED, NON-SALIENT","CONTROL (NO PARTY CUE) x CROSS-PRESSURED, SALIENT",0.0582973053594517,0.0187726069671979,0.0486043978977253,0.0606703342569891,0.0365384615384615,-0.516332519967165,0.126409129093463,-1.15907416902779,-1.41546835080718,-1.38878607572402,-1.90057923644977
"Bougher893","warmth Candidate B","CONTROL (NO PARTY CUE) x ALIGNED","CONTROL (NO PARTY CUE) x CROSS-PRESSURED, SALIENT",-0.0127037258768843,0.0179482891876672,0.0904871801691298,-0.00744669229331929,0.188421052631579,5.74934496358126,0.292898867886377,11.2057910592761,3.99148312073204,0.412421533181178,7.18953731591549
"Bougher893","warmth Candidate B","CONTROL (NO PARTY CUE) x ALIGNED","CONTROL (NO PARTY CUE) x CROSS-PRESSURED, NON-SALIENT",-0.00254898246373662,0.01806274267101,0.0936662149723621,0.0257534825763032,0.161578947368421,5.32672137274704,1.56689742834372,9.08654531715037,3.5183456771018,0.860248744548394,5.66483676814979
"Bougher893","warmth Candidate B","CONTROL (NO PARTY CUE) x CROSS-PRESSURED, NON-SALIENT","CONTROL (NO PARTY CUE) x CROSS-PRESSURED, SALIENT",-0.0101547434131464,0.0184145129812005,-0.00317903480323228,-0.0332001748696225,0.0268421052631579,0.378815807783547,-1.25148199574995,2.00911361131704,0.447270060770926,-0.506940263815133,1.45484045610065
"Bougher893","warmth gop","CONTROL (NO PARTY CUE) x ALIGNED","CONTROL (NO PARTY CUE) x CROSS-PRESSURED, SALIENT",-0.0114994950442843,0.0187527264472175,-0.0169892404852073,-0.0075499095418432,-0.0264285714285715,-0.29274385548015,0.2106139346488,-0.796101645609101,0.0324488828121685,0.327481167571588,-0.252508782142052
"Bougher893","warmth gop","CONTROL (NO PARTY CUE) x ALIGNED","CONTROL (NO PARTY CUE) x CROSS-PRESSURED, NON-SALIENT",0.0166697669329249,0.0188516107618273,-0.0191733900047014,-0.0144182085808313,-0.0239285714285715,-1.90133126502936,-1.64908855304324,-2.15357397701548,-1.53725863767545,-1.3692220598566,-1.66361853945101
"Bougher893","warmth gop","CONTROL (NO PARTY CUE) x CROSS-PRESSURED, NON-SALIENT","CONTROL (NO PARTY CUE) x CROSS-PRESSURED, SALIENT",-0.02816926197721,0.019251192640741,0.00218414951949403,0.00686829903898806,-0.0025,1.57670291202985,1.82002027978509,1.33338554427462,1.54459241306487,1.59752901221766,1.38689763031042
"FarrowS6","Disappointment","Condition 1 disappointment","Condition 2 disappointment",-0.00828227628015123,0.0165548596125286,0.0337883210750916,0.0205311876047286,0.0470454545454546,2.54128384896747,1.74048373464152,3.34208396329343,1.83415239948927,1.11452561860126,2.25177533850056
"Haaland874","Racial Discrimination perception","CONTROL","TREATMENT",-0.0422810068046095,0.0152327496574553,-0.0473745465925516,-0.0247490931851031,-0.07,-0.334380850633173,1.15093558377531,-1.81969728504165,0.763885002119073,1.804146923387,-0.0563019155345344
"Haaland874","Affirmative action: Preference","CONTROL","TREATMENT",0.00848057047173669,0.0138908539970606,-0.0102934245718483,-0.0509868491436967,0.0304,-1.35153641723956,-4.28104849622761,1.57797566174849,-1.08299879624545,-2.71653054362122,0.738074005856111
"Haaland874","Affirmative action: Assistance","CONTROL","TREATMENT",-0.00504710861711458,0.0133661925008417,0.00404095461885198,-0.018718090762296,0.0268,0.679929099883478,-1.02280302668996,2.38266122645691,0.583047848817242,-0.480993360558353,1.61314829053629
"Williamson859","Food stamps","COND1","COND2",0.0109126984126989,0.02472196853112,-0.0774099470254986,-0.0138198940509973,-0.141,-3.57263804971749,-1.00042973651402,-6.14484636292096,-2.47661835755627,-0.798008619634434,-3.97340170268435
"Williamson859","Food stamps","COND1","CONTROL",-0.00389491075288731,0.0246014316426958,-0.0794906149204753,-0.0119812298409507,-0.147,-3.0728172760642,-0.32869302914996,-5.81694152297843,-1.94180812085214,-0.158840358321501,-3.54162246232573
"Williamson859","Food stamps","COND2","CONTROL",-0.0148076091655849,0.0246014316426966,-0.00208066789497671,0.00183866421004658,-0.00600000000000001,0.517325229500881,0.676638401268542,0.358012057733219,0.546362483538966,0.594243397996789,0.442303556316601
"Williamson859","Social Security","COND1","COND2",0.00467688916008961,0.0285227242567065,-0.000676177939918046,-0.0238523558798361,0.0225,-0.187677272753812,-1.00022861712509,0.624874071617463,-0.179876991765415,-0.666838218511091,0.315595149724331
"Williamson859","Social Security","COND1","CONTROL",0.00352659869244682,0.0284115284379305,-0.0708657258954768,-0.0267314517909536,-0.115,-2.61838516538966,-1.064991999621,-4.17177833115832,-1.74536338412437,-0.684793337041366,-2.63215914877744
"Williamson859","Social Security","COND2","CONTROL",-0.00115029046764327,0.0283831071238976,-0.0701895479555588,-0.00287909591111751,-0.1375,-2.43240661378426,-0.060909661367506,-4.80390356620101,-1.56685388431918,-0.0576888274337671,-2.95969450463488
"Williamson859","Military","COND1","COND2",-0.0127311527659441,0.0270096200783586,0.0435655712721389,-0.0633688574557221,0.1505,2.08432121128541,-1.87480255341879,6.04344497598961,1.51890721950207,-0.865769377047375,3.90516365812185
"Williamson859","Military","COND1","CONTROL",0.00665075693697751,0.0268780603839554,-0.0170683983046452,-0.0131367966092903,-0.021,-0.882472726930161,-0.736197227910083,-1.02874822595024,-0.660608554266071,-0.561425987464466,-0.738251409020274
"Williamson859","Military","COND2","CONTROL",0.0193819097029219,0.0268645804278771,-0.0606339695767841,0.0502320608464318,-0.1715,-2.97848981838832,1.14835782476979,-7.10533746154643,-2.18858082531386,0.264015101464252,-4.67305943135718
"AnsonBRIEF60","economy_positivity","Control group 1","Treatment group 1",0.00299603174603197,0.024640110463244,-0.14439989808739,-0.208110141002366,-0.0806896551724138,-5.98195085420963,-8.56758223804671,-3.39631947037254,-3.92580333829071,-4.82640224339977,-2.14183271427707
"AnsonBRIEF60","blue_collar_positivity","Control group 1","Treatment group 1",-0.038062169312169,0.0201040592582428,-0.0247313704301043,0.0119165694846191,-0.0613793103448276,0.663089911884289,2.48600236175172,-1.15982253798314,1.09788703151918,2.16061064986379,0.00915639399045868
"Braman751","scholar_credibility","Gun Control, Clear Authority, 85% support","Immigration, Divided, 15% support",-0.113782051282049,0.100329960251544,-0.0421450229134396,-0.14592599052734,0.0616359447004609,0.714014320238972,-0.320382258347367,1.74841089882531,0.862792087712614,0.293346605494942,1.53494441661431
"Braman751","scholar_credibility","Gun Control, Clear Authority, 85% support","Immigration, Clearly No Authority, 85% support",0.129670329670333,0.108361116279259,0.00129115387880784,-0.0769891208138129,0.0795714285714286,-1.18473471111794,-1.90713659641121,-0.46233282582466,-1.18710829324035,-1.61907595885039,-0.722690343432315
"Braman751","scholar_credibility","Gun Control, Clear Authority, 85% support","Immigration, Clearly No Authority, 15% support",-0.0585284280936431,0.101302970324959,0.0311760841120868,-0.0894010785290731,0.151753246753247,0.885507225681304,-0.304755628945498,2.07577008030811,0.779842613676491,0.0573362471831617,1.5273015823984
"Braman751","scholar_credibility","Gun Control, Clear Authority, 85% support","Gun Control, Divided, 85% support",-0.114345114345113,0.106806471227469,-0.0216518950835994,-0.120323494600696,0.0770197044334975,0.86786145255283,-0.0559739516424162,1.79169685674808,0.940544723322286,0.414968238034387,1.53660170998318
"Braman751","scholar_credibility","Gun Control, Clear Authority, 85% support","Gun Control, Divided. 15% support",0.16801619433199,0.106082854387383,0.0443631009259889,-0.0783067651809893,0.167032967032967,-1.1656275099316,-2.32198653529327,-0.00926848456992865,-1.30998590864791,-2.02226908749584,-0.587597543998508
"Braman751","scholar_credibility","Gun Control, Clear Authority, 85% support","Gun Control, Clearly No Authority, 85% support",-0.0610859728506762,0.109197728427998,0.0200181854001439,-0.0755350577711407,0.115571428571429,0.742727522068353,-0.132320379997574,1.61777542413428,0.680421738755199,0.147668789591413,1.2345017443393
"Braman751","scholar_credibility","Gun Control, Clear Authority, 85% support","Gun Control, Clearly No Authority, 15% support",-0.0441898527004886,0.100807287551177,0.0401678395127298,-0.066735749545969,0.147071428571429,0.836821367407516,-0.223653442059281,1.89729617687431,0.699456248534253,0.0411968088508476,1.36372759793887
"Braman751","scholar_credibility","Gun Control, Clear Authority, 85% support","Immigration, Clear Authority, 85% support",-0.140170940170937,0.101818107076805,-0.0806013845340835,-0.155607530972929,-0.0055952380952381,0.585058565191337,-0.151609485239667,1.32172661562234,0.863694024363158,0.495026839740401,1.36156269816657
"Braman751","scholar_credibility","Gun Control, Clear Authority, 85% support","Immigration, Clear Authority, 15% support",-0.147773279352223,0.106082854387383,-0.0495340461758254,-0.155972854256413,0.0569047619047619,0.926061367255993,-0.0772940636971088,1.92941679820909,1.09111973876157,0.544862841414895,1.74442466819918
"Braman751","scholar_credibility","Gun Control, Clear Authority, 85% support","Immigration, Divided, 85% support",-0.140170940170939,0.101818107076806,-0.0338872276831693,-0.159095883937767,0.0913214285714286,1.04385865676716,-0.185870119865347,2.27358743339967,1.16211044703438,0.47585509694588,1.95277445242124
"Braman751","scholar_credibility","Gun Control, Clear Authority, 15% support","Gun Control, Clear Authority, 85% support",0.0883190883190866,0.0977994082277436,0.00937818768819654,-0.0504308167418335,0.0691871921182266,-0.807171557184292,-1.4187192701393,-0.195623844229281,-0.838707582862791,-1.2191485219734,-0.443868332561078
"Braman751","scholar_credibility","Gun Control, Clear Authority, 15% support","Immigration, Divided, 15% support",-0.0254629629629637,0.0923222804335316,-0.032766835225243,-0.196356807269174,0.130823136818687,-0.0791127800134645,-1.85105744251245,1.69283188248552,0.0470595323298823,-0.943520582707978,1.17690754686208
"Braman751","scholar_credibility","Gun Control, Clear Authority, 15% support","Immigration, Clearly No Authority, 85% support",0.217989417989417,0.100992247532464,0.0106693415670044,-0.127419937555646,0.148758620689655,-2.05283159339305,-3.42015713071474,-0.685506056071363,-2.0878397845026,-2.89115561319585,-1.22442721180474
"Braman751","scholar_credibility","Gun Control, Clear Authority, 15% support","Immigration, Clearly No Authority, 15% support",0.0297906602254408,0.0933787681276151,0.0405542718002834,-0.139831895270907,0.220940438871473,0.115268296965886,-1.81650024837054,2.04703684230231,-0.0344712126520521,-1.18582730500939,1.17129477450369
"Braman751","scholar_credibility","Gun Control, Clear Authority, 15% support","Gun Control, Divided, 85% support",-0.0260260260260265,0.09932232798538,-0.0122737073954029,-0.17075431134253,0.146206896551724,0.138461501150556,-1.45715760244572,1.73408060474683,0.183614407503919,-0.727108731638935,1.19583264924457
"Braman751","scholar_credibility","Gun Control, Clear Authority, 15% support","Gun Control, Divided. 15% support",0.256335282651072,0.098543769642459,0.0537412886141854,-0.128737581922823,0.236220159151194,-2.05587826375983,-3.90763278055055,-0.204123746969102,-2.24454876978888,-3.35959851589732,-1.09271391596411
"Braman751","scholar_credibility","Gun Control, Clear Authority, 15% support","Gun Control, Clearly No Authority, 85% support",0.0272331154684087,0.101889383324301,0.0293963730883404,-0.125965874512974,0.184758620689655,0.0212314330438762,-1.50358148202517,1.54604434811292,-0.0777190323590618,-0.985522980329634,0.877997879484803
"Braman751","scholar_credibility","Gun Control, Clear Authority, 15% support","Gun Control, Clearly No Authority, 15% support",0.0441292356185958,0.092840787177818,0.0495460272009264,-0.117166566287803,0.216258620689655,0.0583449553476508,-1.73733772417793,1.85402763487324,-0.126118764232753,-1.2105292292442,0.992317699859065
"Braman751","scholar_credibility","Gun Control, Clear Authority, 15% support","Immigration, Clear Authority, 85% support",-0.0518518518518533,0.0939373699284543,-0.0712231968458869,-0.206038347714762,0.0635919540229885,-0.206215534975989,-1.64137548219992,1.22894441224794,0.0608962986066165,-0.704051320327553,0.993061791524034
"Braman751","scholar_credibility","Gun Control, Clear Authority, 15% support","Immigration, Clear Authority, 15% support",-0.0594541910331397,0.0985437696424589,-0.0401558584876289,-0.206403670998246,0.126091954022989,0.195835136158582,-1.49121025609509,1.88288052841225,0.340253310414002,-0.596068324228042,1.41771950526881
"Braman751","scholar_credibility","Gun Control, Clear Authority, 15% support","Immigration, Divided, 85% support",-0.051851851851853,0.0939373699284542,-0.0245090399949728,-0.209526700679601,0.160508620689655,0.291074913825088,-1.67851036225347,2.26066018990364,0.38434792707094,-0.72483144821691,1.63387238421589
"Braman751","scholar_credibility","Gun Control, Divided, 85% support","Immigration, Divided, 15% support",0.000563063063061577,0.101815035779666,-0.0204931278298402,-0.0256024959266436,-0.0153837597330367,-0.206808264925316,-0.256991109312469,-0.156625420538162,-0.134540244617067,-0.172689806195862,-0.0803617117010508
"Braman751","scholar_credibility","Gun Control, Divided, 85% support","Immigration, Clearly No Authority, 85% support",0.244015444015443,0.109737560151598,0.0229430489624073,0.0433343737868835,0.00255172413793103,-2.0145554060764,-1.82873639573658,-2.20037441641622,-2.08587192178067,-2.02718877657268,-2.19154202868857
"Braman751","scholar_credibility","Gun Control, Divided, 85% support","Immigration, Clearly No Authority, 15% support",0.0558166862514662,0.102773986900373,0.0528279791956863,0.0309224160716233,0.0747335423197492,-0.0290803845011592,-0.242223454890146,0.184062685887828,-0.206878638991076,-0.400933554897026,-0.0726132770120672
"Braman751","scholar_credibility","Gun Control, Divided, 85% support","Gun Control, Divided. 15% support",0.282361308677097,0.107488476506614,0.0660149960095883,0.0420167294197071,0.0900132625994695,-2.01273959496668,-2.23600321698299,-1.78947597295038,-2.22562611227391,-2.43320919327272,-2.08875383533749
"Braman751","scholar_credibility","Gun Control, Divided, 85% support","Immigration, Clear Authority, 85% support",-0.025825825825827,0.103281786949309,-0.0589494894504841,-0.0352840363722325,-0.0826149425287356,-0.320711565930927,-0.0915767515820353,-0.549846380279818,-0.11930879000852,0.0328114356735127,-0.228028648238355
"Braman751","scholar_credibility","Gun Control, Divided, 85% support","Immigration, Clear Authority, 15% support",-0.0334281650071134,0.107488476506615,-0.027882151092226,-0.0356493596557164,-0.0201149425287356,0.0515963580016516,-0.0206644909370008,0.123857206940304,0.144080381307157,0.100352463367552,0.212772624101
"Braman751","scholar_credibility","Gun Control, Divided, 85% support","Immigration, Divided, 85% support",-0.0258258258258272,0.103281786949308,-0.0122353325995699,-0.0387723893370707,0.014301724137931,0.131586542290633,-0.125351854316752,0.388524938898018,0.174878560680207,0.0139113893210945,0.354804622542599
"Braman751","scholar_credibility","Gun Control, Divided. 15% support","Immigration, Divided, 15% support",-0.281798245614039,0.101055683708168,-0.0865081238394285,-0.0676192253463508,-0.105397022332506,1.93250012872682,2.11941587458062,1.74558438287302,2.23367038076406,2.38746543160287,2.15990820567744
"Braman751","scholar_credibility","Gun Control, Divided. 15% support","Immigration, Clearly No Authority, 85% support",-0.03834586466166,0.109033397667577,-0.043071947047181,0.00131764436717635,-0.0874615384615384,-0.0433452729770927,0.363773943372498,-0.450464489326684,0.09652833046112,0.333756635925633,-0.128781130135935
"Braman751","scholar_credibility","Gun Control, Divided. 15% support","Immigration, Clearly No Authority, 15% support",-0.226544622425636,0.102021772589524,-0.013187016813902,-0.0110943133480838,-0.0152797202797202,2.09129483046879,2.11180715262024,2.07078250831734,2.13838241833347,2.13330767417289,2.14650529475147
"Braman751","scholar_credibility","Gun Control, Divided. 15% support","Immigration, Clear Authority, 85% support",-0.308187134502929,0.102533298076054,-0.124964485460072,-0.0773007657919396,-0.172628205128205,1.78695752970856,2.25181841453817,1.32209664487895,2.2148988334209,2.55759054810739,1.97888713779186
"Braman751","scholar_credibility","Gun Control, Divided. 15% support","Immigration, Clear Authority, 15% support",-0.315789473684215,0.106769481972254,-0.0938971471018143,-0.0776660890754235,-0.110128205128205,2.07823736224611,2.23025700050387,1.92621772398834,2.38748267106634,2.52540425163806,2.33515824583186
"Braman751","scholar_credibility","Gun Control, Divided. 15% support","Immigration, Divided, 85% support",-0.308187134502928,0.102533298076053,-0.0782503286091581,-0.0807891187567779,-0.0757115384615384,2.24255739558105,2.21779675493789,2.26731803622422,2.51123373971132,2.53855253219128,2.56597506755997
"Braman751","scholar_credibility","Gun Control, Clearly No Authority, 85% support","Immigration, Divided, 15% support",-0.052696078431376,0.104320770264533,-0.0621632083135835,-0.0703909327561993,-0.0539354838709677,-0.0907501915313804,-0.169619667108988,-0.0118807159537725,0.119415671811979,0.101741752570562,0.202569339714447
"Braman751","scholar_credibility","Gun Control, Clearly No Authority, 85% support","Immigration, Clearly No Authority, 85% support",0.190756302521005,0.112066291567965,-0.0187270315213361,-0.00145406304267218,-0.036,-1.86928050452436,-1.71514880053924,-2.02341220850949,-1.80913223739006,-1.7334610684171,-1.88442262289677
"Braman751","scholar_credibility","Gun Control, Clearly No Authority, 85% support","Immigration, Clearly No Authority, 15% support",0.00255754475702839,0.105256895171617,0.0111578987119429,-0.0138660207579324,0.0361818181818182,0.0817082238735243,-0.15603315572042,0.319449603467469,0.0464958817468352,-0.12359611315587,0.207601260583334
"Braman751","scholar_credibility","Gun Control, Clearly No Authority, 85% support","Gun Control, Divided, 85% support",-0.0532591414944402,0.110563757536425,-0.0416700804837433,-0.0447884368295557,-0.038551724137931,0.104817901172352,0.0766137552994604,0.133022047045243,0.238323140569079,0.230668878041008,0.282644912451072
"Braman751","scholar_credibility","Gun Control, Clearly No Authority, 85% support","Gun Control, Divided. 15% support",0.229102167182658,0.109864890567841,0.024344915525845,-0.00277170740984853,0.0514615384615384,-1.8637187057532,-2.11053661815033,-1.61690079335607,-1.93941307633228,-2.12393378091831,-1.77675275919098
"Braman751","scholar_credibility","Gun Control, Clearly No Authority, 85% support","Immigration, Clear Authority, 85% support",-0.079084967320265,0.10575277354856,-0.100619569934227,-0.0800724732017881,-0.121166666666667,-0.203631563422533,-0.00933787217476346,-0.397925254670303,0.130808197171138,0.298668483499108,0.0544951554845809
"Braman751","scholar_credibility","Gun Control, Clearly No Authority, 85% support","Immigration, Clear Authority, 15% support",-0.0866873065015522,0.109864890567841,-0.0695522315759693,-0.0804377964852721,-0.0586666666666666,0.155964975134635,0.0568835956963071,0.255046354572964,0.379035878983189,0.354826095874853,0.474990918758116
"Braman751","scholar_credibility","Gun Control, Clearly No Authority, 85% support","Immigration, Divided, 85% support",-0.0790849673202647,0.10575277354856,-0.0539054130833132,-0.0835608261666264,-0.02425,0.238098287090215,-0.0423237963050344,0.518520370485464,0.418121657210672,0.280210049784302,0.623710124320604
"Braman751","scholar_credibility","Gun Control, Clearly No Authority, 15% support","Immigration, Divided, 15% support",-0.0695921985815625,0.0955028190064365,-0.0823128624261694,-0.079190240981371,-0.0854354838709678,-0.133196736776425,-0.100500095176893,-0.165893378375956,0.170128548075873,0.236494964842633,0.193327232205544
"Braman751","scholar_credibility","Gun Control, Clearly No Authority, 15% support","Immigration, Clearly No Authority, 85% support",0.173860182370818,0.103907742903919,-0.038876685633922,-0.0102533712678439,-0.0675000000000001,-2.04736299778403,-1.77189445649789,-2.32283153907017,-1.91470350688582,-1.75434852681221,-2.05806750298876
"Braman751","scholar_credibility","Gun Control, Clearly No Authority, 15% support","Immigration, Clearly No Authority, 15% support",-0.0143385753931582,0.0965245010904455,-0.00899175540064298,-0.0226653289831041,0.00468181818181812,0.05539339682787,-0.0862656993393163,0.197052492995056,0.0899692111584903,-0.0107453059821541,0.198732653589098
"Braman751","scholar_credibility","Gun Control, Clearly No Authority, 15% support","Gun Control, Divided, 85% support",-0.0701552616446268,0.102285433030144,-0.0618197345963292,-0.0535877450547274,-0.0700517241379311,0.0814928069556204,0.161973372933924,0.00101224097731689,0.294666817218755,0.36638428972536,0.279427762466175
"Braman751","scholar_credibility","Gun Control, Clearly No Authority, 15% support","Gun Control, Divided. 15% support",0.212206047032472,0.101529599177158,0.00419526141325906,-0.0115710156350202,0.0199615384615384,-2.0487698888307,-2.20405738307924,-1.89348239458217,-2.06130218205898,-2.18038479794038,-1.94890596380676
"Braman751","scholar_credibility","Gun Control, Clearly No Authority, 15% support","Gun Control, Clearly No Authority, 85% support",-0.0168961201501896,0.104779918915481,-0.0201496541125859,-0.00879930822517172,-0.0315000000000001,-0.031051121207879,0.0772744625957291,-0.139376705011487,0.0380260679288643,0.0885625703208064,-0.00699399681002217
"Braman751","scholar_credibility","Gun Control, Clearly No Authority, 15% support","Immigration, Clear Authority, 85% support",-0.0959810874704518,0.0970650011219481,-0.120769224046813,-0.0888717814269599,-0.152666666666667,-0.255376668107373,0.0732427338517218,-0.583996070066467,0.181564420951577,0.448742366714909,0.031876782743967
"Braman751","scholar_credibility","Gun Control, Clearly No Authority, 15% support","Immigration, Clear Authority, 15% support",-0.103583426651737,0.101529599177158,-0.0897018856885552,-0.0892371047104438,-0.0901666666666667,0.136724079240777,0.14130186721471,0.132146291266843,0.447484839924682,0.501874216326487,0.487699467216747
"Braman751","scholar_credibility","Gun Control, Clearly No Authority, 15% support","Immigration, Divided, 85% support",-0.0959810874704522,0.0970650011219479,-0.0740550671958991,-0.0923601343917981,-0.0557500000000001,0.225890073879526,0.0373044149466896,0.414475732812362,0.494593781955153,0.428631816690294,0.652039158512548
"Braman751","scholar_credibility","Immigration, Clear Authority, 85% support","Immigration, Divided, 15% support",0.0263888888888861,0.0965691780199797,0.0384563616206439,0.00968154044558885,0.067231182795699,0.124961949342274,-0.173009119326257,0.422933018010806,-0.012236280439115,-0.245045281325342,0.179200439874844
"Braman751","scholar_credibility","Immigration, Clear Authority, 85% support","Immigration, Clearly No Authority, 85% support",0.269841269841267,0.104888687381744,0.0818925384128913,0.078618410159116,0.0851666666666667,-1.79188753449009,-1.82310280026855,-1.76067226871163,-2.06296721420437,-2.17888276239609,-2.04986076986314
"Braman751","scholar_credibility","Immigration, Clear Authority, 85% support","Immigration, Clearly No Authority, 15% support",0.0816425120772908,0.0975796957160545,0.11177746864617,0.0662064524438558,0.157348484848485,0.30882404733633,-0.158189257715582,0.775837352388242,-0.0896207986097726,-0.484598175579006,0.184715822477126
"Braman751","scholar_credibility","Immigration, Clear Authority, 85% support","Immigration, Divided, 85% support",-2.93739733537584e-15,0.0981143829827315,0.0467141568509142,-0.00348835296483825,0.0969166666666667,0.4761193561105,-0.0355539408065103,0.98779265302751,0.311660141887877,-0.0473387214944278,0.633262150532002
"Braman751","scholar_credibility","Immigration, Clear Authority, 15% support","Immigration, Divided, 15% support",0.0339912280701732,0.101055683708168,0.00738902326238585,0.0100468637290727,0.00473118279569895,-0.263243034252385,-0.236942282338596,-0.289543786166175,-0.286881966379917,-0.307372430206857,-0.288124044335555
"Braman751","scholar_credibility","Immigration, Clear Authority, 15% support","Immigration, Clearly No Authority, 85% support",0.277443609022554,0.109033397667577,0.0508252000546333,0.0789837334425999,0.0226666666666667,-2.07843113959302,-1.8201751007065,-2.33668717847953,-2.2396012061002,-2.16390635938999,-2.39769669231028
"Braman751","scholar_credibility","Immigration, Clear Authority, 15% support","Immigration, Clearly No Authority, 15% support",0.089244851258578,0.102021772589524,0.0807101302879123,0.0665717757273397,0.0948484848484848,-0.0836558780938309,-0.222237616106334,0.0549258599186725,-0.358301713863418,-0.53601158676106,-0.278345464900124
"Braman751","scholar_credibility","Immigration, Clear Authority, 15% support","Immigration, Clear Authority, 85% support",0.00760233918128494,0.102533298076053,-0.031067338358258,0.000365323283483904,-0.0625,-0.377142628445054,-0.0705821038979261,-0.683703152992182,-0.269329661540107,-0.0984118210531244,-0.433866352115485
"Braman751","scholar_credibility","Immigration, Clear Authority, 15% support","Immigration, Divided, 85% support",0.00760233918128392,0.102533298076053,0.0156468184926562,-0.00312302968135435,0.0344166666666667,0.0784572374274481,-0.104603763498203,0.261518238353099,0.0270052447503176,-0.11744983696922,0.153221577652636
"Braman751","scholar_credibility","Immigration, Divided, 15% support","Immigration, Divided, 85% support",-0.0263888888888915,0.0965691780199797,0.0082577952302703,-0.0131698934104271,0.0296854838709677,0.35877580020401,0.13688627934401,0.580665321064011,0.330893748558991,0.169066708337861,0.484243010151283
"Braman751","scholar_credibility","Immigration, Clearly No Authority, 85% support","Immigration, Divided, 15% support",-0.243452380952377,0.103444723094209,-0.0434361767922474,-0.0689368697135271,-0.0179354838709677,1.93355637849184,1.68704121407832,2.18007154290536,2.08221759860962,1.95451006657071,2.26448001507497
"Braman751","scholar_credibility","Immigration, Clearly No Authority, 85% support","Immigration, Divided, 85% support",-0.269841269841267,0.104888687381744,-0.0351783815619771,-0.0821067631239542,0.01175,2.23725641093429,1.78984513395663,2.68466768791196,2.35634956586125,2.1089306205237,2.66068153834678
"Braman751","scholar_credibility","Immigration, Clearly No Authority, 15% support","Immigration, Divided, 15% support",-0.0552536231884041,0.0960258871940797,-0.0733211070255264,-0.0565249119982669,-0.0901173020527859,-0.188152219834281,-0.0132390217576787,-0.363065417910882,0.0807872771129584,0.217967704792672,0.0126714673493098
"Braman751","scholar_credibility","Immigration, Clearly No Authority, 15% support","Immigration, Clearly No Authority, 85% support",0.188198757763977,0.104388704411066,-0.029884930233279,0.0124119577152602,-0.0721818181818182,-2.0891502507635,-1.68396380662506,-2.49433669490195,-1.987213146068,-1.76212350097238,-2.21379944367853
"Braman751","scholar_credibility","Immigration, Clearly No Authority, 15% support","Immigration, Divided, 85% support",-0.0816425120772936,0.0975796957160541,-0.0650633117952561,-0.069694805408694,-0.0604318181818182,0.169904201487583,0.122440499336727,0.217367903638438,0.404978307571537,0.409406422963944,0.471857127065482
"Braman751","pass_legislation","Gun Control, Clear Authority, 85% support","Immigration, Divided, 15% support",-0.051518026565466,0.0561883419153878,-0.17480280938409,-0.219916678676014,-0.129688940092166,-2.19413455916309,-2.99703900079726,-1.39123011752892,-1.10315529030871,-1.3212111297153,-0.482256790416689
"Braman751","pass_legislation","Gun Control, Clear Authority, 85% support","Immigration, Clearly No Authority, 85% support",-0.0494959677419363,0.0570196152203491,-0.151022916627937,-0.21576011897016,-0.0862857142857143,-1.78056180305068,-2.91591149090897,-0.645212115192396,-0.851275782178246,-1.29661998065436,-0.0378996438569037
"Braman751","pass_legislation","Gun Control, Clear Authority, 85% support","Immigration, Clearly No Authority, 15% support",-0.0397533206831131,0.0561883419153875,-0.17369444543517,-0.275754691736141,-0.0716341991341991,-2.38378852598561,-4.20018393510199,-0.567393116869235,-1.29970486922971,-2.08668717026677,-0.0498937090820038
"Braman751","pass_legislation","Gun Control, Clear Authority, 85% support","Gun Control, Divided, 85% support",-0.028315412186381,0.0595608807779268,0.00423281981357415,-0.0175072667767926,0.0259729064039409,0.546469957711194,0.181463827741007,0.91147608768138,0.524886528170998,0.265711761905717,0.778758597491028
"Braman751","pass_legislation","Gun Control, Clear Authority, 85% support","Gun Control, Divided. 15% support",-0.0869012707722405,0.0565929084219001,-0.11575588863562,-0.0828029860624486,-0.148708791208791,-0.509862784366341,0.0724169303906283,-1.09214249912331,0.208587048151218,0.66922465246615,-0.0623296214499903
"Braman751","pass_legislation","Gun Control, Clear Authority, 85% support","Gun Control, Clearly No Authority, 85% support",-0.0597330367074536,0.0584528408391689,-0.0751772075267997,-0.0819687007678851,-0.0683857142857143,-0.264215914874697,-0.380403479817384,-0.148028349932011,0.188696111188853,0.191128248305002,0.328366293998591
"Braman751","pass_legislation","Gun Control, Clear Authority, 85% support","Gun Control, Clearly No Authority, 15% support",-0.0352223190932881,0.0550912455050376,-0.157239290900875,-0.159192867516036,-0.155285714285714,-2.21481599642596,-2.25027674154529,-2.17935525130662,-1.21355706197876,-1.02651929388682,-1.07623940291151
"Braman751","pass_legislation","Gun Control, Clear Authority, 85% support","Immigration, Clear Authority, 85% support",0.0715136476426789,0.0568033800452168,-0.00934810496462957,-0.128993828976878,0.110297619047619,-1.42353769340734,-3.529851154279,0.682775767464317,-1.3625909142255,-2.57712233261815,-0.0188449756531991
"Braman751","pass_legislation","Gun Control, Clear Authority, 85% support","Immigration, Clear Authority, 15% support",-0.0679289387564286,0.0559938202974885,-0.102930849395946,-0.185742651172844,-0.0201190476190476,-0.625103099834169,-2.10404847875151,0.853842279083169,0.0209662463200353,-0.691191841679568,1.0245564409147
"Braman751","pass_legislation","Gun Control, Clear Authority, 85% support","Immigration, Divided, 85% support",0.037024554646123,0.0563879687661378,-0.0868557316603157,-0.161175749034917,-0.0125357142857142,-2.1969276251148,-3.51493958761046,-0.878915662619137,-1.65503047285929,-2.30383704350726,-0.760349576907217
"Braman751","pass_legislation","Gun Control, Clear Authority, 15% support","Gun Control, Clear Authority, 85% support",0.0015924867292784,0.05429064575905,0.0224838163041862,0.065078470046796,-0.0201108374384237,0.384805324799904,1.16937241084363,-0.399761761243819,0.243610364919978,0.591849298682187,-0.223749352040115
"Braman751","pass_legislation","Gun Control, Clear Authority, 15% support","Immigration, Divided, 15% support",-0.0499255398361873,0.0529316591027664,-0.152318993079904,-0.154838208629218,-0.14979977753059,-1.93444632152793,-1.98204006017162,-1.88685258288423,-0.924831200966365,-0.744586583143501,-0.777998846161625
"Braman751","pass_legislation","Gun Control, Clear Authority, 15% support","Immigration, Clearly No Authority, 85% support",-0.0479034810126581,0.0538132631239518,-0.128539100323751,-0.150681648923364,-0.106396551724138,-1.49843392929657,-1.90990402633585,-1.08696383225728,-0.659833630306648,-0.726741152760669,-0.301869510286218
"Braman751","pass_legislation","Gun Control, Clear Authority, 15% support","Immigration, Clearly No Authority, 15% support",-0.0381608339538347,0.0529316591027666,-0.151210629130984,-0.210676221689345,-0.0917450365726228,-2.13576897254748,-3.25920990688338,-1.01232803821158,-1.1334737247591,-1.55715944074158,-0.319034115839113
"Braman751","pass_legislation","Gun Control, Clear Authority, 15% support","Gun Control, Divided, 85% support",-0.0267229254571022,0.0564989317351523,0.0267166361177603,0.0475712032700034,0.00586206896551722,0.945850831753225,1.31496519395041,0.576736469556039,0.783985101071471,0.896485730332128,0.571692007469053
"Braman751","pass_legislation","Gun Control, Clear Authority, 15% support","Gun Control, Divided. 15% support",-0.0853087840429624,0.0533609225165813,-0.0932720723314337,-0.0177245160156526,-0.168819628647215,-0.149234456844273,1.26654984284256,-1.5650187565311,0.465437314858644,1.36237953823829,-0.33003505195474
"Braman751","pass_legislation","Gun Control, Clear Authority, 15% support","Gun Control, Clearly No Authority, 85% support",-0.0581405499781747,0.0553296066346059,-0.0526933912226135,-0.0168902307210891,-0.088496551724138,0.0984492586678579,0.74553790937826,-0.548639392042544,0.434874599663673,0.831317108202366,0.0923625298363963
"Braman751","pass_legislation","Gun Control, Clear Authority, 15% support","Gun Control, Clearly No Authority, 15% support",-0.0336298323640091,0.0517655879853329,-0.134755474596689,-0.0941143974692398,-0.175396551724138,-1.95353025375337,-1.16843191508552,-2.73862859242122,-1.03977865122703,-0.419733799487018,-1.41744607373543
"Braman751","pass_legislation","Gun Control, Clear Authority, 15% support","Immigration, Clear Authority, 85% support",0.0731061343719578,0.0535840904815261,0.0131357113395566,-0.0639153589300822,0.0901867816091954,-1.11918337128586,-2.55713014946629,0.318763406894559,-1.20125492824445,-2.0820508246524,-0.282808170376962
"Braman751","pass_legislation","Gun Control, Clear Authority, 15% support","Immigration, Clear Authority, 15% support",-0.066336452027151,0.0527251237995557,-0.0804470330917599,-0.120664181126048,-0.0402298850574713,-0.267625375679588,-1.03039547721944,0.495144725860268,0.269427475661206,-0.0735515061363128,0.820960973469652
"Braman751","pass_legislation","Gun Control, Clear Authority, 15% support","Immigration, Divided, 85% support",0.0386170413754018,0.0531435206750732,-0.0643719153561295,-0.0960972789881212,-0.0326465517241379,-1.93794004279882,-2.53491523806232,-1.34096484753532,-1.51085567554007,-1.78919707494547,-1.07177935798914
"Braman751","pass_legislation","Gun Control, Divided, 85% support","Immigration, Divided, 15% support",-0.0232026143790828,0.0583248217955206,-0.179035629197664,-0.202409411899222,-0.155661846496107,-2.67181296095361,-3.07256485323548,-2.27106106867174,-1.59542747761115,-1.59032235856847,-1.22665945205513
"Braman751","pass_legislation","Gun Control, Divided, 85% support","Immigration, Clearly No Authority, 85% support",-0.0211805555555534,0.0591260652348474,-0.155255736441511,-0.198252852193368,-0.112258620689655,-2.26761548148713,-2.99482632464188,-1.54040463833238,-1.34641082425689,-1.56363149617334,-0.788290366330591
"Braman751","pass_legislation","Gun Control, Divided, 85% support","Immigration, Clearly No Authority, 15% support",-0.0114379084967301,0.0583248217955208,-0.177927265248744,-0.258247424959349,-0.09760710553814,-2.85451976751347,-4.23163772926561,-1.47740180576133,-1.78477730507322,-2.32775846502299,-0.810134139199561
"Braman751","pass_legislation","Gun Control, Divided, 85% support","Gun Control, Divided. 15% support",-0.0585858585858559,0.0587146689842348,-0.119988708449194,-0.065295719285656,-0.174681697612732,-1.04578380370032,-0.114279119952149,-1.97728848744849,-0.328095334623623,0.329641030826748,-0.817085404765368
"Braman751","pass_legislation","Gun Control, Divided, 85% support","Immigration, Clear Authority, 85% support",0.0998290598290626,0.0589175615147143,-0.0135809247782037,-0.111486562200086,0.0843247126436781,-1.92489270926365,-3.58663217886866,-0.263153239658644,-1.84101859343813,-2.7989594359505,-0.772570039521407
"Braman751","pass_legislation","Gun Control, Divided, 85% support","Immigration, Clear Authority, 15% support",-0.0396135265700459,0.0581374490478061,-0.10716366920952,-0.168235384396052,-0.0460919540229885,-1.16190413831072,-2.21237532662021,-0.111432950001219,-0.514205162809485,-0.984237839350702,0.222255102948051
"Braman751","pass_legislation","Gun Control, Divided, 85% support","Immigration, Divided, 85% support",0.0653399668325064,0.0585171606612085,-0.0910885514738899,-0.143668482258125,-0.0385086206896551,-2.67320759481234,-3.57174624894582,-1.77466894067886,-2.12574160958513,-2.53647468599808,-1.49224691904494
"Braman751","pass_legislation","Gun Control, Divided. 15% support","Immigration, Divided, 15% support",0.035383244206775,0.0552905380882336,-0.0590469207484702,-0.137113692613566,0.0190198511166253,-1.70789014215329,-3.11982742047233,-0.295952863834255,-1.33105716912332,-2.07635185022558,-0.391273663709715
"Braman751","pass_legislation","Gun Control, Divided. 15% support","Immigration, Clearly No Authority, 85% support",0.0374053030303049,0.0561351080408921,-0.0352670279923175,-0.132957132907712,0.0624230769230769,-1.29459679617404,-3.0348643101197,0.445670717771622,-1.07151870041443,-2.03969894671145,0.0588304722344313
"Braman751","pass_legislation","Gun Control, Divided. 15% support","Immigration, Clearly No Authority, 15% support",0.0471479500891282,0.0552905380882339,-0.0579385567995503,-0.192951705673693,0.0770745920745921,-1.90062369660753,-4.34250893669481,0.541261543479758,-1.53079830613512,-2.85425763630972,0.0481100986051885
"Braman751","pass_legislation","Gun Control, Divided. 15% support","Immigration, Clear Authority, 85% support",0.158414918414921,0.0559154524210198,0.10640778367099,-0.0461908429144296,0.25900641025641,-0.930103084069485,-3.65919888814913,1.79899272001016,-1.5918706933836,-3.34353384527133,0.078565396871604
"Braman751","pass_legislation","Gun Control, Divided. 15% support","Immigration, Clear Authority, 15% support",0.0189723320158124,0.055092846599113,0.0128250392396738,-0.102939665110396,0.128589743589744,-0.111580598128643,-2.21284621601257,1.98968501975529,-0.189433309129568,-1.43881510990911,1.14048031896231
"Braman751","pass_legislation","Gun Control, Divided. 15% support","Immigration, Divided, 85% support",0.123925825418365,0.0554933947101533,0.0289001569753042,-0.0783727629724686,0.136173076923077,-1.71237800353335,-3.64545347148892,0.22069746442222,-1.89093148163077,-3.07198073757382,-0.674153930656191
"Braman751","pass_legislation","Gun Control, Clearly No Authority, 85% support","Immigration, Divided, 15% support",0.00821501014198785,0.0571928397669333,-0.0996256018572904,-0.137947977908129,-0.0613032258064516,-1.8855614171064,-2.55561690319534,-1.21550593101747,-1.27323880828534,-1.54042413396222,-0.775535694079091
"Braman751","pass_legislation","Gun Control, Clearly No Authority, 85% support","Immigration, Clearly No Authority, 85% support",0.0102370689655175,0.0580097205068454,-0.0758457091011376,-0.133791418202275,-0.0179,-1.48393712837312,-2.48283366838144,-0.485040588364795,-1.02353697858049,-1.51349359356984,-0.334752558607309
"Braman751","pass_legislation","Gun Control, Clearly No Authority, 85% support","Immigration, Clearly No Authority, 15% support",0.0199797160243408,0.0571928397669336,-0.0985172379083705,-0.193785990968256,-0.00324848484848483,-2.07188442496645,-3.73763058214478,-0.406138267788116,-1.46633631819642,-2.29245585104107,-0.350766356787509
"Braman751","pass_legislation","Gun Control, Clearly No Authority, 85% support","Gun Control, Divided, 85% support",0.0314176245210742,0.0605094180475085,0.0794100273403739,0.0644614339910926,0.0943586206896552,0.793139388344783,0.546093658413212,1.04018511827635,0.337584264991992,0.0324157572075624,0.481341081532581
"Braman751","pass_legislation","Gun Control, Clearly No Authority, 85% support","Gun Control, Divided. 15% support",-0.0271682340647867,0.057590350207784,-0.0405786811088202,-0.000834285294563419,-0.0803230769230769,-0.232859272354639,0.457263216410585,-0.922981761119863,0.0168234990905716,0.416889312464899,-0.360916260063548
"Braman751","pass_legislation","Gun Control, Clearly No Authority, 85% support","Immigration, Clear Authority, 85% support",0.131246684350132,0.057797189706481,0.0658291025621701,-0.047025128208993,0.178683333333333,-1.13184710398863,-3.08443738293274,0.820743174955471,-1.52663903737669,-2.77269237595324,-0.317114684314286
"Braman751","pass_legislation","Gun Control, Clearly No Authority, 85% support","Immigration, Clear Authority, 15% support",-0.00819590204897462,0.0570017461567021,-0.0277536418691463,-0.103773950404959,0.0482666666666667,-0.343107731584327,-1.6767564995857,0.99054103641705,-0.169498251059758,-0.922200516411273,0.703679320154365
"Braman751","pass_legislation","Gun Control, Clearly No Authority, 85% support","Immigration, Divided, 85% support",0.0967575913535775,0.0573889725903554,-0.011678524133516,-0.0792070482670321,0.0558500000000001,-1.88949393224225,-3.06617511480214,-0.712812749682371,-1.81497382543788,-2.50524190850701,-1.04780491327613
"Braman751","pass_legislation","Gun Control, Clearly No Authority, 15% support","Immigration, Divided, 15% support",-0.0162957074721771,0.0537525036601379,-0.0175635184832151,-0.0607238111599785,0.0255967741935484,-0.0235860829674836,-0.826530871356392,0.779358705421425,0.0942477149504049,-0.379089600782855,0.634951320943731
"Braman751","pass_legislation","Gun Control, Clearly No Authority, 15% support","Immigration, Clearly No Authority, 85% support",-0.0142736486486476,0.0546208605059399,0.00621637427293767,-0.0565672514541246,0.069,0.375131822014358,-0.774312275817728,1.52457591984644,0.338901649713989,-0.367499242097925,1.08138921608267
"Braman751","pass_legislation","Gun Control, Clearly No Authority, 15% support","Immigration, Clearly No Authority, 15% support",-0.00453100158982432,0.0537525036601382,-0.0164551545342952,-0.116561824220105,0.0836515151515151,-0.221834372959888,-2.08419729318322,1.64052854726344,-0.111208667389754,-1.17925380832354,1.08690728562263
"Braman751","pass_legislation","Gun Control, Clearly No Authority, 15% support","Gun Control, Divided, 85% support",0.00690690690690849,0.0572686685856688,0.161472110714449,0.141685600739243,0.181258620689655,2.69894879040753,2.35344556038906,3.04445202042601,1.71670170853946,1.21682022366512,1.87905504478351
"Braman751","pass_legislation","Gun Control, Clearly No Authority, 15% support","Gun Control, Divided. 15% support",-0.051678951678952,0.0541752634159008,0.0414834022652552,0.0763898814535872,0.00657692307692309,1.71964745660772,2.36397250437642,1.07532240883902,1.45555480531984,1.69326388524822,1.06506206776212
"Braman751","pass_legislation","Gun Control, Clearly No Authority, 15% support","Gun Control, Clearly No Authority, 85% support",-0.0245107176141641,0.0561153854544532,0.0820620833740753,0.0772241667481506,0.0869,1.89917257317498,1.81295884432424,1.98538630202571,1.39142483656523,1.15889138240141,1.4331430623302
"Braman751","pass_legislation","Gun Control, Clearly No Authority, 15% support","Immigration, Clear Authority, 85% support",0.106735966735968,0.0543950904686629,0.147891185936245,0.0301990385391576,0.265583333333333,0.756598046729739,-1.40705581215832,2.9202519056178,-0.19026077863418,-1.70106549948238,1.10592654229839
"Braman751","pass_legislation","Gun Control, Clearly No Authority, 15% support","Immigration, Clear Authority, 15% support",-0.0327066196631397,0.0535491343911378,0.054308441504929,-0.0265497836568087,0.135166666666667,1.62495738086981,0.114975453409944,3.13493930832968,1.27405416137807,0.283051741984299,2.21471856118047
"Braman751","pass_legislation","Gun Control, Clearly No Authority, 15% support","Immigration, Divided, 85% support",0.0722468737394128,0.0539611425389011,0.0703835592405593,-0.00198288151888143,0.14275,-0.0345306717238276,-1.37561496598745,1.30655362253979,-0.486892754562981,-1.40932975337719,0.340112599112701
"Braman751","pass_legislation","Immigration, Clear Authority, 85% support","Immigration, Divided, 15% support",-0.123031674208142,0.0555059483568942,-0.165454704419461,-0.0909228496991362,-0.239986559139785,-0.764297007206247,0.578475378936886,-2.10706939334938,0.281221213509025,1.25139772853402,-0.434019926947065
"Braman751","pass_legislation","Immigration, Clear Authority, 85% support","Immigration, Clearly No Authority, 85% support",-0.121009615384613,0.0563472896923572,-0.141674811663308,-0.0867662899932822,-0.196583333333333,-0.366746943668837,0.607719121510394,-1.34121300884807,0.515632595710567,1.23810583241485,0.015005134672351
"Braman751","pass_legislation","Immigration, Clear Authority, 85% support","Immigration, Clearly No Authority, 15% support",-0.11126696832579,0.0555059483568945,-0.164346340470541,-0.146760862759263,-0.181931818181818,-0.956282591614483,-0.639461093525564,-1.2731040897034,0.0822552419211244,0.476510878245669,0.0036586528227973
"Braman751","pass_legislation","Immigration, Clear Authority, 85% support","Immigration, Divided, 85% support",-0.0344890929965528,0.0557080205838323,-0.0775076266956861,-0.032181920058039,-0.122833333333333,-0.772214364256522,0.0414154535439259,-1.58584418205697,-0.282363107757442,0.247504560326211,-0.715660797066576
"Braman751","pass_legislation","Immigration, Clear Authority, 15% support","Immigration, Divided, 15% support",0.016410912190965,0.0546771819861296,-0.0718719599881441,-0.0341740275031699,-0.109569892473118,-1.61462001098565,-0.925156305732202,-2.30408371623911,-1.15156446134595,-0.699135698404877,-1.50940432927041
"Braman751","pass_legislation","Immigration, Clear Authority, 15% support","Immigration, Clearly No Authority, 85% support",0.0184329710144948,0.0555310812304293,-0.0480920672319913,-0.030017467797316,-0.0661666666666667,-1.19797844328723,-0.872492264480913,-1.52346462209354,-0.891739354486178,-0.682912679880827,-1.03714510153224
"Braman751","pass_legislation","Immigration, Clear Authority, 15% support","Immigration, Clearly No Authority, 15% support",0.0281756180733181,0.0546771819861298,-0.0707635960392242,-0.0900120405632968,-0.0515151515151515,-1.80951560630247,-2.16155358311253,-1.45747762949241,-1.35354624867616,-1.48576785339511,-1.06509166056362
"Braman751","pass_legislation","Immigration, Clear Authority, 15% support","Immigration, Clear Authority, 85% support",0.139442586399111,0.0553090268157491,0.0935827444313165,0.0567488221959663,0.130416666666667,-0.829156551977813,-1.49512238713985,-0.16319071681577,-1.41712134607168,-1.99568447961046,-1.02159136289672
"Braman751","pass_legislation","Immigration, Clear Authority, 15% support","Immigration, Divided, 85% support",0.104953493402555,0.0548823057488913,0.0160751177356303,0.0245669021379272,0.00758333333333339,-1.61943589020438,-1.46470871017025,-1.77416307023851,-1.71828858696665,-1.71091205236545,-1.7912391366173
"Braman751","pass_legislation","Immigration, Divided, 15% support","Immigration, Divided, 85% support",0.088542581211588,0.0550807528997908,0.0879470777237744,0.0587409296410971,0.117153225806452,-0.0108114623795542,-0.541053816470328,0.51943089171122,-0.565446024040398,-1.05961891168771,-0.251290960423605
"Braman751","pass_legislation","Immigration, Clearly No Authority, 85% support","Immigration, Divided, 15% support",-0.00202205882353332,0.055727218110305,-0.0237798927561527,-0.00415655970585393,-0.0434032258064516,-0.390434596780922,-0.0383026634865506,-0.742566530075294,-0.237781505988237,-0.0537702994417133,-0.412726915772412
"Braman751","pass_legislation","Immigration, Clearly No Authority, 85% support","Immigration, Divided, 85% support",0.086520522388055,0.0559284908850934,0.0641671849676216,0.0545843699352432,0.0737500000000001,-0.399677106724709,-0.571017596709798,-0.228336616739621,-0.797272393982096,-1.04899125345756,-0.693340388853891
"Braman751","pass_legislation","Immigration, Clearly No Authority, 15% support","Immigration, Divided, 15% support",-0.0117647058823533,0.0548763709226235,-0.00110836394891992,0.0558380130601269,-0.0580547409579668,0.19418816795409,1.23190943216345,-0.843533096255273,0.204786541081708,0.734710585389748,-0.407419455837431
"Braman751","pass_legislation","Immigration, Clearly No Authority, 15% support","Immigration, Clearly No Authority, 85% support",-0.00974264705882377,0.0557272181103056,0.0226715288072328,0.0599945727659809,-0.0146515151515152,0.581657885773097,1.25140321353863,-0.088087441992437,0.442925236837287,0.728946146910654,0.0462697624078328
"Braman751","pass_legislation","Immigration, Clearly No Authority, 15% support","Immigration, Divided, 85% support",0.0767778753292355,0.0550807528997908,0.0868387137748545,0.114578942701224,0.0590984848484849,0.182656153301368,0.686284507416966,-0.320972200814229,-0.364944136133565,-0.278750328195529,-0.692348196693093
"Braman751","legitimacy","Gun Control, Clear Authority, 85% support","Immigration, Divided, 15% support",0.0396110056926011,0.0562625525077987,0.130796785844742,0.165856244500544,0.0957373271889401,1.62071886339499,2.24385907110139,0.997578655688597,0.811499485924373,0.897703831366944,0.387266789776339
"Braman751","legitimacy","Gun Control, Clear Authority, 85% support","Immigration, Clearly No Authority, 85% support",0.105174731182797,0.0570949237146082,0.17329043935266,0.217295164419606,0.129285714285714,1.19302564463249,1.96375484793095,0.422296441334038,0.135430055818071,0.240438885410066,-0.401748789040811
"Braman751","legitimacy","Gun Control, Clear Authority, 85% support","Immigration, Clearly No Authority, 15% support",0.0714737507906403,0.056262552507799,0.19765571093211,0.281480253033051,0.113831168831169,2.24273436801465,3.73261597424504,0.752852761784261,1.01810531574891,1.48137330675228,0.0206916873262516
"Braman751","legitimacy","Gun Control, Clear Authority, 85% support","Gun Control, Divided, 85% support",0.0212517752079539,0.0599395111769375,0.0201420611485197,0.0572053045630493,-0.0169211822660099,-0.01851389905664,0.599830206305203,-0.636858004418483,-0.132744952418286,0.134583772769846,-0.497595876478004
"Braman751","legitimacy","Gun Control, Clear Authority, 85% support","Gun Control, Divided. 15% support",0.0928641251221915,0.0566676533443714,0.105505318404211,0.106340307138093,0.10467032967033,0.223075997257179,0.237810835998558,0.208341158515801,-0.42434023603396,-0.636169734122612,-0.45733515910573
"Braman751","legitimacy","Gun Control, Clear Authority, 85% support","Gun Control, Clearly No Authority, 85% support",0.101223581757511,0.0585300422620795,0.124353729645644,0.168221745005573,0.0804857142857143,0.395184199330715,1.14467990554432,-0.354311506882887,-0.344204223346738,-0.16712388636016,-0.842249707966635
"Braman751","legitimacy","Gun Control, Clear Authority, 85% support","Gun Control, Clearly No Authority, 15% support",0.0644802867383523,0.0549960962471753,0.205197361355909,0.235609008426105,0.174785714285714,2.55867387359852,3.11165216015749,2.00569558703955,1.25790688987979,1.17590963818166,0.836735822175381
"Braman751","legitimacy","Gun Control, Clear Authority, 85% support","Immigration, Clear Authority, 85% support",-0.0972291149710487,0.0568784029474851,0.00368076639902995,0.050159151845679,-0.0427976190476191,1.77413352240651,2.59128701192276,0.956980032890257,1.75492507778051,2.15556075530095,1.27610971630112
"Braman751","legitimacy","Gun Control, Clear Authority, 85% support","Immigration, Clear Authority, 15% support",0.0123050128729384,0.0556927749476898,0.0601175068294974,0.0898381882621695,0.0303968253968254,0.858504429011979,1.39215859619233,0.324850261831629,0.484645336809671,0.633377048424843,0.152818209199265
"Braman751","legitimacy","Gun Control, Clear Authority, 85% support","Immigration, Divided, 85% support",-0.0411250200609838,0.0564624430151434,0.0986924615206196,0.124599208755525,0.0727857142857143,2.47629174572032,2.93512324240134,2.01746024903929,1.86870247415689,1.91554427819345,1.56332470073986
"Braman751","legitimacy","Gun Control, Clear Authority, 15% support","Gun Control, Clear Authority, 85% support",-0.0248740982714022,0.0543623499746705,-0.00679599836345626,-0.0425821445101638,0.0289901477832513,0.3325481682887,-0.325740999920211,0.99083733649761,0.379820555050799,-0.0302933349055085,0.824399194953457
"Braman751","legitimacy","Gun Control, Clear Authority, 15% support","Immigration, Divided, 15% support",0.0147369074211974,0.053001568440637,0.124000787481286,0.12327409999038,0.124727474972191,2.06152163558077,2.04781095658983,2.07523231457171,1.24733710866579,0.972666894232781,1.22013053737554
"Braman751","legitimacy","Gun Control, Clear Authority, 15% support","Immigration, Clearly No Authority, 85% support",0.0803006329113935,0.0538843368378199,0.166494440989204,0.174713019909442,0.158275862068966,1.59960784777281,1.75213044343869,1.44708525210694,0.523086318888104,0.27417247206482,0.37009637301844
"Braman751","legitimacy","Gun Control, Clear Authority, 15% support","Immigration, Clearly No Authority, 15% support",0.0465996525192366,0.0530015684406369,0.190859712568654,0.238898108522887,0.14282131661442,2.72180737841734,3.62816538569099,1.81544937114369,1.46665460607042,1.59224732311853,0.831001469001843
"Braman751","legitimacy","Gun Control, Clear Authority, 15% support","Gun Control, Divided, 85% support",-0.00362232306345032,0.0568896866101856,0.0133460627850635,0.0146231600528856,0.0120689655172414,0.298268225043725,0.320716885669558,0.275819564417891,0.21967291229953,0.160181011902909,0.229471478347267
"Braman751","legitimacy","Gun Control, Clear Authority, 15% support","Gun Control, Divided. 15% support",0.0679900268507869,0.0534313988028806,0.098709320040755,0.0637581626279292,0.133660477453581,0.574929608399322,-0.0792018236031957,1.22906104040184,-0.0672371448157235,-0.655129469372367,0.317493163394267
"Braman751","legitimacy","Gun Control, Clear Authority, 15% support","Gun Control, Clearly No Authority, 85% support",0.0763494834861058,0.055402683054843,0.117557731282187,0.125639600495409,0.109475862068966,0.743795165214102,0.88967021616103,0.597920114267174,0.00555032609251789,-0.157682004446037,-0.115819244841543
"Braman751","legitimacy","Gun Control, Clear Authority, 15% support","Gun Control, Clearly No Authority, 15% support",0.03960618846695,0.0516552228230916,0.198401362992453,0.193026863915941,0.203775862068966,3.07413589269267,2.97009028446988,3.17818150091546,1.73523129286295,1.2722082698272,1.72097637064065
"Braman751","legitimacy","Gun Control, Clear Authority, 15% support","Immigration, Clear Authority, 85% support",-0.122103213242451,0.0536548615162797,-0.00311523196442631,0.0075770073355152,-0.0138074712643678,2.21765517448819,2.41693328271138,2.018377066265,2.24156997174949,2.30455566819718,2.15196337246801
"Braman751","legitimacy","Gun Control, Clear Authority, 15% support","Immigration, Clear Authority, 15% support",-0.0125690853984653,0.0523963417029158,0.0533215084660412,0.0472560437520057,0.0593869731800766,1.25754187645585,1.14178065120798,1.37330310170371,0.905502804719139,0.693183650812425,0.980814357481879
"Braman751","legitimacy","Gun Control, Clear Authority, 15% support","Immigration, Divided, 85% support",-0.0659991183323872,0.0532137098285112,0.0918964631571633,0.082017064245361,0.101775862068966,2.96719740078998,2.78154225771425,3.1528525438657,2.36715872773964,2.05214167586298,2.46457813862706
"Braman751","legitimacy","Gun Control, Divided, 85% support","Immigration, Divided, 15% support",0.0183592304846459,0.0587081439199804,0.110654724696222,0.108650939937494,0.11265850945495,1.57210717370618,1.53797588245877,1.6062384649536,0.916531228001241,0.677038002782415,0.912144918651409
"Braman751","legitimacy","Gun Control, Divided, 85% support","Immigration, Clearly No Authority, 85% support",0.083922955974842,0.0595063161505838,0.153148378204141,0.160089859856557,0.146206896551724,1.16332898265992,1.27998015687899,1.04667780844086,0.266915926524266,0.0498833665137746,0.148285109444463
"Braman751","legitimacy","Gun Control, Divided, 85% support","Immigration, Clearly No Authority, 15% support",0.050221975582685,0.0587081439199803,0.17751364978359,0.224274948470002,0.130752351097179,2.16821152401624,2.96471598769248,1.37170706034,1.11453052712343,1.23639369542408,0.560840149456851
"Braman751","legitimacy","Gun Control, Divided, 85% support","Gun Control, Divided. 15% support",0.0716123499142366,0.0590964828343803,0.0853632572556915,0.0491350025750436,0.121591511936339,0.23268571464722,-0.380350001576008,0.845721430870447,-0.268976254245247,-0.792089616140369,0.0989163233915874
"Braman751","legitimacy","Gun Control, Divided, 85% support","Immigration, Clear Authority, 85% support",-0.118480890179004,0.0592986009083922,-0.0164612947494898,-0.00704615271737036,-0.0258764367816092,1.72043849039743,1.87921360292774,1.56166337786713,1.82075375921978,1.88613874631695,1.75965028038219
"Braman751","legitimacy","Gun Control, Divided, 85% support","Immigration, Clear Authority, 15% support",-0.00894676233501739,0.058162329124703,0.0399754456809777,0.0326328836991202,0.0473180076628352,0.841132202788911,0.714889631482753,0.967374774095069,0.604206520010984,0.421493797476835,0.692417030140686
"Braman751","legitimacy","Gun Control, Divided, 85% support","Immigration, Divided, 85% support",-0.0623767952689396,0.0588997353056412,0.0785504003720998,0.0673939041924755,0.0897068965517241,2.3926626309905,2.20324758316844,2.58207767881255,1.92975946620658,1.65360412407601,2.03788435164568
"Braman751","legitimacy","Gun Control, Divided. 15% support","Immigration, Divided, 15% support",-0.0532531194295911,0.0553635629088,0.0252914674405305,0.0595159373624506,-0.00893300248138956,1.41870542182243,2.03688221760231,0.800528626042543,1.26251890963516,1.51480091984703,0.896632897353142
"Braman751","legitimacy","Gun Control, Divided. 15% support","Immigration, Clearly No Authority, 85% support",0.012310606060605,0.0562092483248154,0.067785120948449,0.110954857281513,0.0246153846153847,0.986928602340923,1.75494699112278,0.218910213559061,0.568818874095248,0.837682557502727,0.0874296918768985
"Braman751","legitimacy","Gun Control, Divided. 15% support","Immigration, Clearly No Authority, 15% support",-0.0213903743315519,0.0553635629087999,0.0921503925278986,0.175139945894958,0.00916083916083915,2.05082116999019,3.54981344951107,0.551828890469312,1.47247959023784,2.10794797868358,0.524105374447432
"Braman751","legitimacy","Gun Control, Divided. 15% support","Immigration, Clear Authority, 85% support",-0.190093240093242,0.0559893025954095,-0.101824552005181,-0.056181155292414,-0.147467948717949,1.57652772933981,2.39174411170121,0.761311346978411,2.21574198295307,2.78557712026413,1.79382938735878
"Braman751","legitimacy","Gun Control, Divided. 15% support","Immigration, Clear Authority, 15% support",-0.0805591122492545,0.0547844363358593,-0.0453878115747139,-0.0165021188759235,-0.0742735042735043,0.641994387948447,1.16925531515239,0.114733460744507,0.935151655090031,1.25276806839315,0.663747704444942
"Braman751","legitimacy","Gun Control, Divided. 15% support","Immigration, Divided, 85% support",-0.133989145183176,0.0555666874530245,-0.00681285688359173,0.0182589016174319,-0.0318846153846153,2.28871459014176,2.73991583409245,1.83751334619108,2.33506846542357,2.54674127986558,2.0897647651257
"Braman751","legitimacy","Gun Control, Clearly No Authority, 85% support","Immigration, Divided, 15% support",-0.0616125760649094,0.0572683770470192,0.00644305619909827,-0.00236550050502926,0.0152516129032258,1.18836320799054,1.03455132858465,1.34217508739644,1.15242426665206,1.00572604219589,1.27507703776678
"Braman751","legitimacy","Gun Control, Clearly No Authority, 85% support","Immigration, Clearly No Authority, 85% support",0.00395114942528669,0.0580863366798395,0.0489367097070167,0.0490734194140334,0.0488,0.774460275050252,0.776813835540221,0.772106714560283,0.483294442275164,0.358380821586283,0.48712243916744
"Braman751","legitimacy","Gun Control, Clearly No Authority, 85% support","Immigration, Clearly No Authority, 15% support",-0.0297498309668702,0.0572683770470191,0.0733019812864664,0.113258508027478,0.0333454545454545,1.79945403671433,2.49716067345394,1.10174739997471,1.35540140601427,1.57914432641067,0.914940222073252
"Braman751","legitimacy","Gun Control, Clearly No Authority, 85% support","Gun Control, Divided, 85% support",-0.079971806549555,0.0608846219914105,-0.104211668497124,-0.111016440442523,-0.0974068965517241,-0.398127822013718,-0.509892857630752,-0.286362786396684,0.203397295075274,0.248931081415841,0.351604726588816
"Braman751","legitimacy","Gun Control, Clearly No Authority, 85% support","Gun Control, Divided. 15% support",-0.0083594566353203,0.0576664124986516,-0.0188484112414322,-0.0618814378674798,0.0241846153846154,-0.18189018792104,-0.928130932948379,0.564350557106299,-0.0642649724713447,-0.502217069951621,0.439022701658492
"Braman751","legitimacy","Gun Control, Clearly No Authority, 85% support","Immigration, Clear Authority, 85% support",-0.198452696728559,0.0578735251800267,-0.120672963246614,-0.118062593159894,-0.123283333333333,1.34396052841082,1.38906526461964,1.298855792202,2.0762130927184,2.24099088583424,2.13942483600797
"Braman751","legitimacy","Gun Control, Clearly No Authority, 85% support","Immigration, Clear Authority, 15% support",-0.0889185688845723,0.0567087063534402,-0.0642362228161461,-0.0783835567434033,-0.0500888888888889,0.435247912632534,0.185774157419654,0.684721667845413,0.834645713151769,0.747040752308264,1.05352155679576
"Braman751","legitimacy","Gun Control, Clearly No Authority, 85% support","Immigration, Divided, 85% support",-0.142348601818494,0.0574647689123083,-0.025661268125024,-0.043622536250048,-0.00769999999999998,2.03058910532706,1.71802771397381,2.34315049668031,2.19007131369979,2.00549834400436,2.42761102043372
"Braman751","legitimacy","Gun Control, Clearly No Authority, 15% support","Immigration, Divided, 15% support",-0.024869281045752,0.0536513910800771,-0.0744005755111676,-0.0697527639255611,-0.0790483870967742,-0.923206154925004,-0.836576311932312,-1.00983599791769,-0.434821693057308,-0.314174697827371,-0.41550688250059
"Braman751","legitimacy","Gun Control, Clearly No Authority, 15% support","Immigration, Clearly No Authority, 85% support",0.0406944444444441,0.0545236394980332,-0.0319069220032492,-0.0183138440064984,-0.0455,-1.33155759806372,-1.08225145999417,-1.58086373613327,-1.12342926846992,-0.983705035148251,-1.22917247314277
"Braman751","legitimacy","Gun Control, Clearly No Authority, 15% support","Immigration, Clearly No Authority, 15% support",0.00699346405228719,0.053651391080077,-0.00754165042379951,0.0458712446069465,-0.0609545454545455,-0.270917755970062,0.724636952966094,-1.26647246490622,-0.218160556879669,0.297901407656152,-0.799922841424504
"Braman751","legitimacy","Gun Control, Clearly No Authority, 15% support","Gun Control, Divided, 85% support",-0.0432285115303982,0.057495582006488,-0.18505530020739,-0.178403703863055,-0.191706896551724,-2.4667423778924,-2.3510535525565,-2.5824312032283,-1.33823306096227,-1.03131633610515,-1.28543431276569
"Braman751","legitimacy","Gun Control, Clearly No Authority, 15% support","Gun Control, Divided. 15% support",0.0283838383838376,0.05407605649169,-0.0996920429516981,-0.129268701288012,-0.0701153846153846,-2.36843974292425,-2.91538529064293,-1.82149419520558,-1.72039517251276,-1.91236697348055,-1.29442224791249
"Braman751","legitimacy","Gun Control, Clearly No Authority, 15% support","Gun Control, Clearly No Authority, 85% support",0.0367432950191573,0.0560246624026895,-0.0808436317102659,-0.0673872634205318,-0.0943,-2.09884221852586,-1.8586557057895,-2.33902873126222,-1.59094414955693,-1.37697905444756,-1.66673117412393
"Braman751","legitimacy","Gun Control, Clearly No Authority, 15% support","Immigration, Clear Authority, 85% support",-0.161709401709402,0.0542968661341611,-0.201516594956879,-0.185449856580426,-0.217583333333333,-0.73313979390852,-0.437234348154894,-1.02904523966215,0.567832303604326,1.01740374024462,0.524927943994603
"Braman751","legitimacy","Gun Control, Clearly No Authority, 15% support","Immigration, Clear Authority, 15% support",-0.0521752738654153,0.0530535779331473,-0.145079854526412,-0.145770820163935,-0.144388888888889,-1.75114637467176,-1.7641702962326,-1.73812245311092,-0.791550336562013,-0.604831839142186,-0.670459403431726
"Braman751","legitimacy","Gun Control, Clearly No Authority, 15% support","Immigration, Divided, 85% support",-0.105605306799338,0.0538609730823054,-0.10650489983529,-0.11100979967058,-0.102,-0.0167021311437796,-0.100341537888361,0.066937275600802,0.678147529238582,0.757381250034415,0.820408339417605
"Braman751","legitimacy","Immigration, Clear Authority, 85% support","Immigration, Divided, 15% support",0.136840120663651,0.0555792576799593,0.127116019445712,0.115697092654865,0.138534946236559,-0.174959177647401,-0.380412205764484,0.0304938504696828,-0.970976552905861,-1.34565171038518,-0.879076172085701
"Braman751","legitimacy","Immigration, Clear Authority, 85% support","Immigration, Clearly No Authority, 85% support",0.202403846153847,0.0564217102145922,0.16960967295363,0.167136012573927,0.172083333333333,-0.581233235849964,-0.62507558607818,-0.537390885621748,-1.62864293579428,-1.97742308524252,-1.65866712103844
"Braman751","legitimacy","Immigration, Clear Authority, 85% support","Immigration, Clearly No Authority, 15% support",0.168702865761689,0.0555792576799591,0.19397494453308,0.231321101187372,0.156628787878788,0.45470342401682,1.12664756672815,-0.217240718694508,-0.761830698244474,-0.75480656640788,-1.25015797149387
"Braman751","legitimacy","Immigration, Clear Authority, 85% support","Immigration, Divided, 85% support",0.0561040949100638,0.0557815967932144,0.0950116951215896,0.0744400569098458,0.115583333333333,0.697498860704158,0.328709880209319,1.066287841199,0.10556023537917,-0.307289920738023,0.315912660443141
"Braman751","legitimacy","Immigration, Clear Authority, 15% support","Immigration, Divided, 15% support",0.0273059928196631,0.0543653045956041,0.0706792790152444,0.076018056238374,0.0653405017921147,0.797811886058821,0.896013804779632,0.69960996733801,0.346911254326537,0.230661903527239,0.279844131117022
"Braman751","legitimacy","Immigration, Clear Authority, 15% support","Immigration, Clearly No Authority, 85% support",0.0928697183098593,0.0552262785552035,0.113172932523163,0.127456976157437,0.0988888888888889,0.367636834211248,0.626282609519026,0.10899105890347,-0.345211160717847,-0.438908163260222,-0.534394565443517
"Braman751","legitimacy","Immigration, Clear Authority, 15% support","Immigration, Clearly No Authority, 15% support",0.0591687379177023,0.0543653045956041,0.137538204102612,0.191642064770882,0.0834343434343434,1.44153457371132,2.43672555205165,0.446343595370994,0.560727242949921,0.834700356918383,-0.0995237599131947
"Braman751","legitimacy","Immigration, Clear Authority, 15% support","Immigration, Clear Authority, 85% support",-0.109534127843987,0.0550024022287794,-0.0564367404304675,-0.0396790364164905,-0.0731944444444445,0.965364879749511,1.27003710014225,0.660692659356768,1.32758272966256,1.53880095201793,1.20009805585527
"Braman751","legitimacy","Immigration, Clear Authority, 15% support","Immigration, Divided, 85% support",-0.0534300329339232,0.0545721449122009,0.0385749546911221,0.0347610204933553,0.0423888888888889,1.68593313993923,1.61604521077861,1.75582106909984,1.44239173040049,1.28617274359535,1.49699677911282
"Braman751","legitimacy","Immigration, Divided, 15% support","Immigration, Divided, 85% support",-0.0807360257535877,0.0551535006471675,-0.0321043243241222,-0.0412570357450187,-0.0229516129032258,0.88175185362351,0.715802071406622,1.0477016358404,1.08875449540805,0.996430347429902,1.24047569779932
"Braman751","legitimacy","Immigration, Clearly No Authority, 85% support","Immigration, Divided, 15% support",-0.0655637254901974,0.0558008196747662,-0.0424936535079184,-0.0514389199190627,-0.0335483870967742,0.413436077045863,0.253128997987141,0.573743156104585,0.683122778447922,0.61086361162756,0.836233200426219
"Braman751","legitimacy","Immigration, Clearly No Authority, 85% support","Immigration, Divided, 85% support",-0.146299751243782,0.0560023582799976,-0.0745979778320407,-0.0926959556640814,-0.0565,1.28033489327808,0.957170326858303,1.60349945969787,1.74944928226997,1.63807192692488,2.02032584400683
"Braman751","legitimacy","Immigration, Clearly No Authority, 15% support","Immigration, Divided, 15% support",-0.0318627450980412,0.0549488487330866,-0.0668589250873681,-0.115624008532508,-0.0180938416422287,-0.636886500740361,-1.52434974281874,0.250576741338017,-0.208012076100399,-0.646625256310199,0.410573013553648
"Braman751","legitimacy","Immigration, Clearly No Authority, 15% support","Immigration, Clearly No Authority, 85% support",0.0337009803921549,0.0558008196747659,-0.0243652715794497,-0.0641850886134449,0.0154545454545455,-1.04059854873177,-1.75420485892729,-0.326992238536252,-0.884479620966739,-1.29586954001152,-0.397232877054251
"Braman751","legitimacy","Immigration, Clearly No Authority, 15% support","Immigration, Divided, 85% support",-0.112598770851627,0.0551535006471675,-0.0989632494114904,-0.156881044277526,-0.0410454545454545,0.247228576248804,-0.802891437647546,1.29734859014515,0.877994140897041,0.401024178814324,1.61442206036279
"CorstangeBRIEF69","welcome_refugees","Group 1","Group 2",-0.000430539609643101,0.0286787155186273,-0.00984486705784104,0.00354015094178917,-0.0232298850574713,-0.328268797188046,0.138454267550903,-0.794991861926995,-0.209557568986729,0.0422096319469293,-0.497363348268176
"CorstangeBRIEF69","welcome_refugees","Group 1","Group 3",0.0272435897435894,0.0289511059436047,0.0256922169817052,0.00517753741168619,0.0462068965517242,-0.0535859585090202,-0.762183398965373,0.655011481947333,-0.365779161538474,-0.882920596520387,0.033157489768578
"CorstangeBRIEF69","welcome_refugees","Group 1","Group 4",0.0241948092557852,0.0293033880706816,0.0214159814734539,0.0181660146710458,0.0246659482758621,-0.0948295731411175,-0.205737117161933,0.016077970879698,-0.352174324134293,-0.524069747826553,-0.317342182953579
"CorstangeBRIEF69","welcome_refugees","Group 1","Group 5",0.0333041958041983,0.0284984129878351,-0.0558394953876533,0.00521756094883119,-0.116896551724138,-3.12802299657541,-0.985550839878565,-5.27049515327225,-2.44346292213995,-1.10883661061209,-3.7147836535164
"CorstangeBRIEF69","welcome_refugees","Group 1","Group 6",0.00666745805634872,0.0293961860533125,0.00101897056232952,0.0172103549177625,-0.0151724137931034,-0.192150351878137,0.358648460119735,-0.74294916387601,-0.205735061341751,0.0559198864175489,-0.557346457443026
"CorstangeBRIEF69","welcome_refugees","Group 1","Group 7",0.0220555222987143,0.0289793634435012,-0.00723548727088055,0.0261755771823768,-0.0406465517241379,-1.01075407079597,0.142172028439999,-2.16368017003194,-0.924801634474631,-0.303838020805411,-1.63943434667981
"CorstangeBRIEF69","welcome_refugees","Group 1","Group 8",0.00997931351517199,0.0291530314431317,-0.012837702609478,0.0154146948922786,-0.0410901001112347,-0.782663585746093,0.18644309384118,-1.75177026533337,-0.62993895417005,-0.0911502173720261,-1.22483240921156
"CorstangeBRIEF69","welcome_refugees","Group 2","Group 3",0.0276741293532319,0.0287350811383513,0.0355370840395462,0.00163738646989703,0.0694367816091954,0.273636070434479,-0.906096027986671,1.45336816885563,-0.160863627551845,-0.972415523050026,0.517860157800733
"CorstangeBRIEF69","welcome_refugees","Group 2","Group 4",0.0246253488654254,0.0290899794618482,0.031260848531295,0.0146258637292566,0.0478958333333334,0.228102590260406,-0.343743286215901,0.799948466736714,-0.149626060293099,-0.609760843774724,0.158872800903381
"CorstangeBRIEF69","welcome_refugees","Group 2","Group 5",0.0337347354138369,0.0282789302395776,-0.0459946283298123,0.00167741000704202,-0.0936666666666666,-2.81939108262534,-1.13361167254938,-4.5051704927013,-2.25141237905619,-1.20163650473154,-3.25134756816492
"CorstangeBRIEF69","welcome_refugees","Group 2","Group 6",0.00709799766598835,0.0291834560521996,0.0108638376201706,0.0136702039759733,0.00805747126436784,0.129040232501811,0.225203152711914,0.0328773122917077,-0.00275992922131794,-0.0252567700977872,-0.0843989314059314
"CorstangeBRIEF69","welcome_refugees","Group 2","Group 7",0.0224860619083536,0.0287635508632062,0.00260937978696049,0.0226354262405876,-0.0174166666666666,-0.691037146836379,0.00519283356023762,-1.387267127233,-0.724280562921691,-0.388893002517371,-1.1677611112871
"CorstangeBRIEF69","welcome_refugees","Group 2","Group 8",0.0104098531248112,0.0289385140426032,-0.00299283555163699,0.0118745439504895,-0.0178602150537635,-0.463143638153527,0.0506138920444208,-0.976901168351475,-0.428403070460595,-0.174100728567367,-0.752864160634654
"CorstangeBRIEF69","welcome_refugees","Group 3","Group 4",-0.00304878048780695,0.0293585544032756,-0.00427623550825124,0.0129884772593596,-0.0215409482758621,-0.0418091096579107,0.546255020832267,-0.629873240148089,0.0077405150101212,0.307716626992719,-0.361124097342502
"CorstangeBRIEF69","welcome_refugees","Group 3","Group 5",0.0060606060606079,0.0285551345129797,-0.0815317123693585,4.00235371449953e-05,-0.163103448275862,-3.06748050478107,-0.210840629054864,-5.92412038050728,-2.06924832481804,-0.252457194027768,-3.75303149034495
"CorstangeBRIEF69","welcome_refugees","Group 3","Group 6",-0.0205761316872411,0.0294511785623272,-0.0246732464193757,0.0120328175060763,-0.0613793103448276,-0.139115476260615,1.10722051833367,-1.3854514708549,0.152772326895349,0.884004212637348,-0.600544404075359
"CorstangeBRIEF69","welcome_refugees","Group 3","Group 7",-0.00518806744487413,0.0290351454244631,-0.0329277042525857,0.0209980397706906,-0.0868534482758621,-0.955381362903044,0.901876220447722,-2.81263894625381,-0.559770279132926,0.536801241057822,-1.68115721070053
"CorstangeBRIEF69","welcome_refugees","Group 3","Group 8",-0.0172642762284184,0.0292084817570753,-0.0385299195911832,0.0102371574805925,-0.0872969966629589,-0.728063976061115,0.941556426579724,-2.39768437870195,-0.267644137874773,0.744093087709448,-1.26711338049008
"CorstangeBRIEF69","welcome_refugees","Group 4","Group 5",0.00910938654841095,0.0289122417691449,-0.0772554768611073,-0.0129484537222146,-0.1415625,-2.98713825441536,-0.762923900773605,-5.21135260805711,-2.05302221456616,-0.602286664806512,-3.35183873580737
"CorstangeBRIEF69","welcome_refugees","Group 4","Group 6",-0.0175273511994387,0.0297975491571579,-0.0203970109111244,-0.000955659753283322,-0.0398383620689655,-0.0963052261966435,0.556142767270998,-0.748753219664285,0.141941697535112,0.531267095147804,-0.24926859932182
"CorstangeBRIEF69","welcome_refugees","Group 4","Group 7",-0.00213928695707126,0.0293864201100232,-0.0286514687443345,0.008009562511331,-0.0653125,-0.902191613949613,0.345358482945687,-2.14974171084491,-0.562260451122652,0.183131989027995,-1.31194942467739
"CorstangeBRIEF69","welcome_refugees","Group 4","Group 8",-0.0142154957406141,0.0295576965208132,-0.034253684082932,-0.00275131977876714,-0.0657560483870968,-0.677934707402108,0.387857556957269,-1.74372697176149,-0.273610268710717,0.390061547482974,-0.905053981522325
"CorstangeBRIEF69","welcome_refugees","Group 5","Group 6",-0.0266367377478492,0.0290062911482561,0.0568584659499829,0.0119927939689313,0.101724137931034,2.87852049995203,1.33176391008897,4.42527708981509,2.19071197251429,1.10574363636841,3.07307969098325
"CorstangeBRIEF69","welcome_refugees","Group 5","Group 7",-0.0112486735054831,0.0285837834669766,0.0486040081167728,0.0209580162335456,0.07625,2.09393839312437,1.126746911452,3.06112987479673,1.497075879002,0.756535888915186,2.02956829316987
"CorstangeBRIEF69","welcome_refugees","Group 5","Group 8",-0.023324882289025,0.0287598402989432,0.0430017927781753,0.0101971339434475,0.0758064516129032,2.30622543024475,1.16558422731243,3.44686663317706,1.78122078450207,0.9656654913535,2.4275144066727
"CorstangeBRIEF69","welcome_refugees","Group 6","Group 7",0.0153880642423656,0.029478956713947,-0.00825445783321008,0.00896522226461433,-0.0254741379310345,-0.802013527988594,-0.217878876789168,-1.38614817918802,-0.705414943190607,-0.394154281966783,-1.0675017518826
"CorstangeBRIEF69","welcome_refugees","Group 6","Group 8",0.00331185545882253,0.0296496985764857,-0.0138566731718076,-0.00179566002548381,-0.0259176863181313,-0.579045638064124,-0.172261969919552,-0.985829306208696,-0.416846195025976,-0.18453913529074,-0.663300230496239
"CorstangeBRIEF69","welcome_refugees","Group 7","Group 8",-0.0120762087835452,0.0292364905005037,-0.00560221533859748,-0.0107608822900981,-0.000443548387096815,0.221435382089932,0.044989205986416,0.397881558193449,0.287071818769592,0.170243897127978,0.391950316845354
"WallaceS9","president_approval","Group 2","Group 4",-0.0799120234604101,0.0235767113360596,-0.136678553258557,-0.0784112937092321,-0.194945812807882,-2.40773740616338,0.0636530570267763,-4.87912786935354,-0.350385027585969,1.5124493666561,-1.67018964239764
"WallaceS9","president_approval","Group 2","Group 3",0.170272751114613,0.0226218861212996,0.218295555550739,0.340172868609821,0.0964182424916573,2.12284705964064,7.5104311189702,-3.26473699968892,-1.32051199711583,0.617443876591193,-4.92849166204274
"WallaceS9","president_approval","Group 2","Group 6",-0.0811370395790446,0.0237537676145727,-0.13031698697642,-0.108450065906864,-0.152183908045977,-2.07040618546779,-1.14983975472854,-2.99097261620704,-0.123753051203179,0.862441422872154,-0.505945879771603
"WallaceS9","president_approval","Group 2","Group 5",0.198214065010498,0.0231383031457723,0.187091399729518,0.385325040838345,-0.0111422413793104,-0.480703585345374,8.08663343413905,-9.04804060482979,-3.36699783454849,0.461304290943214,-8.86711299430889
"WallaceS9","president_approval","Group 2","Group 8",-0.12374518906479,0.0229293584005506,-0.189848064387353,-0.140943593277749,-0.238752535496957,-2.88289249824696,-0.750060420903281,-5.01572457559065,0.0582476751946505,1.97812042122752,-0.973311506360356
"WallaceS9","president_approval","Group 2","Group 7",0.203859020310633,0.0240232732131819,0.301291357942521,0.464856714021108,0.137726001863933,4.0557478061909,10.8643685393904,-2.75287292700864,-0.416949067555873,2.01650555257259,-4.98817630936893
"WallaceS9","president_approval","Group 1","Group 2",-0.0331619476921589,0.023913013967617,-0.0346388043493779,-0.212651992935209,0.143374384236453,-0.0617595364272749,-7.50595660948954,7.38243753663499,0.447201860062536,-3.52820073152872,5.044981837571
"WallaceS9","president_approval","Group 1","Group 4",-0.113073971152568,0.024054910145887,-0.171317357607935,-0.291063286644441,-0.0515714285714286,-2.42126809462747,-7.39929246928849,2.55675628003355,0.107943364258443,-1.96469348391294,3.38431168161728
"WallaceS9","president_approval","Group 1","Group 3",0.137110803422439,0.0231198424819012,0.183656751201361,0.127520875674612,0.239792626728111,2.01324675180462,-0.414792088455371,4.44128559206461,-0.822452724558158,-2.98234567727759,0.402040600451854
"WallaceS9","president_approval","Group 1","Group 6",-0.114298987271209,0.0242284721059764,-0.164955791325798,-0.321102058842073,-0.00880952380952382,-2.09079647420664,-8.53553912381672,4.35394617540344,0.326801183560053,-2.57683909800897,4.48929553431462
"WallaceS9","president_approval","Group 1","Group 5",0.165052117318343,0.0236253773973793,0.15245259538014,0.172673047903136,0.132232142857143,-0.533304578643524,0.322573919417627,-1.38918307670467,-2.83801273855753,-3.05795364054247,-3.57171251017704
"WallaceS9","president_approval","Group 1","Group 8",-0.156907136756955,0.0234207784107151,-0.224486868736731,-0.353595586212958,-0.0953781512605042,-2.88546054254364,-8.39803212373239,2.6271110386451,0.520609357497643,-1.60379277713617,4.20436427819604
"WallaceS9","president_approval","Group 1","Group 7",0.170697072618471,0.0244927548588988,0.266652553593143,0.252204721085899,0.281100386100386,3.91770878888327,3.32782689970925,4.50759067805729,0.0343372241679699,-1.4076017059352,0.0389735728903128
"WallaceS9","president_approval","Group 4","Group 6",-0.001225016118633,0.0238966094038141,0.00636156628213663,-0.0300387721976315,0.0427619047619048,0.317475264903428,-1.20576754601846,1.84071807582531,0.215837112742772,-0.695628184437326,1.13879280644888
"WallaceS9","president_approval","Group 4","Group 5",0.278126088470909,0.0232849208196413,0.323769952988074,0.463736334547578,0.183803571428571,1.96023275624216,7.97126378544964,-4.05079827296532,-2.99804498927561,-1.13530940613205,-7.12643783649609
"WallaceS9","president_approval","Group 4","Group 8",-0.0438331656043835,0.0230773036070554,-0.0531695111287963,-0.0625322995685171,-0.0438067226890756,-0.404568301539283,-0.81028244384741,0.00114584076884345,0.408754782581874,0.357392010970811,0.732927887266045
"WallaceS9","president_approval","Group 4","Group 7",0.283771043771044,0.0241645219482302,0.437969911201078,0.54326800773034,0.332671814671815,6.38120910317977,10.7387584374829,2.02365976887668,-0.0794182881850892,0.46902130717762,-3.33550627431991
"WallaceS9","president_approval","Group 3","Group 4",-0.250184774575029,0.0227718290173712,-0.354974108809296,-0.418584162319054,-0.291364055299539,-4.60170916241864,-7.39507518766119,-1.80834313717608,0.941865280052921,0.8888188570304,3.16039729018992
"WallaceS9","president_approval","Group 3","Group 6",-0.251409790693648,0.0229550943204255,-0.34861254252716,-0.448622934516685,-0.248602150537634,-4.23447407693815,-8.59125826582018,0.122310111943876,1.16616033779158,0.220765028493755,4.32703449414326
"WallaceS9","president_approval","Group 3","Group 5",0.0279413138958976,0.0223176152811668,-0.0312041558212219,0.045152172228524,-0.107560483870968,-2.65016978615231,0.771178197840433,-6.07151777014506,-2.15962566847352,-0.21260123459865,-4.20404875313339
"WallaceS9","president_approval","Group 3","Group 8",-0.294017940179406,0.0221009130135703,-0.408143619938093,-0.481116461887571,-0.335170777988615,-5.16384457459344,-8.46564671754886,-1.86204243163801,1.40467063818167,1.35462643516324,4.02825880428876
"WallaceS9","president_approval","Group 3","Group 7",0.0335862691960244,0.0232338661278676,0.0829958023917813,0.124683845411287,0.0413077593722756,2.12661693597749,3.92089614848889,0.332337723466081,0.847574841499555,1.42139549893437,-0.365273539683005
"WallaceS9","president_approval","Group 6","Group 8",-0.0426081494857511,0.02325816201327,-0.059531077410933,-0.0324935273708855,-0.0865686274509804,-0.7276124362504,0.4348848421081,-1.8901097146089,0.176782360710057,1.00695802697219,-0.449109385305796
"WallaceS9","president_approval","Group 6","Group 7",0.284996059889678,0.0243373022220992,0.431608344918941,0.573306779927972,0.28990990990991,6.02417982450551,11.8464535389833,0.201906110027677,-0.297503409944978,1.08911104515864,-4.43600411461673
"WallaceS9","president_approval","Group 5","Group 6",-0.279351104589537,0.0234641789977883,-0.317408386705938,-0.493775106745209,-0.141041666666667,-1.62193111977147,-9.13835519989357,5.89449296035063,3.18798561501672,0.356357176987424,8.22554483242819
"WallaceS9","president_approval","Group 5","Group 8",-0.321959254075295,0.0226292221875617,-0.376939464116871,-0.526268634116095,-0.227610294117647,-2.42961112785378,-9.02856396686492,4.16934171115735,3.4945367321117,1.46856251930508,8.07391289355918
"WallaceS9","president_approval","Group 5","Group 7",0.00564495530012761,0.0237369727646202,0.114199958213003,0.079531673182763,0.148868243243243,4.57324545928099,3.11272707835614,6.03376384020583,2.85321071219683,1.53003753399376,3.58897723333838
"WallaceS9","president_approval","Group 7","Group 8",-0.327604209375428,0.0235333440085243,-0.491139422329874,-0.605800307298858,-0.37647853736089,-6.94908521692499,-11.8213585720185,-2.07681186183143,0.475432345204747,-0.192783386489382,4.13748010403677
"WallaceS9","credibility","Group 2","Group 4",-0.0846067352560902,0.0253971482018973,-0.186949349262013,-0.0648248068984106,-0.309073891625616,-4.02968920732121,0.778903528869505,-8.83828194351192,-1.41497560798899,1.88091176881917,-4.11202025420281
"WallaceS9","credibility","Group 2","Group 3",0.197457930540633,0.0244142653482592,0.213894091365446,0.264428894633006,0.163359288097886,0.673219553828798,2.74310789765983,-1.39666879000224,-2.45314861392065,-2.23492495649418,-4.00442717180117
"WallaceS9","credibility","Group 2","Group 6",-0.0888743531600694,0.0256146239073925,-0.21471978634933,-0.0975085382159007,-0.331931034482759,-4.91303068295064,-0.337080297842647,-9.48898106805863,-1.93446268939092,1.33502780216813,-4.45586796721353
"WallaceS9","credibility","Group 2","Group 5",0.217907703621987,0.0249743125074936,0.153876859107695,0.251622252698148,0.0561314655172414,-2.56386815433176,1.34996905584668,-6.47770536451021,-4.76439954822141,-3.28355899564587,-7.35749855631251
"WallaceS9","credibility","Group 2","Group 8",-0.11191605793609,0.0247040615674073,-0.219950528592545,-0.135793552114095,-0.304107505070994,-4.37314610642758,-0.966541235045636,-7.77975097780952,-1.20939562527136,1.47097962312535,-2.99906148001175
"WallaceS9","credibility","Group 2","Group 7",0.194572940287227,0.0258753257270716,0.237893973109925,0.312637899621528,0.163150046598322,1.67422173848713,4.56283953986241,-1.21439606288815,-1.60589058458845,-0.980202144975884,-3.67176199818744
"WallaceS9","credibility","Group 1","Group 2",-0.00769184866929336,0.0257864348722411,0.000124811602153635,-0.17125283984988,0.171502463054187,0.303130708458716,-6.34290827681101,6.94916969372845,0.295064693609456,-3.38322527284349,4.35738517478397
"WallaceS9","credibility","Group 1","Group 4",-0.092298583925381,0.0258633644876349,-0.18682453765986,-0.236077646748291,-0.137571428571429,-3.65482046157107,-5.55917861698347,-1.75046230615867,-1.08895841733357,-1.47006075722571,0.312179513827676
"WallaceS9","credibility","Group 1","Group 3",0.189766081871332,0.0248988923112322,0.2140189029676,0.0931760547831257,0.334861751152074,0.974052210560685,-3.87929012587571,5.82739454699708,-2.09324992408037,-5.63698020367191,0.59209271771973
"WallaceS9","credibility","Group 1","Group 6",-0.0965662018293645,0.0260769523477782,-0.214594974747176,-0.268761378065781,-0.160428571428571,-4.52617205199854,-6.60334742879136,-2.44899667520572,-1.60211657158612,-1.97853937775948,-0.0624222410106906
"WallaceS9","credibility","Group 1","Group 5",0.210215854952695,0.0254482763866846,0.154001670709848,0.0803694128482684,0.227633928571429,-2.20895841386961,-5.10236686097792,0.684450033238696,-4.37025222373186,-6.59357585067477,-2.79943783930158
"WallaceS9","credibility","Group 1","Group 8",-0.119607906605383,0.0251831122730575,-0.219825716990391,-0.307046391963975,-0.132605042016807,-3.97956413402592,-7.44302305950983,-0.516105208542013,-0.877761532712272,-1.96367074967551,1.52557001270036
"WallaceS9","credibility","Group 1","Group 7",0.18688109161793,0.0263330774371933,0.238018784712079,0.141385059771648,0.33465250965251,1.94195658354467,-1.72771420107633,5.61162736816566,-1.28282481529314,-4.22106235684836,0.664546812018119
"WallaceS9","credibility","Group 4","Group 6",-0.00426761790397618,0.0256920679805486,-0.0277704370873165,-0.0326837313174901,-0.0228571428571429,-0.91478892244619,-1.10602670968439,-0.723551135207986,-0.536264316980389,-0.584786165369528,-0.383307630101836
"WallaceS9","credibility","Group 4","Group 5",0.302514438878082,0.0250537359374178,0.340826208369708,0.316447059596559,0.365205357142857,1.52918389446293,0.55610950611437,2.50225828281149,-3.32145307476216,-5.23775096037776,-3.17162486050534
"WallaceS9","credibility","Group 4","Group 8",-0.0273093226800005,0.024784351053158,-0.0330011793305314,-0.0709687452156847,0.00496638655462184,-0.229655262642258,-1.7615721485724,1.30226162328788,0.237884420113731,-0.519740451201851,1.21844695306792
"WallaceS9","credibility","Group 4","Group 7",0.279179675543315,0.0259519918442109,0.424843322371939,0.377462706519939,0.472223938223938,5.61281182974465,3.78710935047353,7.43851430901577,-0.222724599665713,-2.87390853081919,0.357559405515317
"WallaceS9","credibility","Group 3","Group 4",-0.282064665796712,0.0244955047242371,-0.400843440627459,-0.329253701531416,-0.472433179723502,-4.84900295658008,-1.92643655503097,-7.7715693581292,0.971277219828831,4.11843074795056,-0.278198456241034
"WallaceS9","credibility","Group 3","Group 6",-0.286332283700708,0.0247209136729042,-0.428613877714776,-0.361937432848906,-0.495290322580645,-5.75551518429586,-3.05834768684405,-8.45268268174767,0.411705523027181,3.53180635267685,-0.668114705371645
"WallaceS9","credibility","Group 3","Group 5",0.020449773081352,0.0240568264766567,-0.0600172322577512,-0.0128066419348574,-0.107227822580645,-3.34487200201505,-1.38241072855056,-5.30733327547954,-2.46330630269559,-1.20096404347432,-3.58025162197843
"WallaceS9","credibility","Group 3","Group 8",-0.309373988476728,0.0237761492431443,-0.433844619957991,-0.400222446747101,-0.46746679316888,-5.23510473493319,-3.8209912522554,-6.64921821761098,1.25551394608585,3.76227517563098,0.989646242492989
"WallaceS9","credibility","Group 3","Group 7",-0.00288499025341205,0.0249909402861931,0.0239998817444793,0.0482090049885225,-0.000209241499564028,1.07578473198724,2.04450071333102,0.107068750643461,0.727276716227522,1.11041020458105,0.10447540111729
"WallaceS9","credibility","Group 6","Group 8",-0.0230417047760218,0.0250071565407625,-0.00523074224321496,-0.0382850138981946,0.0278235294117647,0.712234615869835,-0.609557871856631,2.0340271035963,0.780176665821211,0.0276772806497557,1.5955517099846
"WallaceS9","credibility","Group 6","Group 7",0.283447293447295,0.0261648562352253,0.452613759459255,0.410146437837429,0.495081081081081,6.46540781616121,4.84234055219309,8.08847508012932,0.299410857411379,-2.3317571598864,0.725445343979333
"WallaceS9","credibility","Group 5","Group 6",-0.306782056782076,0.0252741667627227,-0.368596645457024,-0.349130790914049,-0.3880625,-2.44576168446113,-1.6755738984216,-3.21594947050067,2.74088239476481,4.54021129970371,2.74853431868742
"WallaceS9","credibility","Group 5","Group 8",-0.329823761558084,0.0243508768950727,-0.373827387700239,-0.387415804812244,-0.360238970588235,-1.80706536079856,-2.36509114239797,-1.24903957919914,3.65272550024087,4.80036074865092,4.49730405643998
"WallaceS9","credibility","Group 5","Group 7",-0.0233347633347636,0.0255383442907871,0.0840171140022305,0.0610156469233799,0.107018581081081,4.20355666423218,3.30289267376557,5.1042206546988,3.02568992475849,2.16109439438203,3.46906824422853
"WallaceS9","credibility","Group 7","Group 8",-0.306488998223317,0.0252741251444853,-0.45784450170247,-0.448431451735623,-0.467257551669316,-5.9885555924842,-5.61611738095226,-6.36099380401613,0.45550172963294,2.38391693415554,0.821902510805959
"Campbell1308","Political Engagement","Control","Non-Partisan story",-0.0178645503008277,0.0259526244486647,0.0105625039148694,0.00762500782973885,0.0135,1.0953441056386,0.982157245059586,1.20853096621762,0.95400943542369,0.805633006683268,1.00216861749956
"Campbell1308","Political Engagement","Control","Democratic story",-0.0265873548310147,0.0250389524970559,0.0150345114615326,-0.00743097707693485,0.0375,1.66228464619042,0.765063065490951,2.55950622688989,1.45325865303028,0.85209156543934,1.97923733926862
"Campbell1308","Political Engagement","Control","Republican story",0.00201720253942267,0.0259223861549818,-0.0271974913217362,-0.0113949826434723,-0.043,-1.12700635221207,-0.517397785169455,-1.73661491925469,-0.758486231335425,-0.364672562650498,-1.11010128007624
"Campbell1308","Political Engagement","Non-Partisan story","Republican story",0.0198817528402502,0.0267155080706808,-0.0377599952366056,-0.0190199904732111,-0.0565,-2.15761376966345,-1.45614836186307,-2.85907917746383,-1.66160314704153,-1.17980143831375,-2.05801173178577
"Campbell1308","Political Engagement","Democratic story","Non-Partisan story",0.00872280453018698,0.0258591842418982,-0.00447200754666316,0.0150559849066737,-0.024,-0.510256315644766,0.244910292499693,-1.26542292378922,-0.448536055033142,-0.0612823027004135,-0.918225917129664
"Campbell1308","Political Engagement","Democratic story","Republican story",0.0286045573704375,0.0258288365562796,-0.0422320027832687,-0.00396400556653742,-0.0805,-2.7425377832779,-1.26093805526276,-4.22413751129303,-2.16887810428937,-1.23684178115191,-3.04039838624202
"Campbell1308","Political Responsiveness","Control","Non-Partisan story",-0.020808512103578,0.0220929512224764,0.0481497962339866,-0.00220040753202677,0.0985,3.12128097523745,0.842264321509938,5.40029762896496,2.35956908876106,0.834592008908679,3.6872732863889
"Campbell1308","Political Responsiveness","Control","Democratic story",-0.0238857446055892,0.0212300631558962,0.0353384849796367,-0.00832303004072654,0.079,2.7896398211504,0.733050789843763,4.84622885245704,2.2082551835603,0.85455999188197,3.41466703597836
"Campbell1308","Political Responsiveness","Control","Republican story",-0.017448019335265,0.0220670429416715,-0.0250195388875281,-0.0375390777750562,-0.0125,-0.343114370705512,-0.910455401428126,0.224226660017101,0.055233214866175,-0.19907306050315,0.431889709065851
"Campbell1308","Political Responsiveness","Non-Partisan story","Republican story",0.00336049276831371,0.0227657992766711,-0.0731693351215147,-0.0353386702430294,-0.111,-3.36161392621305,-1.69988158733348,-5.02334626509261,-2.23496487632886,-1.05373305890225,-3.16824673889749
"Campbell1308","Political Responsiveness","Democratic story","Non-Partisan story",0.00307723250201199,0.0219554734433003,0.0128113112543499,0.00612262250869977,0.0195000000000001,0.443355447445761,0.138707553474192,0.74800334141733,0.240427385055627,-0.0392286255594958,0.399613464952636
"Campbell1308","Political Responsiveness","Democratic story","Republican story",0.00643772527032475,0.0219294027413037,-0.0603580238671648,-0.0292160477343296,-0.0915,-3.04594474940628,-1.62584332210294,-4.46604617670962,-2.08087354363846,-1.08041416559897,-2.88008378667774
"Campbell1308","Gender Roles","Control","Non-Partisan story",-0.0044152342433427,0.0192020390478988,0.0357383746081513,0.0234767492163026,0.048,2.09111171742398,1.45255321010804,2.72967022473992,1.4410325199243,0.843297915656487,1.76400140600492
"Campbell1308","Gender Roles","Control","Democratic story",0.00415159345391981,0.018434715292227,0.0187009302685727,-0.000598139462854586,0.038,0.789235775221742,-0.25765154717508,1.83612309761856,0.435689929394745,-0.305872912231009,1.03760556020861
"Campbell1308","Gender Roles","Control","Republican story",0.0228099943440804,0.0191365718819253,-0.0240467900653087,0.0574064198693824,-0.1055,-2.4485464114733,1.80786954626804,-6.70496236921465,-2.00699584093891,0.400413172275943,-4.60790329820974
"Campbell1308","Gender Roles","Non-Partisan story","Republican story",0.0272252285874226,0.0196815739114347,-0.0597851646734601,0.0339296706530798,-0.1535,-4.42090625741729,0.340645625996507,-9.18245814083109,-3.35580548060067,-0.49223832846568,-6.21125862862934
"Campbell1308","Gender Roles","Democratic story","Non-Partisan story",-0.00856682769726312,0.0189998604243467,0.0170374443395786,0.0240748886791572,0.01,1.34760316470704,1.71799769300372,0.977208636410368,1.03522824738663,1.08812370745205,0.76574307668784
"Campbell1308","Gender Roles","Democratic story","Republican story",0.0186584008901601,0.0189336941968465,-0.0427477203338815,0.058004559332237,-0.1435,-3.24321923580392,2.07810256324042,-8.56454103484826,-2.45111124134316,0.641380091388339,-5.67786105945098
"senS81","ideal_gender_male","Gender-Control","Gender-PopulationStatistics",-0.015076879737266,0.00632239924215639,-0.0144566559576948,-0.00962759762967541,-0.0192857142857142,0.098099432796913,0.861900980763118,-0.665702115169292,0.917627174026324,1.36152700419868,0.501613514131076
"senS81","ideal_gender_male","Gender-Control","Gender-PopulationStatistics_StatusQuo",-0.000194558765988149,0.00628947433594469,-0.00793022345264363,-0.0137175897624301,-0.00214285714285711,-1.22993819093048,-2.15010512391427,-0.309771257946683,-0.769892365353503,-1.35583176042333,-0.182378068230932
"senS81","ideal_gender_male","Gender-PopulationStatistics","Gender-PopulationStatistics_StatusQuo",0.0148823209712782,0.00625238575442624,0.00652643250505119,-0.00408999213275474,0.0171428571428571,-1.33643201082269,-3.03441179882446,0.361547777179079,-1.68422614462926,-2.92693015649074,-0.6940713450712
"FaheyS78","cancel culture","Liberal * Cancel","Liberal * No Cancel",-0.0487971003427701,0.0195814769367815,0.000536623533897607,-0.0210544125066728,0.0221276595744681,2.51940770535037,1.41678219297064,3.62203321773009,2.51399795869089,1.83905042492642,3.18633500347379
"FaheyS78","cancel culture","Conservative * No Cancel","Liberal * No Cancel",-0.0605475023888474,0.0196381589967469,-0.0584093918210209,-0.0600102730037438,-0.0568085106382979,0.108875305886907,0.0273564026644555,0.190394209109358,1.15535890163698,1.33910896430746,1.29790405192301
"FaheyS78","cancel culture","Conservative * No Cancel","Liberal * Cancel",-0.0117504020460752,0.0194019696247038,-0.0589460153549185,-0.0389558604970709,-0.078936170212766,-2.43251660639397,-1.40220085781168,-3.46283235497626,-1.36360117734567,-0.561736900852129,-1.9043334663966
"FaheyS78","cancel culture","Conservative * Cancel","Liberal * No Cancel",-0.0400153489731021,0.0196960350997783,-0.0812587181516059,-0.0948578618351267,-0.0676595744680851,-2.09399348496124,-2.78444430994347,-1.40354265997902,-0.644042242162104,-0.682117681328964,-0.0879438109276452
"FaheyS78","cancel culture","Conservative * Cancel","Liberal * Cancel",0.00878175136966842,0.0194605481728578,-0.0817953416855035,-0.0738034493284539,-0.0897872340425532,-4.65439576781822,-4.24372427562479,-5.06506726001165,-3.17723573302653,-2.60174843927045,-3.29735884217562
"FaheyS78","cancel culture","Conservative * Cancel","Conservative * No Cancel",0.0205321534157444,0.0195175814317229,-0.0228493263305851,-0.0348475888313829,-0.0108510638297872,-2.22268726778921,-2.83742852263017,-1.60794601294825,-1.80821983112915,-2.09645658469433,-1.39687959994098
"wayne841","CandidateSupportDT","Anger","Fear",-0.0361812543509915,0.0343113273539859,0.0101790441962404,0.000728458762851214,0.0196296296296297,1.35116598868176,1.07572967763822,1.6266022997253,1.24706018005323,1.02934883745319,1.40261932908338
"wayne841","CandidateSupportDT","Anger","RELAXED/CONTROL",-0.0231594202898556,0.0335814567765664,0.00562199826185872,-0.0002374849577641,0.0114814814814815,0.857062835100066,0.682577158120393,1.03154851207974,0.798256293256133,0.648105341257669,0.895773231359614
"wayne841","CandidateSupportDT","Fear","RELAXED/CONTROL",0.0130218340611351,0.0336196236072157,-0.00455704593438172,-0.000965943720615314,-0.00814814814814813,-0.52287557412582,-0.416059916231433,-0.629691232020207,-0.475497170546209,-0.440762344709454,-0.541338840309132
"wayne841","CandidateSupportHC","Anger","Fear",0.0648868548182048,0.0370980791573288,0.0156007943469415,-0.00657618908389479,0.0377777777777778,-1.32853402631027,-1.9263273335267,-0.730740719093848,-1.47604241328919,-1.88080219981303,-1.12555264607355
"wayne841","CandidateSupportHC","Anger","RELAXED/CONTROL",0.0319883040935676,0.0363518524169371,-0.032342681202209,-0.0332038809229365,-0.0314814814814814,-1.76967557410646,-1.7933662435901,-1.74598490462283,-1.45796017867621,-1.41796479944411,-1.41805066760275
"wayne841","CandidateSupportHC","Fear","RELAXED/CONTROL",-0.0328985507246378,0.0362690952809108,-0.0479434755491505,-0.0266276918390417,-0.0692592592592592,-0.414813898940324,0.172898133714865,-1.00252593159551,0.0483725879690139,0.467732677768109,-0.274287916587562
"wayne841","CandidateSupportBC","Anger","Fear",0.0156249999999979,0.0328579878130163,-0.00568969385609977,-0.00249049882331059,-0.00888888888888895,-0.648691392102048,-0.551327090581373,-0.746055693622723,-0.588133030970139,-0.555766118312875,-0.647007585012065
"wayne841","CandidateSupportBC","Anger","RELAXED/CONTROL",0.055355933023614,0.0321149567726513,-0.0349432076111577,-0.00803456337046354,-0.0618518518518519,-2.81174722650317,-1.97386211175162,-3.64963234125473,-2.43052639225537,-1.90088041116581,-2.9156733885682
"wayne841","CandidateSupportBC","Fear","RELAXED/CONTROL",0.0397309330236151,0.0321149567726512,-0.0292535137550579,-0.00554406454715295,-0.0529629629629629,-2.14804731848244,-1.40977918454879,-2.88631545241609,-1.82892156805811,-1.37162247840359,-2.25853035268631
"Craig735","Immigration","Asian Growth","Hispanic Growth",-0.0068921736929576,0.0132116343329567,0.00048409054146209,0.0109681810829242,-0.01,0.558315803217431,1.35186566065705,-0.235234054222185,0.549971211174879,0.88755851265212,0.0482070554898236
"Craig735","Immigration","Asian Growth","Control",0.00918042627480026,0.0130502479796311,-0.0213555571848109,-0.0129742722643585,-0.0297368421052632,-2.33987764119669,-1.69764578985303,-2.98210949254035,-1.76171055565462,-1.34387431975997,-2.11477250654929
"Craig735","Immigration","Control","Hispanic Growth",-0.0160725999677576,0.0132447974896005,0.0218396477262729,0.0239424533472827,0.0197368421052632,2.86242562212056,3.0211902708561,2.70366097338502,2.28891541247949,2.11817969013499,2.1247817313104
"Craig735","Federal Funding","Asian Growth","Hispanic Growth",0.0171771828496336,0.0141094931604555,-0.005155436460066,-0.00741613607802671,-0.00289473684210528,-1.58280804673346,-1.74303347738866,-1.42258261607825,-1.45051539229395,-1.59270962927518,-1.35043310638906
"Craig735","Federal Funding","Asian Growth","Control",0.0217265516303504,0.013920859017092,0.0310455549172059,0.035249004571254,0.0268421052631579,0.669427315901528,0.971380639966302,0.367473991836753,-0.108037690482882,-0.252484842869377,-0.379165680499766
"Craig735","Federal Funding","Control","Hispanic Growth",-0.0045493687807164,0.0141291118062916,-0.0362009913772719,-0.0426651406492807,-0.0297368421052632,-2.24017072201674,-2.69767642801096,-1.78266501602251,-1.33784889342807,-1.42731196397626,-0.981555724492326
"Craig735","Terrorist Interrogation","Asian Growth","Hispanic Growth",0.0404061104188958,0.0155490494859045,0.00477508769101734,0.0134975438030873,-0.00394736842105264,-2.291524170669,-1.73056022750469,-2.85248811383331,-2.39534867984479,-2.19811518750779,-2.76103862605252
"Craig735","Terrorist Interrogation","Asian Growth","Control",0.0329376224406647,0.0153540270772083,0.0419406187254638,0.0651970269246118,0.0186842105263158,0.586360584068739,2.10103866052401,-0.928317492386527,-0.367267820914868,0.115563018014054,-1.40136464139923
"Craig735","Terrorist Interrogation","Control","Hispanic Growth",0.00746848797823393,0.0156094397125289,-0.0371655310344464,-0.0516994831215244,-0.0226315789473684,-2.85942479901152,-3.7905249765158,-1.92832462150724,-2.02101502162668,-2.38074465327084,-1.37787338018307
"Enos700","modern_racism1","Black","Surinamese",0.0700918318848468,0.017361560778955,-0.107125276345986,-0.0507370391784582,-0.163513513513514,-10.2074410525146,-6.95956271453251,-13.4553193904967,-8.05077186207912,-5.72084565236641,-9.86515920193455
"Enos700","modern_racism1","Black","Mauritanian",0.0703463744913622,0.0172791198179768,-0.138429461808325,-0.0598318965896222,-0.217027027027027,-12.0825504133886,-7.53384850920185,-16.6312523175754,-9.28168015074646,-6.05292577855333,-11.839429216394
"Enos700","modern_racism1","Mauritanian","Surinamese",-0.000254542606516152,0.0179640374832484,0.0313041854623388,0.009094857411164,0.0535135135135136,1.75677255729864,0.520450930165257,2.99309418443203,1.1447861827447,0.222386594657184,1.84206591598933
"Howard823","financial_slack","Control","Experimental Different",-0.0175921007981818,0.0194282462057808,0.0206352051322252,-0.0197295897355495,0.061,1.96761485959719,-0.110019654616673,4.04524937381105,1.6056629241922,0.28947062858814,2.84498267646559
"Howard823","financial_slack","Control","Experimental Similar",-0.0194553161082873,0.0193187978501644,0.0226345263851789,0.00376905277035772,0.0415,2.17869884140374,1.20216428883267,3.1552333939748,1.77842335667869,1.0577506256717,2.33534357302413
"Howard823","financial_slack","Experimental Different","Experimental Similar",-0.00186321531010486,0.0197164911571699,0.00199932125295363,0.0234986425059072,-0.0195,0.195903851870412,1.28632714684576,-0.894519443104941,0.170527728274209,0.695510920451345,-0.511132997021187
"Howard823","Willingness_to_spend_on_optional_expense","Control","Experimental Different",-0.0122874093605801,0.017395729918502,0.00774706787266827,0.0489941357453366,-0.0335,1.15168937015629,3.52279239750315,-1.21941365719057,1.00712066696291,2.19506788005152,-0.476177125243592
"Howard823","Willingness_to_spend_on_optional_expense","Control","Experimental Similar",-0.0248428284399516,0.017319653434696,0.0122963533079559,0.00659270661591177,0.018,2.14433746540838,1.8150210207376,2.47365391007915,1.90707089293165,1.58073414900573,2.07958260867703
"Howard823","Willingness_to_spend_on_optional_expense","Experimental Different","Experimental Similar",-0.0125554190793714,0.017664035680613,0.0045492854352876,-0.0424014291294248,0.0515,0.968335029657584,-1.68964842404675,3.62631848336192,0.889413373523247,-0.673943912655336,2.51246905369639
"Krupnikov719","abortion","Group 1 Control","Group 2 Treatment 1",-0.126168224299067,0.0480799121516196,0.022619591258422,0.0195725158501773,0.0256666666666667,3.09459416415503,3.031218935876,3.15796939243406,2.93548156359025,2.82681481837879,2.95683912317007
"Krupnikov719","abortion","Group 1 Control","Group 3 Treatment 2",-0.0836794738663906,0.0479684869447051,0.0088004268438191,-0.00439914631236182,0.022,1.92793032677504,1.65275856304198,2.2031020905081,1.86938842617427,1.67225600461889,2.03081487272529
"Krupnikov719","abortion","Group 2 Treatment 1","Group 3 Treatment 2",0.0424887504326767,0.0479684869447048,-0.0138191644146029,-0.0239716621625392,-0.00366666666666665,-1.17385221910768,-1.38550154128954,-0.962202896925821,-1.0671722395012,-1.1828040382952,-0.929318339051544
"Krupnikov719","systemic_racism","Group 1 Control","Group 2 Treatment 1",-0.00882352941176606,0.0301702760211941,0.0142646305748313,-0.022137405517004,0.0506666666666667,0.765261808356621,-0.441291160077063,1.97181477679031,0.608726549172501,-0.146314315059891,1.3335549655213
"Krupnikov719","systemic_racism","Group 1 Control","Group 3 Treatment 2",-0.0155146105134676,0.030111521776493,-0.00999660785830619,-0.0179932157166124,-0.002,0.183252201470239,-0.0823141793212123,0.448818582261689,0.308716844368821,0.151444856035541,0.47998093572585
"Krupnikov719","systemic_racism","Group 2 Treatment 1","Group 3 Treatment 2",-0.00669108110170189,0.0301115217764931,-0.0242612384331375,0.00414418980039161,-0.0526666666666667,-0.583502802078638,0.359838037496736,-1.52684364165401,-0.292053996703525,0.263509634359662,-0.850482125284293
"Krupnikov719","income","Group 1 Control","Group 2 Treatment 1",-0.0234159779614324,0.0262986496281586,0.0231350311847642,-0.00106327096380499,0.0473333333333333,1.77009123298685,0.849956454558555,2.69022601141515,1.47232995591077,0.828567292349385,2.00660454289276
"Krupnikov719","income","Group 1 Control","Group 3 Treatment 2",-0.0123456790123459,0.0262718621856506,0.0267596954727166,0.000519390945433185,0.053,1.48848887104856,0.489690067147424,2.48728767494971,1.14208297487019,0.441231275607338,1.72026241511061
"Krupnikov719","income","Group 2 Treatment 1","Group 3 Treatment 2",0.0110702989490867,0.0261341029687433,0.00362466428795241,0.00158266190923817,0.00566666666666665,-0.284901099151531,-0.363036644157858,-0.206765554145203,-0.322961893543317,-0.430018046605983,-0.283347730241203
"KuruB67","poll_accuracy","C1","C10",-0.057080756799244,0.0219519720179587,-0.0833618772214884,-0.117538569257792,-0.0491851851851852,-1.19721000011954,-2.75409482159907,0.359674821359988,0.125916833482622,-0.464312848356363,1.17955368357843
"KuruB67","poll_accuracy","C1","C11",-0.0454768820043447,0.0213015086225262,-0.0204515657921346,-0.0652364649176026,0.0243333333333333,1.17481426577205,-0.927614248521452,3.27724278006556,1.60546489965387,0.441342815231434,2.85928640420377
"KuruB67","poll_accuracy","C1","C12",-0.0235470574429406,0.0213015086225262,-0.0133022367410742,-0.00800677233272307,-0.0185977011494253,0.480943433791944,0.72953917891918,0.232347688664709,0.805578687145952,1.01440841604977,0.551843086140254
"KuruB67","poll_accuracy","C1","C2",0.0310840055085574,0.0212553072567828,0.135718294562875,0.227103255792417,0.0443333333333333,4.92273707409841,9.22213204992874,0.623342098268092,3.03349134146865,5.04430914204336,-0.139821351711654
"KuruB67","poll_accuracy","C1","C3",0.0596891184397981,0.0210316546517938,0.228751566888447,0.290594042867803,0.166909090909091,8.03847587114262,10.9789233539127,5.09802838837258,4.73187463313801,5.53855136508444,2.19417702030937
"KuruB67","poll_accuracy","C1","C4",0.067227796358228,0.0213954500524501,0.147831754529086,0.17814835754302,0.117515151515151,3.76734109230048,5.18430605165466,2.3503761329463,1.71163176549447,1.95711715529588,0.340643636389989
"KuruB67","poll_accuracy","C1","C5",0.0657748049052411,0.0211196776107369,0.16658264115579,0.213142293805833,0.120022988505747,4.77317116807219,6.97773382798575,2.56860850815862,2.41017369732705,3.03981702757807,0.489184228361884
"KuruB67","poll_accuracy","C1","C6",0.069854058984492,0.0212096072195877,0.253047990308537,0.41628645680755,0.0898095238095238,8.63730899999223,16.333748863728,0.940869136256436,4.99660484905561,8.54774577042539,-0.608494936621746
"KuruB67","poll_accuracy","C1","C7",0.072065615543875,0.0209030598064403,0.337135275083905,0.426241564660563,0.248028985507246,12.68090231739,16.9437370603306,8.4180675744494,7.71613173168442,8.85137898605866,4.07634592497549
"KuruB67","poll_accuracy","C1","C8",0.0368128030516687,0.0206974250092077,0.225452884037735,0.392143863313566,0.0587619047619047,9.11418115548896,17.1678873146694,1.06047499630855,5.80452659907193,9.65988526583345,0.0216591931491396
"KuruB67","poll_accuracy","C1","C9",0.071116685247117,0.0211196776107363,0.204428144656723,0.332856289313446,0.076,6.31219196934314,12.3931628545917,0.231221084094602,3.38316253575814,6.16800963141018,-1.08548366048867
"KuruB67","poll_accuracy","C2","C3",0.0286051129312462,0.0242541140321059,0.0930332723255719,0.0634907870753862,0.122575757575758,2.65638065810362,1.43834048516309,3.87442083104415,1.55663289878701,0.499045120573809,2.0252149380913
"KuruB67","poll_accuracy","C2","C4",0.0361437908496717,0.0245702428363449,0.0121134599662108,-0.0489548982493965,0.0731818181818181,-0.97802577872428,-3.46348587866572,1.50743432121716,-1.0233219723174,-2.54403671927574,0.417612666197807
"KuruB67","poll_accuracy","C2","C5",0.0346907993966801,0.0243304815503412,0.0308643465929152,-0.0139609619865834,0.0756896551724138,-0.157269916579652,-1.99962180290596,1.68508196974666,-0.44644861674954,-1.65146943840344,0.54680520316396
"KuruB67","poll_accuracy","C2","C6",0.0387700534759352,0.0244085843198503,0.117329695745662,0.189183201015134,0.0454761904761904,3.2185251401835,6.16230525982922,0.274745020537771,1.81131459302097,3.1510769766748,-0.406960016965418
"KuruB67","poll_accuracy","C2","C7",0.0409816100353167,0.0241426895635442,0.20141698052103,0.199138308868147,0.203695652173913,6.64529815799698,6.55091465333874,6.73968166265522,4.12242229654601,3.34013746822611,3.65248135015597
"KuruB67","poll_accuracy","C2","C8",0.00572879754311238,0.0239648691234032,0.0897345894748605,0.16504060752115,0.0144285714285713,3.50537244744271,6.6477229296637,0.363021965221712,2.43583023096115,3.98724266237342,0.142746877535423
"KuruB67","poll_accuracy","C2","C9",0.0400326797385607,0.0243304815503414,0.0687098500938482,0.10575303352103,0.0316666666666666,1.17865198417683,2.70115302265964,-0.343849054305983,0.398138472247689,1.06390712167501,-0.820059570461566
"KuruB67","poll_accuracy","C3","C4",0.00753867791842377,0.0243770228668134,-0.0809198123593611,-0.112445685324783,-0.0493939393939394,-3.62876511873856,-4.92202693900541,-2.33550329847172,-2.46890821346232,-2.94433652701026,-1.59405333128759
"KuruB67","poll_accuracy","C3","C5",0.00608568646543202,0.0241353422035752,-0.0621689257326567,-0.0774517490619696,-0.0468861024033438,-2.82799438360473,-3.46120783466775,-2.1947809325417,-1.90192755759761,-2.04876339246776,-1.48392696977027
"KuruB67","poll_accuracy","C3","C6",0.0101649405446869,0.0242140744054244,0.0242964234200903,0.125692413939748,-0.0770995670995671,0.583606155609967,4.77108773437899,-3.60387542315906,0.37871620463202,2.79369626447552,-2.4387649937761
"KuruB67","poll_accuracy","C3","C7",0.0123764971040687,0.0239460199234416,0.108383708195458,0.13564752179276,0.0811198945981555,4.00931809955626,5.14787113193777,2.87076506717476,2.69293182522529,2.98059315718416,1.63123576989429
"KuruB67","poll_accuracy","C3","C8",-0.0228763153881359,0.0237667280649655,-0.00329868285071139,0.101549820445763,-0.108147186147186,0.82374117648461,5.23530775855157,-3.58782540558235,0.981750201879066,3.63058766279592,-1.92278082051957
"KuruB67","poll_accuracy","C3","C9",0.0114275668073122,0.0241353422035753,-0.0243234222317237,0.0422622464456436,-0.0909090909090909,-1.48127127170958,1.27757374965927,-4.24011629307844,-1.05051180334077,0.688567561448925,-2.86184313420652
"KuruB67","poll_accuracy","C4","C5",-0.00145299145299231,0.0244530065398557,0.0187508866267044,0.0349939362628131,0.00250783699059565,0.826232882519643,1.49048860950497,0.16197715553432,0.694979928794653,1.02907148151144,0.124478116934007
"KuruB67","poll_accuracy","C4","C6",0.00262626262626225,0.0245307192080854,0.105216235779451,0.23813809926453,-0.0277056277056277,4.18210213418346,9.60069024640104,-1.23648597803412,2.93787894839457,5.79918857030589,-0.823191828065393
"KuruB67","poll_accuracy","C4","C7",0.00483781918564467,0.0242661627730546,0.189303520554819,0.248093207117543,0.130513833992095,7.60176642241958,10.0244686482534,5.1790641965858,5.2494092915949,6.01598372720278,3.21107850476544
"KuruB67","poll_accuracy","C4","C8",-0.0304149933065605,0.0240892537964244,0.0776211295086497,0.213995505770546,-0.0587532467532468,4.48482645947489,10.1460386088582,-1.17638568990844,3.57964642646992,6.67927235505805,-0.283913296760522
"KuruB67","poll_accuracy","C4","C9",0.00388888888888791,0.0244530065398553,0.0565963901276374,0.154707931770426,-0.0415151515151515,2.15546097175588,6.16770958760111,-1.85678764408935,1.53533510364857,3.7308422919653,-1.23553780185713
"KuruB67","poll_accuracy","C5","C6",0.00407925407925279,0.0242905678052306,0.086465349152747,0.203144163001717,-0.0302134646962233,3.39169078854359,8.19515255957084,-1.41177098248365,2.37900260245724,4.93737792131527,-0.956613162037971
"KuruB67","poll_accuracy","C5","C7",0.00629081063863562,0.0240233668573522,0.170552633928115,0.21309927085473,0.128005997001499,6.83758543358413,8.6086376420132,5.06653322515506,4.7080020663718,5.14741700542905,3.11685555280867
"KuruB67","poll_accuracy","C5","C8",-0.02896200185357,0.0238446565901691,0.0588702428819453,0.179001569507733,-0.0612610837438424,3.68351896381379,8.72160060577447,-1.35456267814689,3.01744969444253,5.81145436661108,-0.414451292752729
"KuruB67","poll_accuracy","C5","C9",0.00534188034187881,0.0242120843438302,0.037845503500933,0.119713995507613,-0.0440229885057472,1.34245456514515,4.72376163660932,-2.03885250631903,0.960784683938649,2.84584163473721,-1.37352087346095
"KuruB67","poll_accuracy","C6","C7",0.00221155655938182,0.0241024648364161,0.0840872847753676,0.00995510785301257,0.158219461697723,3.39698569302675,0.321276323653468,6.47269506240003,2.40755982398193,0.272333653350808,4.07073371327466
"KuruB67","poll_accuracy","C6","C8",-0.0330412559328229,0.0239243454232466,-0.0275951062708017,-0.0241425934939843,-0.0310476190476191,0.227640487782347,0.371950090228677,0.0833308853360161,0.705395137756404,0.897736531377581,0.55821393692553
"KuruB67","poll_accuracy","C6","C9",0.00126262626262493,0.0242905678052303,-0.048619845651814,-0.0834301674941041,-0.0138095238095238,-2.05357372929331,-3.48665352065145,-0.620493937935176,-1.30961677214875,-1.9839230388726,-0.412442044190192
"KuruB67","poll_accuracy","C7","C8",-0.0352528124922059,0.0236530077324907,-0.111682391046169,-0.0340977013469969,-0.189267080745342,-3.23128370896259,0.0488356981181007,-6.51140311604328,-1.62510494567886,0.75048320133608,-3.58344017699075
"KuruB67","poll_accuracy","C7","C9",-0.000948930296757431,0.0240233668573521,-0.132707130427182,-0.0933852753471167,-0.172028985507246,-5.48458510885624,-3.84776811673548,-7.12140210097701,-3.62672194542525,-2.16111219196751,-4.50113813540646
"KuruB67","poll_accuracy","C8","C9",0.0343038821954481,0.023844656590169,-0.0210247393810123,-0.0592875740001199,0.0172380952380953,-2.32037820998739,-3.92504944835964,-0.715706971615138,-1.92806562540248,-2.80276787912184,-0.980206172337384
"KuruB67","poll_accuracy","C10","C11",0.0116038747949002,0.0250955535619894,0.0629103114293537,0.0523021043401889,0.0735185185185185,2.04444331174922,1.62173069602783,2.46715592747061,1.36072275635864,0.89383120303174,1.39523758149392
"KuruB67","poll_accuracy","C10","C12",0.0335336993563042,0.0250955535619894,0.0700596404804142,0.109531796925068,0.0305874840357599,1.45547461361576,3.02834912093247,-0.117399893700959,0.681766501789921,1.38025848214921,-0.563357339088641
"KuruB67","poll_accuracy","C10","C2",0.0881647623078011,0.0250563490071341,0.219080171784363,0.344641825050208,0.0935185185185186,5.22483979766117,10.23601094754,0.21366864778237,2.57128669932877,4.79911345922791,-1.15199546106287
"KuruB67","poll_accuracy","C10","C3",0.116769875239051,0.0248669064497278,0.312113444109935,0.408132612125594,0.216094276094276,7.85556374958828,11.7168871598716,3.99424033930496,4.00003192005008,5.2083205802226,0.814508987744451
"KuruB67","poll_accuracy","C10","C4",0.124308553157469,0.025175341545528,0.231193631750574,0.295686926800812,0.166700336700337,4.24562576042156,6.80739021289603,1.68386130794708,1.45262769495176,2.18083728042214,-0.739002114176728
"KuruB67","poll_accuracy","C10","C5",0.12285556170448,0.0249413977428802,0.249944518377279,0.330680863063625,0.169208173690932,5.0955025850176,8.33254429048471,1.8584608795505,2.03883352527919,3.09645343300968,-0.62392017883254
"KuruB67","poll_accuracy","C10","C6",0.126934815783737,0.0250175933574018,0.336409867530026,0.533825026065342,0.138994708994709,8.37310962544336,16.2641627621316,0.482056488755109,4.23403207410012,7.76750379920296,-1.55086033184374
"KuruB67","poll_accuracy","C10","C7",0.129146372343122,0.0247582400072937,0.420497152305393,0.543780133918355,0.297214170692432,11.7678308262801,16.7473035826894,6.78835806987077,6.51258043489134,7.9993903162593,2.39577805646478
"KuruB67","poll_accuracy","C10","C8",0.0938935598509141,0.0245848721981405,0.308814761259224,0.509682432571358,0.10794708994709,8.74201011403122,16.9123869902359,0.571633237826581,4.88463065589582,8.66242745610706,-1.03496836608724
"KuruB67","poll_accuracy","C10","C9",0.128197442046363,0.0249413977428806,0.287790021878212,0.450394858571238,0.125185185185185,6.39870232923909,12.9181780366277,-0.120773378149496,2.86273324406565,5.74531938584397,-1.95730487921495
"KuruB67","poll_accuracy","C11","C12",0.0219298245614033,0.0245285956120807,0.00714932905106044,0.0572296925848795,-0.0429310344827586,-0.602582216450388,1.4391312320421,-2.64429566494288,-0.584028293427588,0.613345356874719,-2.0038386866003
"KuruB67","poll_accuracy","C11","C2",0.0765608875129035,0.0244884834092614,0.15616986035501,0.292339720710019,0.02,3.25087395212063,8.8114412636721,-2.30969335943085,1.34726004818105,4.11027541551801,-2.60850718263318
"KuruB67","poll_accuracy","C11","C3",0.105166000444151,0.0242946131991811,0.249203132680581,0.355830507785405,0.142575757575758,5.9287682851969,10.3176990424241,1.5398375279697,2.80036226121785,4.52449970240537,-0.607511863478332
"KuruB67","poll_accuracy","C11","C4",0.11270467836257,0.0246102217798278,0.16828332032122,0.243384822460623,0.0931818181818181,2.25835599759635,5.30999457327796,-0.79328257808527,0.208681449802031,1.43474826301444,-2.17869695140416
"KuruB67","poll_accuracy","C11","C5",0.111251686909577,0.0243708538111992,0.187034206947925,0.278378758723436,0.0956896551724138,3.10955539865096,6.85766174253027,-0.638550945228356,0.796716292255984,2.36495720144527,-2.07522585255716
"KuruB67","poll_accuracy","C11","C6",0.115330940988834,0.0244488276102272,0.273499556100672,0.481522921725153,0.0654761904761905,6.46937422249543,14.9778953238289,-2.039146878838,3.04679603789826,7.14678036089575,-3.01905591755804
"KuruB67","poll_accuracy","C11","C7",0.117542497548214,0.0241833753305245,0.357586840876039,0.491478029578166,0.223695652173913,9.92600660772274,15.4625037621596,4.38950945328592,5.36754386440309,7.37932453530948,1.00489130471679
"KuruB67","poll_accuracy","C11","C8",0.0822896850560118,0.024005856267111,0.24590444982987,0.457380328231169,0.0344285714285714,6.81561877874012,15.6249641338162,-1.99372657633596,3.69298715388212,8.05515201555816,-2.5184750285298
"KuruB67","poll_accuracy","C11","C9",0.116593567251461,0.0243708538111996,0.224879710448858,0.398092754231049,0.0516666666666666,4.44326423835158,11.5506493601068,-2.66412088340364,1.63990425545557,5.07583552392954,-3.43982630579309
"KuruB67","poll_accuracy","C12","C2",0.0546310629514999,0.0244884834092614,0.149020531303949,0.23511002812514,0.0629310344827587,3.8544431998901,7.36995273073479,0.338933669045414,2.04304764629473,3.61178959125954,-0.601358642061221
"KuruB67","poll_accuracy","C12","C3",0.0832361758827465,0.0242946131991811,0.242053803629521,0.298600815200526,0.185506792058516,6.53715399560788,8.8647074786537,4.20960051256207,3.50170222135978,4.02203597775071,1.41565365608536
"KuruB67","poll_accuracy","C12","C4",0.0907748538011677,0.0246102217798278,0.16113399127016,0.186155129875743,0.136112852664577,2.85893959422435,3.87563659230228,1.84224259614641,0.90102722405839,0.938728278053862,-0.181477089858378
"KuruB67","poll_accuracy","C12","C5",0.0893218623481757,0.0243708538111993,0.179884877896864,0.221149066138556,0.138620689655172,3.71603786433907,5.40921564798855,2.02286008068959,1.49586221405149,1.86406536024526,-0.0583895071218352
"KuruB67","poll_accuracy","C12","C6",0.0934011164274307,0.0244488276102271,0.266350227049611,0.424293229140274,0.108407224958949,7.07392245466342,13.5340687082447,0.613776201082184,3.74371219782278,6.64748599669484,-1.00865179841907
"KuruB67","poll_accuracy","C12","C7",0.0956126729868115,0.0241833753305244,0.350437511824979,0.434248336993286,0.266626686656672,10.5371907500656,14.0028287771329,7.0715527229983,6.07210982427842,6.87454959507614,3.03736291233721
"KuruB67","poll_accuracy","C12","C8",0.0603598604946087,0.0240058562671111,0.23875512077881,0.400150635646289,0.07735960591133,7.43132251977236,14.1544951103122,0.708149929232543,4.40276325447971,7.54664435387436,-0.47097365266513
"KuruB67","poll_accuracy","C12","C9",0.0946637426900579,0.0243708538111997,0.217730381397797,0.340863061646169,0.0945977011494253,5.04974670403972,10.1022032655651,-0.00270985748567552,2.33905017725112,4.57494368272957,-1.42298996035773
"KuruB67","vote_choice","C1","C10",-0.00399159663865848,0.0318674151701982,0.0145760815068733,-0.00918117031958682,0.0383333333333333,0.582654038501869,-0.162848905479523,1.32815698248326,0.523320179363858,0.0424399402547728,0.888026464840253
"KuruB67","vote_choice","C1","C11",0.0237556561085962,0.0307257233203817,0.0127731012424202,0.0364436383822763,-0.010897435897436,-0.357438448288402,0.412943322485225,-1.12782021906203,-0.400441570646279,0.026687023989173,-0.99802211667691
"KuruB67","vote_choice","C1","C12",-0.0490196078431402,0.0309245973921508,-0.00252977842401822,0.014193316715182,-0.0192528735632185,1.50332852614346,2.0440985457863,0.962558506500624,1.61691062185562,1.95065205315829,1.19038579571144
"KuruB67","vote_choice","C1","C2",-0.0220898485976714,0.0305966496564354,-0.172939095289768,-0.161294857246202,-0.184583333333333,-4.93025374954306,-4.54968142628816,-5.31082607279796,-3.05618051654124,-2.32978825676222,-3.10335214103626
"KuruB67","vote_choice","C1","C3",0.0207107843137231,0.0304702764086645,0.174762514102527,0.171494725174751,0.178030303030303,5.05580348936375,4.94855835367975,5.16304862504774,3.33315569672387,2.77062087037048,3.02515707564061
"KuruB67","vote_choice","C1","C4",0.0079210492143858,0.0310608297582247,-0.00600766453589413,0.00813618607972699,-0.0201515151515153,-0.448433408208991,0.00692630773278771,-0.90379312415077,-0.299981013401253,-0.0074225478732251,-0.666378736032464
"KuruB67","vote_choice","C1","C5",-0.0300986636692897,0.0306608433436532,-0.00722309760111464,0.00480667836098919,-0.0192528735632185,0.746084046409974,1.1384338532066,0.353734239613352,0.9089947098449,1.16771548613392,0.583521369563511
"KuruB67","vote_choice","C1","C6",-0.0109424414927267,0.0307913010932661,-0.188600876365072,-0.196963657492049,-0.180238095238095,-5.7697605675779,-6.04135614262833,-5.49816499252747,-3.74686740645696,-3.36806924303377,-3.35628257356678
"KuruB67","vote_choice","C1","C7",0.0324828726671395,0.0301065077777612,0.178520563734197,0.212186055004626,0.144855072463768,4.85070178663935,5.96891488258988,3.73248869068882,3.06781068679263,3.21928736812118,1.97197085811138
"KuruB67","vote_choice","C1","C8",-0.0377982518308537,0.030106507777761,0.0815660666072869,0.0985130855955261,0.0646190476190476,3.96473477824991,4.52763696249985,3.40183259399998,3.19907922675885,3.3015367443397,2.61648773164063
"KuruB67","vote_choice","C1","C9",0.0230787967360847,0.0304080750977523,-0.0403664980686275,-0.0483996628039216,-0.0323333333333334,-2.0864620532788,-2.35064071994777,-1.82228338660983,-1.57790902874846,-1.61507799682137,-1.43318542313722
"KuruB67","vote_choice","C2","C3",0.0428006329113862,0.035029115014626,0.347701609392294,0.332789582420953,0.362613636363636,8.7042158031569,8.27851201460513,9.12991959170867,5.64628735491692,4.52602462653328,5.34213397444851
"KuruB67","vote_choice","C2","C4",0.0300108978120506,0.0355440051141802,0.166931430753873,0.169431043325929,0.164431818181818,3.85214138085972,3.92246582977946,3.78181693193997,2.4449865540362,2.07884572165781,2.089088622038
"KuruB67","vote_choice","C2","C5",-0.00800881507162564,0.0351950063053194,0.165715997688653,0.166101535607191,0.165330459770115,4.9360642601738,4.94701859600183,4.92510992434577,3.52586435390778,3.12328953985031,3.20625345144222
"KuruB67","vote_choice","C2","C6",0.0111474071049362,0.0353087153165277,-0.0156617810753045,-0.035668800245847,0.00434523809523807,-0.759279626571163,-1.32591081071899,-0.192648442423338,-0.542320742297747,-0.837928552254961,-0.237659571056318
"KuruB67","vote_choice","C2","C7",0.0545727212648015,0.0347131526205822,0.351459659023964,0.373480912250828,0.329438405797101,8.55257777949942,9.18695557478518,7.91819998421366,5.4326192187894,4.92731258133655,4.4456350825897
"KuruB67","vote_choice","C2","C8",-0.015708403233189,0.0347131526205825,0.254505161897054,0.259807942841728,0.249202380952381,7.78418393983684,7.93694393264513,7.63142394702854,5.54646763131071,4.99864696896477,5.00462067741283
"KuruB67","vote_choice","C2","C9",0.0451686453337491,0.0349750223078989,0.13257259722114,0.11289519444228,0.15225,2.49903920340464,1.93642618758918,3.0616522192201,1.37930140831451,0.7150714650535,1.46883232016517
"KuruB67","vote_choice","C3","C4",-0.0127897350993412,0.0354352800719692,-0.180770178638421,-0.163358539095024,-0.198181818181818,-4.74048584342811,-4.24912131891937,-5.23185036793685,-3.05250713817639,-2.30885139559428,-3.18538399017282
"KuruB67","vote_choice","C3","C5",-0.0508094479830159,0.0350851997721751,-0.181985611703642,-0.166688046813762,-0.197283176593521,-3.73878913537375,-3.30277722752616,-4.17480104322134,-2.02302515696481,-1.30485515426867,-2.1172870765065
"KuruB67","vote_choice","C3","C6",-0.0316532258064552,0.0351992635082844,-0.363363390467599,-0.3684583826668,-0.358268398268398,-9.42378139767253,-9.56852852279353,-9.27903427255153,-6.08591451333496,-5.26407262678062,-5.55469021631358
"KuruB67","vote_choice","C3","C7",0.0117720883534105,0.0346018169910461,0.00375804963166998,0.0406913298298749,-0.0331752305665349,-0.231607453556971,0.835772337734397,-1.29898724484834,-0.187496508465586,0.443249984230065,-0.948145046411125
"KuruB67","vote_choice","C3","C8",-0.0585090361445807,0.0346018169910455,-0.0931964474952401,-0.0729816395792249,-0.113411255411255,-1.00247369551825,-0.418261371603391,-1.5866860194331,-0.0732817745835982,0.514813899081054,-0.387360846239629
"KuruB67","vote_choice","C3","C9",0.00236801242235715,0.0348645229375074,-0.215129012171154,-0.219894387978673,-0.210363636363636,-6.23834793274993,-6.37503059483768,-6.10166527066217,-4.21144332540553,-3.74867192652866,-3.89384669261735
"KuruB67","vote_choice","C4","C5",-0.0380197128836817,0.0355992786991869,-0.00121543306522051,-0.0033295077187378,0.000898641588296778,1.03384903187103,0.974463709168811,1.09323435457324,1.12085396845176,1.09190500197657,1.08401658979151
"KuruB67","vote_choice","C4","C6",-0.0188634907071201,0.0357117004968198,-0.182593211829178,-0.205099843571776,-0.16008658008658,-4.58476406455745,-5.21499537332982,-3.95453275578507,-2.89372593928208,-2.81810565940684,-2.31423748329952
"KuruB67","vote_choice","C4","C7",0.0245618234527459,0.0351229716842233,0.184528228270091,0.204049868924899,0.165006587615283,4.55446669648399,5.11027503839535,3.99865835457263,2.97218913155785,2.84683739104553,2.2796507109871
"KuruB67","vote_choice","C4","C8",-0.0457193010452464,0.0351229716842232,0.087573731143181,0.0903768995157991,0.0847705627705628,3.79503856868413,3.87484868264089,3.71522845472736,3.08470914709066,2.91733944044787,2.83211399456859
"KuruB67","vote_choice","C4","C9",0.0151577475216922,0.0353818083272871,-0.0343588335327334,-0.0565358488836486,-0.0121818181818181,-1.39949266008084,-2.02628412155094,-0.772701198610742,-1.01606247780837,-1.30133326431682,-0.646701219152896
"KuruB67","vote_choice","C5","C6",0.0191562221765578,0.0353643566553827,-0.181377778763957,-0.201770335853038,-0.160985221674877,-5.67051177813502,-6.24715331831066,-5.09387023795938,-3.97372074429787,-3.86471154261765,-3.42816612890149
"KuruB67","vote_choice","C5","C7",0.0625815363364238,0.0347697470397085,0.185743661335312,0.207379376643637,0.164107946026987,3.54222090998337,4.16447781865792,2.91996400130882,1.93282715127006,1.83940645055788,1.19295011120675
"KuruB67","vote_choice","C5","C8",-0.0076995881615671,0.0347697470397091,0.0887891642084015,0.0937064072345369,0.0838719211822661,2.77507777838512,2.9165008097497,2.63365474702053,2.04649025370651,1.91062472781503,1.75102584997018
"KuruB67","vote_choice","C5","C9",0.0531774604053709,0.0350311936676944,-0.0331434004675129,-0.0532063411649108,-0.0130804597701149,-2.46411417469022,-3.03683061957402,-1.89139772980641,-2.08780586008222,-2.34297514931236,-1.75475015035095
"KuruB67","vote_choice","C6","C7",0.0434253141598629,0.0348848422338054,0.367121440099269,0.409149712496675,0.325093167701863,9.27899067938814,10.4837624285542,8.07421893022202,6.03257359108048,5.83250660504535,4.66432203086208
"KuruB67","vote_choice","C6","C8",-0.0268558103381293,0.034884842233805,0.270166942972359,0.295476743087575,0.244857142857143,8.51437857507808,9.23990285710248,7.78885429305368,6.14586168603536,5.90348991258745,5.22055651619405
"KuruB67","vote_choice","C6","C9",0.0340212382288086,0.035145432679875,0.148234378296444,0.148563994688127,0.147904761904762,3.24972923531645,3.25910787619661,3.24035059443628,1.99465848325094,1.63415713400114,1.70049328359812
"KuruB67","vote_choice","C7","C8",-0.0702811244979942,0.0342819165921872,-0.0969544971269101,-0.1136729694091,-0.0802360248447205,-0.778059550935222,-1.2657356771294,-0.290383424741048,0.194429810212691,0.154996581441774,0.566036823929721
"KuruB67","vote_choice","C7","C9",-0.00940407593105688,0.0345470552408139,-0.218887061802824,-0.260585717808548,-0.177188405797101,-6.06370020285504,-7.27071063297877,-4.85668977273131,-3.98380852925349,-4.14494300057925,-2.97996139801592
"KuruB67","vote_choice","C8","C9",0.0608770485669349,0.034547055240814,-0.121932564675914,-0.146912748399448,-0.096952380952381,-5.29161203374803,-6.01468911077837,-4.56853495671769,-4.09820430892032,-4.21662035390432,-3.54163451691263
"KuruB67","vote_choice","C10","C11",0.0277472527472469,0.0363599835984472,-0.00180298026445308,0.0456248087018631,-0.0492307692307693,-0.812713045694607,0.49168217873948,-2.11710827012869,-0.722424118811311,0.0633901636789041,-1.62165597192615
"KuruB67","vote_choice","C10","C12",-0.0450280112044872,0.0365281953781643,-0.0171058599308915,0.0233744870347689,-0.0575862068965518,0.764399965137258,1.87259451311809,-0.343794582843575,0.986603291551406,1.69206323916483,0.233073883575317
"KuruB67","vote_choice","C10","C2",-0.0180982519590182,0.0362509765926029,-0.187515176796641,-0.152113686926615,-0.222916666666667,-4.67344443548571,-3.69687792066112,-5.6500109503103,-2.96467479937669,-1.92543303464393,-3.39992526882461
"KuruB67","vote_choice","C10","C3",0.0247023809523761,0.0361443782369992,0.160186432595654,0.180675895494338,0.13969696969697,3.74841284458974,4.31529112270908,3.18153456647041,2.42357753707804,2.37675885242355,1.76732709962853
"KuruB67","vote_choice","C10","C4",0.0119126458530375,0.0366436007917912,-0.0205837460427674,0.0173173563993138,-0.0584848484848486,-0.886823106726037,0.14749398065397,-1.92114019410604,-0.635339619752045,0.0342307162332574,-1.3371150359848
"KuruB67","vote_choice","C10","C5",-0.0261070670306386,0.0363051738497795,-0.0217991791079879,0.013987848680576,-0.0575862068965518,0.118657686104893,1.10438572411514,-0.867070351905349,0.383060338751214,1.02707203499228,-0.286658200842774
"KuruB67","vote_choice","C10","C6",-0.00695084485407658,0.0364154164707049,-0.203176957871945,-0.187782487172462,-0.218571428571429,-5.38854507336822,-4.96579909950663,-5.8112910472298,-3.55163848745906,-2.80711733864485,-3.61502773144449
"KuruB67","vote_choice","C10","C7",0.0364744693057892,0.0358382497381092,0.163944482227324,0.221367225324213,0.106521739130435,3.55681468411631,5.15909000494002,1.95453936329261,2.18753970046175,2.74584802836728,0.866970990139833
"KuruB67","vote_choice","C10","C8",-0.0338066551922026,0.0358382497381091,0.0669899851004136,0.107694255915113,0.0262857142857142,2.81254360994735,3.9483209180511,1.67676630184361,2.29781398417667,2.81494296193498,1.40840792993468
"KuruB67","vote_choice","C10","C9",0.0270703933747352,0.0360919570662116,-0.0549425795755007,-0.0392184924843348,-0.0706666666666667,-2.2723337723078,-1.83666642785431,-2.7080011167613,-1.71630062441365,-1.31958834297534,-1.99154739547149
"KuruB67","vote_choice","C11","C12",-0.0727752639517408,0.0355365583802963,-0.0153028796664384,-0.0222503216670943,-0.00835543766578251,1.61727491081884,1.42177364909543,1.81277617254226,1.82965259120216,1.75426356727747,1.89882844299362
"KuruB67","vote_choice","C11","C2",-0.0458455047062737,0.0352515422052463,-0.185712196532188,-0.197738495628478,-0.173685897435897,-3.96767582568624,-4.30883250547827,-3.62651914589422,-2.22661573134847,-1.9649170066276,-1.82365218238218
"KuruB67","vote_choice","C11","C3",-0.0030448717948787,0.0351419123280173,0.161989412860107,0.135051086792475,0.188927738927739,4.69622378869263,3.92966544615885,5.4627821312264,3.31738980016425,2.4597108778221,3.49562646086731
"KuruB67","vote_choice","C11","C4",-0.0158346068942161,0.0356551735785847,-0.0187807657783143,-0.0283074523025493,-0.00925407925407928,-0.0826292116515676,-0.349818670237095,0.184560246933959,0.159853013263893,0.0501136189139815,0.279548488202598
"KuruB67","vote_choice","C11","C5",-0.0538543197778939,0.0353072736443025,-0.0199961988435348,-0.0316369600212871,-0.00835543766578251,0.958955972513124,0.629257302062799,1.28865464296345,1.21470128092507,1.07118159980916,1.37526573515536
"KuruB67","vote_choice","C11","C6",-0.0346980976013305,0.0354206222512503,-0.201373977607492,-0.233407295874325,-0.169340659340659,-4.70561693760979,-5.60998609407491,-3.80124778114467,-2.83319913563283,-2.87092285299247,-2.05187476426419
"KuruB67","vote_choice","C11","C7",0.00872721655853545,0.0348269732853996,0.165747462491777,0.17574241662235,0.155752508361204,4.50858145628946,4.79557033840294,4.22159257417599,3.08319392402035,2.84086876149986,2.58520261247897
"KuruB67","vote_choice","C11","C8",-0.0615539079394573,0.0348269732854003,0.0687929653648667,0.0620694472132498,0.0755164835164835,3.74269886263606,3.54964395382963,3.93575377144249,3.19667025993617,2.91197001582202,3.14236134421231
"KuruB67","vote_choice","C11","C9",-0.000676859372517935,0.0350879935134528,-0.0531395993110477,-0.0848433011861979,-0.0214358974358974,-1.49517640324504,-2.39872484533521,-0.591627961154873,-0.939464666397219,-1.3421700138289,-0.368068456975411
"KuruB67","vote_choice","C12","C2",0.0269297592454632,0.0354250176874191,-0.170409316865749,-0.175488173961384,-0.165330459770115,-5.57061334033704,-5.7139825586801,-5.42724412199398,-3.97453027621588,-3.6349877706745,-3.71950992194078
"KuruB67","vote_choice","C12","C3",0.0697303921568544,0.0353159263275924,0.177292292526545,0.157301408459569,0.197283176593521,3.04570519747778,2.47964659033437,3.61176380462119,1.53679261039789,0.762709506472611,1.56773024180013
"KuruB67","vote_choice","C12","C4",0.0569406570575204,0.0358266947013664,-0.00347788611187591,-0.00605713063545504,-0.000898641588296778,-1.68641131070045,-1.75840356522124,-1.61441905617967,-1.58001123024311,-1.61098705813703,-1.60522212577036
"KuruB67","vote_choice","C12","C5",0.0189209441738446,0.0354804766385627,-0.00469331917709642,-0.00938663835419284,0,-0.665556542306294,-0.797835463610169,-0.533277621002418,-0.547297506224158,-0.611114941730769,-0.533258598702786
"KuruB67","vote_choice","C12","C6",0.0380771663504081,0.0355932736759589,-0.186071097941054,-0.211156974207231,-0.160985221674877,-6.29748941702039,-7.00228202740399,-5.59269680663679,-4.56996017652972,-4.52874963501779,-3.93770562118572
"KuruB67","vote_choice","C12","C7",0.0815024805102708,0.0350025530287133,0.181050342158215,0.197992738289444,0.164107946026987,2.84401716544171,3.32805031917569,2.35998401170774,1.28768165804811,1.12665236592818,0.644456688782082
"KuruB67","vote_choice","C12","C8",0.0112213560122804,0.0350025530287142,0.0840958450313051,0.0843197688803441,0.0838719211822661,2.08197639067191,2.08837374828338,2.07557903306045,1.40058877417251,1.19739696226672,1.19882060189108
"KuruB67","vote_choice","C12","C9",0.0720984045792191,0.0352622735952475,-0.0378367196446093,-0.0625929795191036,-0.0130804597701149,-3.11764140581806,-3.81970220197248,-2.41558060966364,-2.70175707102274,-3.02298159340194,-2.27982850601111
"Levendusky741","Thermometer_dems","American identity prime","Self affirmation",0.00378796939764505,0.0159837282033004,0.0159248928029405,0.00584978560588101,0.0259999999999999,0.759329941733451,0.128994698984572,1.38966518448233,0.417361201605795,-0.107570292732719,0.763682974723663
"Levendusky741","Thermometer_dems","American identity prime","Control",-0.00285705723703919,0.015856106019976,0.00946558273993381,0.000931165479867713,0.0179999999999999,0.777154237077411,0.238912549659695,1.31539592449513,0.57523656276611,0.139746694876261,0.877986231582796
"Levendusky741","Thermometer_dems","Control","Self affirmation",0.00664502663468326,0.0160114947267081,0.00645931006300665,0.0049186201260133,0.00800000000000001,-0.0115989528052508,-0.107822944586817,0.0846250389763158,-0.145738892167133,-0.317861534026729,-0.108874738713961
"Levendusky741","social_distance","American identity prime","Self affirmation",-0.00848591881144422,0.0121473515162373,-0.0272278842557212,-0.00878910184477583,-0.0456666666666666,-1.54288491768965,-0.0249587766457852,-3.06081105873351,-0.747547331677205,0.204943113286817,-1.6205141617234
"Levendusky741","social_distance","American identity prime","Control",-0.00409838318456956,0.0120762660432514,-0.00566748928494115,0.016998354763451,-0.0283333333333333,-0.129933051719116,1.74695869339596,-2.0068247968342,0.0442318302556429,1.01927665893413,-1.10883943620174
"Levendusky741","social_distance","Control","Self affirmation",-0.00438753562687275,0.0121602724224358,-0.0215603949707801,-0.0257874566082268,-0.0173333333333333,-1.41221008439115,-1.75982249722228,-1.06459767156001,-0.781096740220056,-0.90242761264115,-0.519940717053047
"McGinty730","willingness_to_pay_mentalhealthservices","Successful Treatment Engagement & Recovery","Unsuccessful Treatment Engagement (Individual Choice)",-0.0525930337367907,0.0372634548678951,-0.00589440406917544,0.0169215991014682,-0.028710407239819,1.25320182557332,1.86549081626219,0.640912834884458,1.33918018600419,1.67108684520582,0.948983963264804
"McGinty730","willingness_to_pay_mentalhealthservices","Successful Treatment Engagement & Recovery","Unsuccessful Treatment Engagement (Policy Failure)",-0.0462408886908278,0.0371584859244096,-0.0418003306423971,-0.011218527289757,-0.0723821339950372,0.119503201972867,0.942513144166199,-0.703506740220465,0.538870367065527,1.08125735176644,0.0534192650537933
"McGinty730","willingness_to_pay_mentalhealthservices","Successful Treatment Engagement & Recovery","Unsuccessful Treatment Engagement (Individual Choice) + Stranger Violence",-0.076141013534776,0.0370555621132703,-0.0634864137799991,-0.00441788250505318,-0.122554945054945,0.341503381222358,1.93555641688775,-1.25254965444303,0.963804197224749,1.99381711750142,0.0225810197140941
"McGinty730","willingness_to_pay_mentalhealthservices","Successful Treatment Engagement & Recovery","Unsuccessful Treatment Engagement (Policy Failure) + Stranger Violence",-0.0954392591488095,0.0375352437430717,-0.0214974219105119,-0.0139497509828274,-0.0290450928381963,1.9699309199756,2.17101316095819,1.76884867899302,2.19860307046461,2.34042762829396,2.07808784025896
"McGinty730","willingness_to_pay_mentalhealthservices","Successful Treatment Engagement & Recovery","Unsuccessful Treatment Engagement (Individual Choice) + Family Violence",-0.0798447172384798,0.0366161500973813,-0.0668746481602325,-0.0102527928239615,-0.123496503496504,0.354217170394844,1.90058005086382,-1.19214571007414,1.01588858381475,2.02975754900334,0.108088729569653
"McGinty730","willingness_to_pay_mentalhealthservices","Successful Treatment Engagement & Recovery","Unsuccessful treatment Engagement (Policy Failure) + Family Violence",-0.0912407286344942,0.0372900239648947,-0.0488483257627214,-0.00442742075621197,-0.0932692307692308,1.13682959581044,2.32805717582829,-0.0543979842074177,1.61988020718771,2.38606427057228,0.913362083633832
"McGinty730","willingness_to_pay_mentalhealthservices","Unsuccessful Treatment Engagement (Individual Choice)","Unsuccessful Treatment Engagement (Policy Failure)",0.00635214504596514,0.0371849791184135,-0.0359059265732217,-0.0281401263912252,-0.0436717267552182,-1.13642854241274,-0.927586145130043,-1.34527093969544,-0.772011242641546,-0.588420378758552,-0.8831857710896
"McGinty730","willingness_to_pay_mentalhealthservices","Unsuccessful Treatment Engagement (Individual Choice)","Unsuccessful Treatment Engagement (Individual Choice) + Stranger Violence",-0.0235479797979827,0.0370821288408905,-0.0575920097108237,-0.0213394816065214,-0.093844537815126,-0.918071075663289,0.0595569418610623,-1.89569909318764,-0.351018752106999,0.318852472239226,-0.916599778601816
"McGinty730","willingness_to_pay_mentalhealthservices","Unsuccessful Treatment Engagement (Individual Choice)","Unsuccessful Treatment Engagement (Policy Failure) + Stranger Violence",-0.0428462254120197,0.0375614711998061,-0.0156030178413364,-0.0308713500842956,-0.000334685598377238,0.725296605816226,0.318807409433576,1.13178580219887,0.89970579368149,0.686614104399237,1.14945737640913
"McGinty730","willingness_to_pay_mentalhealthservices","Unsuccessful Treatment Engagement (Individual Choice)","Unsuccessful Treatment Engagement (Individual Choice) + Family Violence",-0.0272516835016885,0.0366430354064202,-0.0609802440910571,-0.0271743919254297,-0.0947860962566845,-0.920463062496699,0.00210931150767417,-1.84303543650107,-0.314736481063813,0.334678100662713,-0.842409204808197
"McGinty730","willingness_to_pay_mentalhealthservices","Unsuccessful Treatment Engagement (Individual Choice)","Unsuccessful treatment Engagement (Policy Failure) + Family Violence",-0.0386476948976995,0.0373164237721745,-0.0429539216935459,-0.0213490198576801,-0.0645588235294117,-0.115397628190121,0.463567332862117,-0.694362589242359,0.312852671281421,0.721347479932572,-0.0205520625875794
"McGinty730","willingness_to_pay_mentalhealthservices","Unsuccessful Treatment Engagement (Policy Failure)","Unsuccessful Treatment Engagement (Policy Failure) + Stranger Violence",-0.0491983704579879,0.0374573374146729,0.0203029087318853,-0.00273122369307041,0.0433370411568409,1.855478365172,1.24053523213626,2.47042149820773,1.69988448522744,1.27832949064349,2.04373181598045
"McGinty730","willingness_to_pay_mentalhealthservices","Unsuccessful Treatment Engagement (Policy Failure)","Unsuccessful treatment Engagement (Policy Failure) + Family Violence",-0.0449998399436656,0.0372116042471588,-0.00704799512032424,0.00679110653354506,-0.0208870967741935,1.01989273483792,1.39179558433482,0.647989885341024,1.11667898151504,1.31708085125842,0.876353311278245
"McGinty730","willingness_to_pay_mentalhealthservices","Unsuccessful Treatment Engagement (Individual Choice) + Stranger Violence","Unsuccessful Treatment Engagement (Policy Failure)",0.0299001248439365,0.0369766451544081,0.021686083137602,-0.00680064478470385,0.0501728110599078,-0.222141345490758,-0.99253919535924,0.548256504377725,-0.392654545871029,-0.905759410041942,0.0455537338287726
"McGinty730","willingness_to_pay_mentalhealthservices","Unsuccessful Treatment Engagement (Individual Choice) + Stranger Violence","Unsuccessful Treatment Engagement (Policy Failure) + Stranger Violence",-0.019298245614043,0.0373552370295295,0.0419889918694873,-0.00953186847777426,0.0935098522167488,1.64065984737514,0.261445995605607,3.01987369914468,1.28449050786636,0.379563676524332,2.08005583754855
"McGinty730","willingness_to_pay_mentalhealthservices","Unsuccessful Treatment Engagement (Individual Choice) + Stranger Violence","Unsuccessful treatment Engagement (Policy Failure) + Family Violence",-0.0150997150997197,0.0371088277635254,0.0146380880172778,-9.53825115879159e-06,0.0292857142857143,0.801367354056575,0.406646551724095,1.19608815638905,0.696942440501304,0.412477687042147,0.909722598760034
"McGinty730","willingness_to_pay_mentalhealthservices","Unsuccessful Treatment Engagement (Individual Choice) + Family Violence","Unsuccessful Treatment Engagement (Policy Failure)",0.0336038285476418,0.0365362840379065,0.0250743175178354,-0.000965734465795537,0.0511143695014663,-0.233453161820096,-0.946170742968039,0.479264419327846,-0.437993923142864,-0.928716157907788,-0.0393202689804801
"McGinty730","willingness_to_pay_mentalhealthservices","Unsuccessful Treatment Engagement (Individual Choice) + Family Violence","Unsuccessful Treatment Engagement (Individual Choice) + Stranger Violence",0.00370370370370045,0.036431602471406,0.00338823438023339,0.00583491031890832,0.000941558441558465,-0.00865922172143427,0.0584988436037252,-0.0758172870465938,-0.00856319832403735,-0.00625032572476622,-0.0709505750659881
"McGinty730","willingness_to_pay_mentalhealthservices","Unsuccessful Treatment Engagement (Individual Choice) + Family Violence","Unsuccessful Treatment Engagement (Policy Failure) + Stranger Violence",-0.0155945419103362,0.036919391895805,0.0453772262497207,-0.00369695815886595,0.0944514106583073,1.6514835437196,0.322258388898928,2.98070869854028,1.25946887052937,0.372129587280673,2.0200749321549
"McGinty730","willingness_to_pay_mentalhealthservices","Unsuccessful Treatment Engagement (Individual Choice) + Family Violence","Unsuccessful treatment Engagement (Policy Failure) + Family Violence",-0.011396011396014,0.0366700540278651,0.0180263223975111,0.00582537206774952,0.0302272727272728,0.802353161824291,0.469630708770628,1.13507561487795,0.664822975042298,0.405417194038538,0.835496409127964
"McGinty730","willingness_to_pay_mentalhealthservices","Unsuccessful treatment Engagement (Policy Failure) + Family Violence","Unsuccessful Treatment Engagement (Policy Failure) + Stranger Violence",-0.0041985305143282,0.0375878296434414,0.0273509038522095,-0.00952233022661547,0.0642241379310345,0.839352382561484,-0.14163626266238,1.82034102778535,0.619652215982631,-0.0243613077866064,1.18332017728807
"McGinty730","willingness_to_pay_mentalhealthservices","No narrative","Successful Treatment Engagement & Recovery",-0.036277287118812,0.0375912744624714,-0.0816077000920451,-0.0508028127715029,-0.112412587412587,-1.20587592789619,-0.386406842023729,-2.02534501376865,-0.426244528065754,0.21474267759251,-0.871228692198958
"McGinty730","willingness_to_pay_mentalhealthservices","No narrative","Unsuccessful Treatment Engagement (Individual Choice)",-0.0888703208556269,0.0376174628537797,-0.0875021041612206,-0.0338812136700347,-0.141122994652406,0.036371849418038,1.46179734128632,-1.38905364245025,0.869483249601491,1.86431330544731,0.0551772081041011
"McGinty730","willingness_to_pay_mentalhealthservices","No narrative","Unsuccessful Treatment Engagement (Policy Failure)",-0.0825181758096479,0.0375134844963474,-0.123408030734442,-0.0620213400612599,-0.184794721407625,-1.09000418046411,0.546385813623466,-2.72639417455169,0.0754096936174159,1.2805569519875,-0.834415035577755
"McGinty730","willingness_to_pay_mentalhealthservices","No narrative","Unsuccessful Treatment Engagement (Individual Choice) + Stranger Violence",-0.112418300653594,0.0374115373433605,-0.145094113872044,-0.055220695276556,-0.234967532467532,-0.8734154097586,1.52887610183143,-3.27570692134863,0.495023220992604,2.18494847107307,-0.867380611302884
"McGinty730","willingness_to_pay_mentalhealthservices","No narrative","Unsuccessful Treatment Engagement (Policy Failure) + Stranger Violence",-0.131716546267639,0.0378867122579294,-0.103105122002557,-0.0647525637543303,-0.141457680250784,0.755183613460508,1.7674793752866,-0.257112148365587,1.72436117238429,2.52618353680996,1.18022220534655
"McGinty730","willingness_to_pay_mentalhealthservices","No narrative","Unsuccessful Treatment Engagement (Individual Choice) + Family Violence",-0.116122004357307,0.0369763558347404,-0.148482348252278,-0.0610556055954644,-0.235909090909091,-0.875163145865435,1.4892327142229,-3.23955900595377,0.540972787564301,2.22256013333765,-0.793182581176354
"McGinty730","willingness_to_pay_mentalhealthservices","No narrative","Unsuccessful treatment Engagement (Policy Failure) + Family Violence",-0.127518015753316,0.0376437820916773,-0.130456025854767,-0.0552302335277148,-0.205681818181818,-0.0780476864491363,1.92031135579183,-2.0764067286901,1.14788267193132,2.57244771193237,0.0205213035234552
"McGinty730","social_stigma","Successful Treatment Engagement & Recovery","Unsuccessful Treatment Engagement (Individual Choice)",0.0513555194805142,0.0207336633222181,0.0871443114991004,0.104379120735757,0.0699095022624434,1.7261200523226,2.55736771795766,0.894872386687539,0.33355963818927,0.349291089815344,-0.364496555082582
"McGinty730","social_stigma","Successful Treatment Engagement & Recovery","Unsuccessful Treatment Engagement (Policy Failure)",0.0435149313962868,0.0207044413268785,0.0742768098032254,0.0816801704749372,0.0668734491315136,1.48576230197545,1.84333585611432,1.12818874783657,0.305504335602902,0.115231588916059,-0.0770634719126359
"McGinty730","social_stigma","Successful Treatment Engagement & Recovery","Unsuccessful Treatment Engagement (Individual Choice) + Stranger Violence",0.0860574620909866,0.0206468562115514,0.267291705316453,0.344253740303237,0.19032967032967,8.77781301756102,12.5053555643883,5.05027047073374,4.37124126080954,5.16864220631978,1.56247066056838
"McGinty730","social_stigma","Successful Treatment Engagement & Recovery","Unsuccessful Treatment Engagement (Policy Failure) + Stranger Violence",0.0621008403361336,0.0209152906723232,0.253310473629193,0.33441935574645,0.172201591511936,9.14209782157527,13.0200684119906,5.26412723115998,5.02254816407416,5.98470673197432,2.15146720815937
"McGinty730","social_stigma","Successful Treatment Engagement & Recovery","Unsuccessful Treatment Engagement (Individual Choice) + Family Violence",0.106542250852593,0.0203880339493946,0.302450652099236,0.422558646855815,0.182342657342657,9.60898935782185,15.5000917100496,3.71788700559406,4.55192905162364,6.37785833342082,0.335134288620627
"McGinty730","social_stigma","Successful Treatment Engagement & Recovery","Unsuccessful treatment Engagement (Policy Failure) + Family Violence",0.0890728612361849,0.0207780454616186,0.282069612303925,0.408273839992465,0.155865384615385,9.28849402241637,15.3624160340736,3.21457201075912,4.66453666636608,6.71434876805917,0.381038499167209
"McGinty730","social_stigma","Unsuccessful Treatment Engagement (Individual Choice)","Unsuccessful Treatment Engagement (Policy Failure)",-0.00784058808422937,0.0206748433525664,-0.012867501695875,-0.0226989502608202,-0.00303605313092981,-0.243141557395241,-0.718668670094009,0.232385555303526,0.0281034724302439,-0.224625379422236,0.314294538195921
"McGinty730","social_stigma","Unsuccessful Treatment Engagement (Individual Choice)","Unsuccessful Treatment Engagement (Individual Choice) + Stranger Violence",0.0347019426104633,0.0206171755683316,0.180147393817353,0.239874619567479,0.120420168067227,7.054576933918,9.95154143578063,4.15761243205537,4.09891877752207,4.83511002310553,1.95728330518478
"McGinty730","social_stigma","Unsuccessful Treatment Engagement (Individual Choice)","Unsuccessful Treatment Engagement (Policy Failure) + Stranger Violence",0.0107453208556173,0.020885991499155,0.166166162130093,0.230040235010692,0.102292089249493,7.44139157965103,10.4996171316045,4.38316602769753,4.75456446824336,5.65651770414398,2.54199607948712
"McGinty730","social_stigma","Unsuccessful Treatment Engagement (Individual Choice)","Unsuccessful Treatment Engagement (Individual Choice) + Family Violence",0.0551867313720791,0.020357975963162,0.215306340600136,0.318179526120058,0.112433155080214,7.86520278429421,12.9184156236291,2.8119899449593,4.27648713682706,6.04196076488659,0.733190556735039
"McGinty730","social_stigma","Unsuccessful Treatment Engagement (Individual Choice)","Unsuccessful treatment Engagement (Policy Failure) + Family Violence",0.037717341755668,0.0207485524844527,0.194925300804824,0.303894719256708,0.0859558823529412,7.576815740132,12.8287203505156,2.32491112974841,4.39431585784226,6.38507885515803,0.771657769704638
"McGinty730","social_stigma","Unsuccessful Treatment Engagement (Policy Failure)","Unsuccessful Treatment Engagement (Policy Failure) + Stranger Violence",0.01858590893985,0.0208569829266305,0.179033663825968,0.252739185271512,0.105328142380423,7.69275956405256,11.2266130319689,4.15890609613623,4.78949472518691,5.89722201443079,2.25969000168004
"McGinty730","social_stigma","Unsuccessful Treatment Engagement (Policy Failure)","Unsuccessful treatment Engagement (Policy Failure) + Family Violence",0.0455579298399001,0.020719351488381,0.207792802500699,0.326593669517528,0.088991935483871,7.83011344499741,13.5639254845996,2.09630140539523,4.42901458115901,6.6284614171729,0.485004997277695
"McGinty730","social_stigma","Unsuccessful Treatment Engagement (Individual Choice) + Stranger Violence","Unsuccessful Treatment Engagement (Policy Failure)",-0.0425425306946928,0.0205877882326983,-0.193014895513228,-0.262573569828299,-0.123456221198157,-7.30881642640705,-10.6874539725518,-3.93017888026232,-4.01963730714178,-5.0572806530217,-1.61840918501559
"McGinty730","social_stigma","Unsuccessful Treatment Engagement (Individual Choice) + Stranger Violence","Unsuccessful Treatment Engagement (Policy Failure) + Stranger Violence",-0.023956621754848,0.0207998201329734,-0.0139812316872605,-0.00983438455678698,-0.0181280788177339,0.479590208175588,0.678959582716457,0.28022083363472,0.767666086629162,0.897500650441292,0.638209970252992
"McGinty730","social_stigma","Unsuccessful Treatment Engagement (Individual Choice) + Stranger Violence","Unsuccessful treatment Engagement (Policy Failure) + Family Violence",0.00301539914520504,0.0206618079281888,0.0147779069874714,0.0640200996892286,-0.0344642857142857,0.569287444890961,2.95253449049805,-1.81395960071613,0.379406134017943,1.59748920680927,-1.15220673170093
"McGinty730","social_stigma","Unsuccessful Treatment Engagement (Individual Choice) + Family Violence","Unsuccessful Treatment Engagement (Policy Failure)",-0.0630273194563074,0.0203282139209442,-0.228173842296011,-0.340878476380878,-0.115469208211144,-8.12400555611788,-13.6682523120391,-2.57975880019668,-4.19652883648525,-6.26882437368497,-0.388233211049365
"McGinty730","social_stigma","Unsuccessful Treatment Engagement (Individual Choice) + Family Violence","Unsuccessful Treatment Engagement (Individual Choice) + Stranger Violence",-0.0204847887616132,0.0202695599848132,-0.0351589467827828,-0.0783049065525785,0.00798701298701299,-0.723950496812164,-2.85255910016233,1.404658106538,-0.0681239616535346,-1.13981734913222,1.28091460545843
"McGinty730","social_stigma","Unsuccessful Treatment Engagement (Individual Choice) + Family Violence","Unsuccessful Treatment Engagement (Policy Failure) + Stranger Violence",-0.0444414105164594,0.0205429251681753,-0.0491401784700432,-0.0881392911093655,-0.0101410658307209,-0.228729254238003,-2.12714986961068,1.66969136113467,0.653014220343579,-0.226254423209506,1.88395907987895
"McGinty730","social_stigma","Unsuccessful Treatment Engagement (Individual Choice) + Family Violence","Unsuccessful treatment Engagement (Policy Failure) + Family Violence",-0.0174693896164107,0.0204031753352905,-0.0203810397953113,-0.0142848068633499,-0.0264772727272727,-0.142705737271415,0.156082702850307,-0.441494177393137,0.259112727268382,0.474986624181119,0.0794338919763878
"McGinty730","social_stigma","Unsuccessful treatment Engagement (Policy Failure) + Family Violence","Unsuccessful Treatment Engagement (Policy Failure) + Stranger Violence",-0.0269720209000485,0.0209300506293858,-0.0287591386747319,-0.0738544842460156,0.0163362068965518,-0.0853852580831434,-2.23995938548491,2.06918886931863,0.444325317484415,-0.674961549630153,1.79729734340537
"McGinty730","social_stigma","No narrative","Successful Treatment Engagement & Recovery",-0.00768907563025497,0.0209152906723234,-0.0622814257494581,-0.135402012338077,0.0108391608391608,-2.61016454298881,-6.10619946472083,0.885870378743224,-1.52749894055947,-3.24342132085455,0.713968173730892
"McGinty730","social_stigma","No narrative","Unsuccessful Treatment Engagement (Individual Choice)",0.0436664438502721,0.0208859914991556,0.0248628857496423,-0.0310228916023196,0.0807486631016042,-0.900295209896548,-3.57604930824622,1.77545888845312,-1.2546123387582,-2.91138677791152,0.327458976903567
"McGinty730","social_stigma","No narrative","Unsuccessful Treatment Engagement (Policy Failure)",0.0358258557660355,0.0208569829266302,0.0119953840537673,-0.0537218418631398,0.0777126099706744,-1.14256562399739,-4.29341568453033,2.00828443653554,-1.28467474805855,-3.14827307051837,0.613755986448295
"McGinty730","social_stigma","No narrative","Unsuccessful Treatment Engagement (Individual Choice) + Stranger Violence",0.078368386460729,0.0207998201329726,0.205010279566995,0.208851727965159,0.201168831168831,6.08860520411469,6.27329182032608,5.9039185879033,2.74678595942499,1.85900305116889,2.24313292270722
"McGinty730","social_stigma","No narrative","Unsuccessful Treatment Engagement (Policy Failure) + Stranger Violence",0.05441176470588,0.0210663055624692,0.191029047879735,0.199017343408373,0.183040752351097,6.48510878040458,6.86430652368945,6.10591103711972,3.41437746053458,2.7115621847684,2.8194415066101
"McGinty730","social_stigma","No narrative","Unsuccessful Treatment Engagement (Individual Choice) + Family Violence",0.0988531752223463,0.0205429251681761,0.240169226349778,0.287156634517738,0.193181818181818,6.87906176800714,9.16634110058974,4.59178243542455,2.90538702122455,3.01722896651258,1.03341580341322
"McGinty730","social_stigma","No narrative","Unsuccessful treatment Engagement (Policy Failure) + Family Violence",0.0813837856059346,0.0209300506293865,0.219788186554467,0.272871827654388,0.166704545454545,6.61271219068185,9.14895264417556,4.07647173718814,3.04825918306356,3.41431379509774,1.06611732176713
"McGinty730","treatment_support","Successful Treatment Engagement & Recovery","Unsuccessful Treatment Engagement (Individual Choice)",-0.0139154188587636,0.0166795287520095,0.0254308549446971,-0.00685322223730273,0.0577149321266968,2.35895596263296,0.423405044978269,4.29450688028765,1.90354250346166,0.617175093759722,3.00771359141218
"McGinty730","treatment_support","Successful Treatment Engagement & Recovery","Unsuccessful Treatment Engagement (Policy Failure)",-0.0148319327731109,0.0166329417025226,0.00503785589895951,-0.00178533038570378,0.0118610421836228,1.19460460016263,0.784383341247952,1.60482585907731,1.16062157510935,0.844437245797368,1.36524725746707
"McGinty730","treatment_support","Successful Treatment Engagement & Recovery","Unsuccessful Treatment Engagement (Individual Choice) + Stranger Violence",-0.0180680461599671,0.0166099895724412,-0.00618106888290384,-0.0303291707328407,0.017967032967033,0.71565230220167,-0.738177740533732,2.16948234493707,0.91448948166715,0.0791890716721619,1.78945030168942
"McGinty730","treatment_support","Successful Treatment Engagement & Recovery","Unsuccessful Treatment Engagement (Policy Failure) + Stranger Violence",-0.00934402332361444,0.016800144756444,-0.00989010885877255,-0.0416635068422135,0.0218832891246684,-0.0325048113022148,-1.92376220485853,1.8587525822541,0.240197605845203,-0.81836545848887,1.39416762120858
"McGinty730","treatment_support","Successful Treatment Engagement & Recovery","Unsuccessful Treatment Engagement (Individual Choice) + Family Violence",-0.00444444444444504,0.0164026212291403,-0.0069341483254525,-0.0354067581893665,0.0215384615384615,-0.151786951989377,-1.88764425590191,1.58407035192316,0.0653930205407957,-0.923539416040598,1.1162392689527
"McGinty730","treatment_support","Successful Treatment Engagement & Recovery","Unsuccessful treatment Engagement (Policy Failure) + Family Violence",-0.0414285714285726,0.0167150801857755,-0.0275445539736157,-0.046627569485693,-0.00846153846153846,0.830628229158731,-0.311036381479323,1.97229283979678,1.4688614689428,0.930847817761339,2.19732898902474
"McGinty730","treatment_support","Unsuccessful Treatment Engagement (Individual Choice)","Unsuccessful Treatment Engagement (Policy Failure)",-0.000916513914347347,0.0165972143280639,-0.0203929990457375,0.00506789185159895,-0.045853889943074,-1.17347916020207,0.360566878733823,-2.70752519913796,-0.679269976405479,0.238803291591784,-1.62213785575034
"McGinty730","treatment_support","Unsuccessful Treatment Engagement (Individual Choice)","Unsuccessful Treatment Engagement (Individual Choice) + Stranger Violence",-0.00415262730120558,0.0165742127224418,-0.0316119238276009,-0.0234759484955379,-0.0397478991596639,-1.65674816573428,-1.16586660965007,-2.14762972181849,-0.928483294236174,-0.528934710810864,-1.20116093515028
"McGinty730","treatment_support","Unsuccessful Treatment Engagement (Individual Choice)","Unsuccessful Treatment Engagement (Policy Failure) + Stranger Violence",0.0045713955351465,0.0167647737118531,-0.0353209638034696,-0.0348102846049108,-0.0358316430020284,-2.37953461372469,-2.34907317074096,-2.40999605670842,-1.58327134564212,-1.42147246624783,-1.56332738538241
"McGinty730","treatment_support","Unsuccessful Treatment Engagement (Individual Choice)","Unsuccessful Treatment Engagement (Individual Choice) + Family Violence",0.00947097441431738,0.0163663910792455,-0.0323650032701496,-0.0285535359520638,-0.0361764705882353,-2.55621275832275,-2.32332896007849,-2.78909655656702,-1.80283626932026,-1.54160273803306,-1.91378768985473
"McGinty730","treatment_support","Unsuccessful Treatment Engagement (Individual Choice)","Unsuccessful treatment Engagement (Policy Failure) + Family Violence",-0.0275131525698088,0.0166795287520079,-0.0529754089183128,-0.0397743472483902,-0.0661764705882353,-1.5265572982953,-0.735104382196973,-2.31801021439363,-0.361305360416987,0.328377973267674,-0.773554076394536
"McGinty730","treatment_support","Unsuccessful Treatment Engagement (Policy Failure)","Unsuccessful Treatment Engagement (Policy Failure) + Stranger Violence",0.00548790944949474,0.0167184242050515,-0.0149279647577321,-0.0398781764565098,0.0100222469410456,-1.22116019768527,-2.71353839031655,0.27121799494601,-0.843234071678564,-1.64979364414851,0.0747879952066689
"McGinty730","treatment_support","Unsuccessful Treatment Engagement (Policy Failure)","Unsuccessful treatment Engagement (Policy Failure) + Family Violence",-0.0265966386554614,0.0166329417025216,-0.0325824098725752,-0.0448422390999892,-0.0203225806451613,-0.359874478259393,-1.09695571419948,0.377206757680689,0.385935205398697,0.103764211894366,0.875169893857553
"McGinty730","treatment_support","Unsuccessful Treatment Engagement (Individual Choice) + Stranger Violence","Unsuccessful Treatment Engagement (Policy Failure)",0.00323611338685768,0.0165273288119758,0.0112189247818634,0.0285438403471369,-0.00610599078341018,0.483006751170902,1.53126541186384,-0.565251909522036,0.319866678861592,0.78308658505541,-0.391985617334339
"McGinty730","treatment_support","Unsuccessful Treatment Engagement (Individual Choice) + Stranger Violence","Unsuccessful Treatment Engagement (Policy Failure) + Stranger Violence",0.00872402283635165,0.0166955895917816,-0.00370903997586871,-0.0113343361093729,0.00391625615763547,-0.744691449431684,-1.20141662775409,-0.287966271109276,-0.597921661688689,-0.889564521574213,-0.345260965327768
"McGinty730","treatment_support","Unsuccessful Treatment Engagement (Individual Choice) + Stranger Violence","Unsuccessful treatment Engagement (Policy Failure) + Family Violence",-0.0233605252686032,0.0166099895724418,-0.0213634850907119,-0.0162983987528523,-0.0264285714285714,0.120231272222148,0.425173446674998,-0.184710902230701,0.634204372572758,0.870322636282093,0.454062718278967
"McGinty730","treatment_support","Unsuccessful Treatment Engagement (Individual Choice) + Family Violence","Unsuccessful Treatment Engagement (Policy Failure)",-0.0103874883286662,0.016318910112173,0.011972004224412,0.0336214278036628,-0.00967741935483873,1.37015844804484,2.69680486195586,0.0435120341338096,1.18902460101832,1.8019663178208,0.302411478497581
"McGinty730","treatment_support","Unsuccessful Treatment Engagement (Individual Choice) + Family Violence","Unsuccessful Treatment Engagement (Individual Choice) + Stranger Violence",-0.0136236017155245,0.0162955156766014,0.000753079442548661,0.00507758745652588,-0.00357142857142856,0.882247695831839,1.14762794520847,0.616867446455212,0.938214883512414,1.02334782590327,0.733312082914718
"McGinty730","treatment_support","Unsuccessful Treatment Engagement (Individual Choice) + Family Violence","Unsuccessful Treatment Engagement (Policy Failure) + Stranger Violence",-0.00489957887917291,0.0164892977839337,-0.00295596053332005,-0.00625674865284701,0.000344827586206908,0.117871504979831,-0.082306098868349,0.318049108828011,0.250731667911222,0.0977599373686968,0.342595883499145
"McGinty730","treatment_support","Unsuccessful Treatment Engagement (Individual Choice) + Family Violence","Unsuccessful treatment Engagement (Policy Failure) + Family Violence",-0.0369841269841298,0.0164026212291403,-0.0206104056481632,-0.0112208112963264,-0.03,0.998238092999281,1.57068283952282,0.425793346475746,1.50288002621673,1.8850552218203,1.15563711877445
"McGinty730","treatment_support","Unsuccessful treatment Engagement (Policy Failure) + Family Violence","Unsuccessful Treatment Engagement (Policy Failure) + Stranger Violence",0.0320845481049575,0.0168001447564448,0.0176544451148432,0.00496406264347941,0.0303448275862069,-0.858927300884044,-1.61430070125284,-0.103553900515246,-1.15148598018753,-1.73187022191344,-0.760119329858204
"McGinty730","treatment_support","No narrative","Successful Treatment Engagement & Recovery",-0.0344176790951018,0.0168250088251592,-0.0908632822612432,-0.0574608302567521,-0.124265734265734,-3.35486321301274,-1.36957735957872,-5.34014906644676,-1.42331223385483,0.147911939551846,-2.49303088889485
"McGinty730","treatment_support","No narrative","Unsuccessful Treatment Engagement (Individual Choice)",-0.0483330979538552,0.0167896901620844,-0.0654324273165461,-0.0643140524940548,-0.0665508021390374,-1.01844222243634,-0.951831414750512,-1.08505303012218,0.394962588523816,0.748711002700594,0.457767887511645
"McGinty730","treatment_support","No narrative","Unsuccessful Treatment Engagement (Policy Failure)",-0.0492496118682065,0.0167434096297387,-0.0858254263622836,-0.0592461606424558,-0.112404692082111,-2.18449021453272,-0.597043791874626,-3.77193663719082,-0.347261493406711,0.97482602866608,-1.18096533039445
"McGinty730","treatment_support","No narrative","Unsuccessful Treatment Engagement (Individual Choice) + Stranger Violence",-0.0524857252550667,0.0167206091380189,-0.097044351144147,-0.0877900009895927,-0.106298701298701,-2.66489250010419,-2.11142282216573,-3.21836217804266,-0.593831934809591,0.214810696188341,-0.763053150247682
"McGinty730","treatment_support","No narrative","Unsuccessful Treatment Engagement (Policy Failure) + Stranger Violence",-0.0437617024187184,0.0169095204008655,-0.100753391120016,-0.0991243370989656,-0.102382445141066,-3.37039060542369,-3.27405114798014,-3.46673006286725,-1.24684422633234,-0.678447517103441,-1.12713110871302
"McGinty730","treatment_support","No narrative","Unsuccessful Treatment Engagement (Individual Choice) + Family Violence",-0.0388621235395468,0.0165146298637432,-0.0977974305866957,-0.0928675884461186,-0.102727272727273,-3.56867259717019,-3.27015896524192,-3.86718622909846,-1.45605900233059,-0.779432012875311,-1.46368490229571
"McGinty730","treatment_support","No narrative","Unsuccessful treatment Engagement (Policy Failure) + Family Violence",-0.0758462505236718,0.016825008825159,-0.118407836234859,-0.104088399742445,-0.132727272727273,-2.5296620140575,-1.67858153967454,-3.38074248844046,-0.0336852836713568,1.06006672179984,-0.341927552133511
"Merolla843","hillary_clinton_leadership","anger_condtion","fear/anxiety_condtion",0.00876897538913052,0.0354602003421891,0.0381812811603261,0.011219705177795,0.0651428571428572,0.829445561146534,0.0691121247205341,1.58977899757253,0.45192033432121,-0.108633369837239,0.881033247906664
"Merolla843","hillary_clinton_leadership","anger_condtion","relaxation_condition",0.0195236235845368,0.0361558069510193,0.000745290170729829,-0.0190808482299689,0.0205714285714286,-0.519372543371698,-1.06772535506686,0.0289802683234593,-0.526879969393124,-0.865816875279945,-0.193383704994805
"Merolla843","hillary_clinton_leadership","fear/anxiety_condtion","relaxation_condition",0.0107546481954068,0.0355541194838068,-0.0374359909895963,-0.0303005534077639,-0.0445714285714286,-1.3554164716961,-1.15472418384231,-1.5561087595499,-0.986813385402774,-0.80772893683087,-1.07960637633531
"Merolla843","trump_leadership","anger_condtion","fear/anxiety_condtion",0.0223494599080997,0.0355276522959926,-0.0414358756545319,-0.0191574655947779,-0.0637142857142858,-1.79537153288979,-1.16829913660125,-2.42244392917832,-1.38704970231016,-0.961852609696451,-1.73895830097407
"Merolla843","trump_leadership","anger_condtion","relaxation_condition",0.0446526964293455,0.0362245820790968,-0.0840167995750982,-0.0800335991501963,-0.0880000000000001,-3.55199393946057,-3.44203544729068,-3.66195243163046,-2.73970232766008,-2.48511233093156,-2.73451949948608
"Merolla843","trump_leadership","fear/anxiety_condtion","relaxation_condition",0.0223032365212463,0.0356217500894379,-0.0425809239205663,-0.0608761335554183,-0.0242857142857143,-1.82147593194898,-2.33507252922219,-1.30787933467577,-1.40297085723063,-1.60339497015854,-1.05066749397091
"Merolla843","foreign_policy","anger_condtion","fear/anxiety_condtion",-0.0166563662582857,0.0342976766594998,-0.0299971654687785,-0.0137086166518426,-0.0462857142857143,-0.388970930682492,0.0859460433926083,-0.863887904757592,-0.0828519770155526,0.228473708502974,-0.350761976241568
"Merolla843","foreign_policy","anger_condtion","relaxation_condition",-0.0525061940156276,0.0346935902107826,-0.0688596818008653,-0.0422907921731592,-0.0954285714285714,-0.471369140117275,0.294446374111306,-1.23718465434586,0.223705494978241,0.805202921567853,-0.186713283438091
"Merolla843","foreign_policy","fear/anxiety_condtion","relaxation_condition",-0.0358498277573424,0.0339711774638726,-0.0388625163320868,-0.0285821755213165,-0.0491428571428572,-0.088683666556697,0.213935835569868,-0.391303168683262,0.311807035268843,0.554391099533294,0.159007499615659
"KlarBRIEF70","child_marries_dem","Control Group 1","Control Group 2",-0.00294043729580168,0.0183422658325451,-0.0124831358029102,-0.00396627160582053,-0.0209999999999999,-0.520257344115944,-0.0559273494007858,-0.984587338831102,-0.26753609468764,-0.00936182751750665,-0.542862424831415
"KlarBRIEF70","child_marries_dem","Control Group 1","Treatment Group 1",-0.0152606225296424,0.0182640491144508,0.0121698094841013,0.0315896189682026,-0.00724999999999998,1.50188120070485,2.56516182168916,0.438600579720533,1.28272467921103,1.73761176251921,0.593852113334821
"KlarBRIEF70","child_marries_dem","Control Group 1","Treatment Group 2",-0.0243357487922699,0.0181633234622311,0.0339604818779583,0.00984838311075531,0.0580725806451613,3.20955747946953,1.88204168549373,4.53707327344533,2.5688191724027,1.58748146654655,3.31564307043369
"KlarBRIEF70","child_marries_dem","Control Group 1","Treatment Group 3",-0.0634077878643078,0.0181144200735569,-0.0811098442046516,-0.0291125455521605,-0.133107142857143,-0.977235609446032,1.89325643177564,-3.8477276506677,0.606124449613274,2.56385911603966,-1.02991423267467
"KlarBRIEF70","child_marries_dem","Control Group 1","Treatment Group 4",-0.0691931061496255,0.0185201602087769,-0.0569551121687883,-0.0319727243375767,-0.0819375,0.660793094815535,2.00972245339486,-0.688136263763788,1.75247116618556,2.73499240607837,1.00965441549666
"KlarBRIEF70","child_marries_dem","Control Group 2","Treatment Group 1",-0.0123201852338415,0.0182507151461559,0.0246529452870115,0.0355558905740231,0.0137499999999999,2.02584557507823,2.62324382493848,1.42844732521797,1.56686839833946,1.69748776873169,1.14307838346066
"KlarBRIEF70","child_marries_dem","Control Group 2","Treatment Group 2",-0.0213953114964681,0.0181499154952493,0.0464436176808685,0.0138146547165758,0.0790725806451612,3.7376994507271,1.93995207428156,5.53544682717263,2.85549625980761,1.54703081307668,3.86993269437411
"KlarBRIEF70","child_marries_dem","Control Group 2","Treatment Group 3",-0.0604673505685067,0.0181009758823208,-0.0686267084017414,-0.0251462739463399,-0.112107142857143,-0.450768946728664,1.95133548885974,-2.85287338231707,0.892124008689426,2.5240274609001,-0.477346928970941
"KlarBRIEF70","child_marries_dem","Control Group 2","Treatment Group 4",-0.0662526688538252,0.0185070107648378,-0.0444719763658781,-0.0280064527317562,-0.0609375000000001,1.17688873501544,2.06657988197286,0.287197588058013,2.03300087222526,2.6961153977318,1.55156419893888
"KlarBRIEF70","child_marries_dem","Treatment Group 1","Treatment Group 2",-0.00907512626262461,0.0180708662401105,0.021790672393857,-0.0217412358574472,0.0653225806451613,1.70804200785745,-0.700913250451087,4.11699726616598,1.29999584914045,-0.211891622943778,2.73564530039165
"KlarBRIEF70","child_marries_dem","Treatment Group 1","Treatment Group 3",-0.0481471653346628,0.0180217119629522,-0.0932796536887529,-0.060702164520363,-0.125857142857143,-2.50433967909765,-0.696659629868122,-4.31201972832718,-0.676220415114779,0.764623057059708,-1.63380240349864
"KlarBRIEF70","child_marries_dem","Treatment Group 1","Treatment Group 4",-0.0539324836199823,0.0184294932549188,-0.0691249216528896,-0.0635623433057793,-0.0746875,-0.82435462672597,-0.522524388087925,-1.12618486536401,0.504072694170579,0.976125210754844,0.429276277499367
"KlarBRIEF70","child_marries_dem","Treatment Group 2","Treatment Group 3",-0.0390720390720353,0.0179196241928836,-0.11507032608261,-0.0389609286629158,-0.191179723502304,-4.24106477862163,0.00620048768453704,-8.48833004492779,-1.97644750617228,0.930918166604354,-4.39857827824638
"KlarBRIEF70","child_marries_dem","Treatment Group 2","Treatment Group 4",-0.0448573573573548,0.0183296767776099,-0.0909155940467467,-0.041821107448332,-0.140010080645161,-2.51276862370279,0.165646669379989,-5.19118391678557,-0.760555838209117,1.13975715154989,-2.26221169371107
"KlarBRIEF70","child_marries_dem","Treatment Group 3","Treatment Group 4",-0.00578531828531606,0.0182812183997487,0.0241547320358633,-0.00286017878541622,0.0511696428571428,1.63774917330406,0.160007907347141,3.11549043926098,1.18908693535347,0.179555785119026,2.04656969013927
"Iles1294","Confusing","Experimental condition 1 (conflict in evidence)","Experimental condition 2 (conflict between sources)",-0.0393904250340805,0.0328178224779742,-0.00559674740221611,0.00276372444690465,-0.0139572192513369,1.02973552418187,1.28448953337099,0.774981514992751,1.06827835777119,1.18189636805016,0.917822055095023
"Iles1294","Confusing","Experimental condition 1 (conflict in evidence)","Experimental condition 3 (conflict within source)",-0.00844037043324137,0.0322086241848111,0.0110802345406532,0.0340392569600944,-0.0118787878787879,0.606067643929358,1.31888984607322,-0.106754558214506,0.470533614912967,0.787354573713345,0.0152876117636994
"Iles1294","Confusing","Experimental condition 1 (conflict in evidence)","Experimental condition 4 (no conflict control)",-0.0384516000795072,0.0326264517475306,-0.129905159558589,-0.0676722719791302,-0.192138047138047,-2.80304950678565,-0.895612925540842,-4.71048608803046,-1.47798319297754,-0.0494677476580214,-2.57798134504819
"Iles1294","Confusing","Experimental condition 1 (conflict in evidence)","Experimental condition 5 (conflict in evidence)",-4.13436692509293e-05,0.0329498537335967,0.00655828968929512,-0.00433796607595516,0.0174545454545454,0.200293252040049,-0.130398830946046,0.530985335026145,0.114140307862381,-0.137803398921545,0.326081591300903
"Iles1294","Confusing","Experimental condition 1 (conflict in evidence)","Experimental condition 6 (conflict between sources)",-0.0170807137479913,0.0328178224779744,0.0144549732386521,0.00570540102275885,0.0232045454545454,0.960931731768874,0.694321348896411,1.22754211464134,0.793196711550175,0.552311310309,0.958007672144795
"Iles1294","Confusing","Experimental condition 1 (conflict in evidence)","Experimental condition 7 (conflict within source)",-0.00277305098632388,0.0330856258300325,0.0217702103175737,0.013085875180602,0.0304545454545454,0.741810399173987,0.479329792593205,1.00429100575477,0.500788231620049,0.240375337237088,0.657137966317303
"Iles1294","Confusing","Experimental condition 1 (conflict in evidence)","Experimental condition 8 (no conflict control)",0.00129198966408218,0.0327531607058671,-0.12048222849621,-0.0584560394840032,-0.182508417508418,-3.71793791914803,-1.82419124934659,-5.61168458894946,-2.49512555257784,-1.10505579660616,-3.59449825566807
"Iles1294","Confusing","Experimental condition 2 (conflict between sources)","Experimental condition 3 (conflict within source)",0.0309500546008389,0.0323389797053026,0.0166769819428693,0.0312755325131897,0.00207843137254893,-0.441358162441633,0.0100645696097028,-0.892780894492968,-0.634773743835501,-0.481747382408529,-0.928403805492459
"Iles1294","Confusing","Experimental condition 2 (conflict between sources)","Experimental condition 4 (no conflict control)",0.000938824954572456,0.0327551444835073,-0.124308412156373,-0.0704359964260348,-0.17818082788671,-3.82374247117148,-2.17904156754813,-5.46844337479483,-2.56156778548167,-1.29911756277449,-3.49949330200912
"Iles1294","Confusing","Experimental condition 2 (conflict between sources)","Experimental condition 5 (conflict in evidence)",0.039349081364829,0.0330772882438536,0.0121550370915112,-0.0071016905228598,0.0314117647058823,-0.822136448212949,-1.40431015823434,-0.239962738191563,-0.965081203268403,-1.3749442787114,-0.597741987849229
"Iles1294","Confusing","Experimental condition 2 (conflict between sources)","Experimental condition 6 (conflict between sources)",0.0223097112860882,0.0329457676902113,0.0200517206408682,0.0029416765758542,0.0371617647058823,-0.0685365922097143,-0.587876260536754,0.450803076117326,-0.292971977748386,-0.692446206381663,0.0280370140269633
"Iles1294","Confusing","Experimental condition 2 (conflict between sources)","Experimental condition 7 (conflict within source)",0.0366173740477554,0.0332125393950301,0.0273669577197898,0.0103221507336974,0.0444117647058823,-0.278521802200703,-0.791725769634853,0.234682165233447,-0.575514064419966,-0.99317482258096,-0.264183469667357
"Iles1294","Confusing","Experimental condition 2 (conflict between sources)","Experimental condition 8 (no conflict control)",0.0406824146981618,0.0328813575255933,-0.114885481093994,-0.0612197639309079,-0.168551198257081,-4.73118835410216,-3.09908672565462,-6.36328998254969,-3.57060756089286,-2.34579416080591,-4.50854876279342
"Iles1294","Confusing","Experimental condition 3 (conflict within source)","Experimental condition 4 (no conflict control)",-0.0300112296462687,0.0321447583568157,-0.140985394099242,-0.101711528939225,-0.180259259259259,-3.4523253595852,-2.23054404382396,-4.67410667534644,-1.99103048384973,-0.906061433635108,-2.64422209849504
"Iles1294","Confusing","Experimental condition 3 (conflict within source)","Experimental condition 5 (conflict in evidence)",0.00839902676398955,0.0324729579380987,-0.0045219448513581,-0.0383772230360495,0.0293333333333333,-0.397899434969187,-1.44046778520164,0.644668915263267,-0.370121503215089,-0.987029597308781,0.303540081557846
"Iles1294","Confusing","Experimental condition 3 (conflict within source)","Experimental condition 6 (conflict between sources)",-0.00864034331475066,0.0323389797053018,0.00337473869799892,-0.0283338559373355,0.0350833333333334,0.371535593337838,-0.60897136527026,1.35204255194594,0.316990285658993,-0.290222954151283,0.944749325976667
"Iles1294","Confusing","Experimental condition 3 (conflict within source)","Experimental condition 7 (conflict within source)",0.00566731944691651,0.0326107156123413,0.0106899757769205,-0.0209533817794924,0.0423333333333333,0.154018586703543,-0.816317603785868,1.12435477719295,0.0241958994639011,-0.599747657319521,0.639493002317387
"Iles1294","Confusing","Experimental condition 3 (conflict within source)","Experimental condition 8 (no conflict control)",0.00973236009732318,0.0322733585548277,-0.131562463036864,-0.0924952964440976,-0.17062962962963,-4.37806381056212,-3.16755556654418,-5.58857205458007,-3.02116355489675,-1.97392653589416,-3.67543635909378
"Iles1294","Confusing","Experimental condition 4 (no conflict control)","Experimental condition 5 (conflict in evidence)",0.038410256410255,0.0328874273698176,0.136463449247884,0.063334305903175,0.209592592592593,2.9814795707498,0.757859506997925,5.20509963450167,1.56161949413044,-0.154411772408139,2.87221071265291
"Iles1294","Confusing","Experimental condition 4 (no conflict control)","Experimental condition 6 (conflict between sources)",0.021370886331516,0.0327551444835079,0.144360132797241,0.073377673001889,0.215342592592593,3.75480702054755,1.58774407777558,5.92186996331953,2.24782186963546,0.536955360752333,3.51563114733215
"Iles1294","Confusing","Experimental condition 4 (no conflict control)","Experimental condition 7 (conflict within source)",0.0356785490931837,0.0330234561259803,0.151675369876162,0.0807581471597322,0.222592592592593,3.5125584778427,1.3650781400522,5.66003881563321,1.94303203910615,0.224548403614807,3.19339989535247
"Iles1294","Confusing","Experimental condition 4 (no conflict control)","Experimental condition 8 (no conflict control)",0.0397435897435891,0.0326903587340977,0.00942293106237829,0.00921623249512693,0.00962962962962965,-0.927510735744386,-0.9338336570966,-0.921187814392172,-1.04393185890524,-1.1236240784516,-1.0405483413914
"Iles1294","Confusing","Experimental condition 5 (conflict in evidence)","Experimental condition 6 (conflict between sources)",-0.0170393700787404,0.0330772882438532,0.00789668354935702,0.010043367098714,0.00575000000000003,0.753872368383502,0.818771387115967,0.688973349651036,0.6543908973132,0.620204867697494,0.613722664720731
"Iles1294","Confusing","Experimental condition 5 (conflict in evidence)","Experimental condition 7 (conflict within source)",-0.0027317073170733,0.0333430076918086,0.0152119206282786,0.0174238412565572,0.013,0.538152649911067,0.604491015325594,0.47181428449654,0.365395336524299,0.310170252394715,0.317979011853084
"Iles1294","Confusing","Experimental condition 5 (conflict in evidence)","Experimental condition 8 (no conflict control)",0.0013333333333332,0.0330131346829633,-0.127040518185505,-0.0541180734080481,-0.199962962962963,-3.88856898176007,-1.67967711257657,-6.09746085094357,-2.60831822142958,-1.02398726370763,-3.90361668156258
"Iles1294","Confusing","Experimental condition 6 (conflict between sources)","Experimental condition 7 (conflict within source)",0.0143076627616663,0.0332125393950301,0.00731523707892157,0.00738047415784315,0.00724999999999998,-0.2105357136224,-0.208571483241048,-0.212499944003753,-0.303701646668472,-0.37107211570916,-0.30389149773536
"Iles1294","Confusing","Experimental condition 6 (conflict between sources)","Experimental condition 8 (no conflict control)",0.0183727034120729,0.0328813575255932,-0.134937201734863,-0.0641614405067621,-0.205712962962963,-4.66251750791027,-2.51005889445393,-6.8149761213666,-3.29605744155539,-1.7174256196454,-4.54865673113023
"Iles1294","Confusing","Experimental condition 7 (conflict within source)","Experimental condition 8 (no conflict control)",0.00406504065040637,0.0331486475907383,-0.142252438813784,-0.0715419146646052,-0.212962962962963,-4.41398036114968,-2.28084585074102,-6.54711487155835,-2.9840356555002,-1.39669649052007,-4.21942110941101
"Iles1294","Frustrated","Experimental condition 1 (conflict in evidence)","Experimental condition 2 (conflict between sources)",0.0443600073246658,0.035074790316065,-0.058116457651683,0.0538740365682918,-0.170106951871658,-2.92165581184993,0.271249782476059,-6.11456140617592,-2.38007355241568,-0.465524020846462,-4.35965511992847
"Iles1294","Frustrated","Experimental condition 1 (conflict in evidence)","Experimental condition 3 (conflict within source)",0.0526650823289764,0.0344236958564023,-0.0310108752959944,0.118947946377708,-0.180969696969697,-2.43076623654889,1.92550109451435,-6.78703356761214,-2.14477529843482,0.343513605760098,-4.88401680472737
"Iles1294","Frustrated","Experimental condition 1 (conflict in evidence)","Experimental condition 4 (no conflict control)",0.0254472271914131,0.0348702585179103,-0.135383758237329,0.0212021804950384,-0.291969696969697,-4.61226822698017,-0.121738320184645,-9.1027981337757,-3.31942371556354,-0.450816188206739,-6.06491165179439
"Iles1294","Frustrated","Experimental condition 1 (conflict in evidence)","Experimental condition 5 (conflict in evidence)",0.00813953488372139,0.0352159017078776,-0.125025142879839,-0.00291392212331532,-0.247136363636364,-3.78137918682834,-0.313876870134611,-7.24888150352207,-2.60052948305191,-0.338587014532901,-4.70443798884412
"Iles1294","Frustrated","Experimental condition 1 (conflict in evidence)","Experimental condition 6 (conflict between sources)",0.0266434718915961,0.0350747903160652,-0.013378167087879,0.115380029460606,-0.142136363636364,-1.14103715571306,2.52992410701215,-4.81199841843828,-1.03007571530306,1.02203493220855,-3.34750259501399
"Iles1294","Frustrated","Experimental condition 1 (conflict in evidence)","Experimental condition 7 (conflict within source)",0.0439118926072985,0.0353610112079504,0.0552132423784047,0.137812848393173,-0.0273863636363637,0.319599168266016,2.6554940760507,-2.01629573951866,-0.225208560202156,0.880840980473534,-1.74542608896717
"Iles1294","Frustrated","Experimental condition 1 (conflict in evidence)","Experimental condition 8 (no conflict control)",0.00149890988372113,0.0350056815840751,-0.345990243105012,-0.33260338183292,-0.359377104377104,-9.92665011118692,-9.54423043911339,-10.3090697832604,-6.60764810012213,-5.42753300555433,-6.58168252139835
"Iles1294","Frustrated","Experimental condition 2 (conflict between sources)","Experimental condition 3 (conflict within source)",0.00830507500431099,0.0345630162683782,0.0271055823556886,0.0650739098094165,-0.0108627450980392,0.543948687967326,1.64247339885794,-0.554576022923291,0.261113847184469,0.75229557252521,-0.45155270119092
"Iles1294","Frustrated","Experimental condition 2 (conflict between sources)","Experimental condition 4 (no conflict control)",-0.0189127801332521,0.0350078017913134,-0.0772673005856463,-0.0326718560732534,-0.121862745098039,-1.66690044694191,-0.393028846027557,-2.94077204785627,-0.939595938827694,-0.0440896235482908,-1.68437172524176
"Iles1294","Frustrated","Experimental condition 2 (conflict between sources)","Experimental condition 5 (conflict in evidence)",-0.0362204724409452,0.0353521002240738,-0.0669086852281565,-0.0567879586916071,-0.0770294117647058,-0.868073257110578,-0.581789656634207,-1.15435685758695,-0.246775040422392,0.0637288643945561,-0.37203277984547
"Iles1294","Frustrated","Experimental condition 2 (conflict between sources)","Experimental condition 6 (conflict between sources)",-0.0177165354330703,0.0352115346565578,0.044738290563804,0.0615059928923139,0.0279705882352941,1.77370360610632,2.24990274062451,1.29750447158814,1.32701642895173,1.4206781287844,0.997000966473469
"Iles1294","Frustrated","Experimental condition 2 (conflict between sources)","Experimental condition 7 (conflict within source)",-0.000448114717367924,0.0354966529521138,0.113329700030088,0.0839388118248813,0.142720588235294,3.20531107259453,2.37732066333381,4.03330148185525,2.10984321201717,1.27685345625931,2.5579553743863
"Iles1294","Frustrated","Experimental condition 2 (conflict between sources)","Experimental condition 8 (no conflict control)",-0.0428610974409447,0.0351426948357648,-0.287873785453329,-0.386477418401212,-0.189270152505447,-6.97193795630706,-9.77774534838939,-4.16613056422472,-4.22418518000608,-5.0029713650749,-2.21603372505418
"Iles1294","Frustrated","Experimental condition 3 (conflict within source)","Experimental condition 4 (no conflict control)",-0.0272178551375622,0.0343554378076911,-0.104372882941335,-0.0977457658826699,-0.111,-2.24578793714281,-2.05288930212145,-2.43868657216418,-1.23830983795603,-0.864394343450555,-1.27357514357505
"Iles1294","Frustrated","Experimental condition 3 (conflict within source)","Experimental condition 5 (conflict in evidence)",-0.0445255474452537,0.0347062085360978,-0.0940142675838451,-0.121861868501024,-0.0661666666666667,-1.42593277185891,-2.22831373168673,-0.623551812031098,-0.529401077529146,-0.746270399352998,0.0593490279919347
"Iles1294","Frustrated","Experimental condition 3 (conflict within source)","Experimental condition 6 (conflict between sources)",-0.0260216104373798,0.0345630162683773,0.0176327082081154,-0.00356791691710256,0.0388333333333333,1.26303556109007,0.649645081491939,1.8764260406882,1.07273035593337,0.632788865768415,1.45582936264972
"Iles1294","Frustrated","Experimental condition 3 (conflict within source)","Experimental condition 7 (conflict within source)",-0.00875318972167671,0.0348534401673777,0.0862241176743991,0.0188649020154649,0.153583333333333,2.72504828619394,0.792406477079748,4.65769009530813,1.87192092754344,0.492658934658355,3.04161579299279
"Iles1294","Frustrated","Experimental condition 3 (conflict within source)","Experimental condition 8 (no conflict control)",-0.0511661724452538,0.0344928821790507,-0.314979367809018,-0.451551328210628,-0.178407407407407,-7.64833724228448,-11.6077616734663,-3.68891281110263,-4.58351778561676,-5.91342469445141,-1.81676546362255
"Iles1294","Frustrated","Experimental condition 4 (no conflict control)","Experimental condition 5 (conflict in evidence)",-0.0173076923076925,0.035149182119117,0.0103586153574898,-0.0241161026183537,0.0448333333333333,0.787110993690378,-0.193700390739911,1.76792237812067,0.66984677659892,0.0467967875956618,1.29217538350817
"Iles1294","Frustrated","Experimental condition 4 (no conflict control)","Experimental condition 6 (conflict between sources)",0.00119624470018181,0.035007801791314,0.12200559114945,0.0941778489655673,0.149833333333333,3.45092637262483,2.65602521459818,4.24582753065149,2.25649321694478,1.4115761129656,2.67588872464858
"Iles1294","Frustrated","Experimental condition 4 (no conflict control)","Experimental condition 7 (conflict within source)",0.0184646654158844,0.0352945659300803,0.190597000615734,0.116610667898135,0.264583333333333,4.87702088590208,2.78076808414873,6.97327368765543,3.03618848286808,1.26693564399332,4.23209347557917
"Iles1294","Frustrated","Experimental condition 4 (no conflict control)","Experimental condition 8 (no conflict control)",-0.0239483173076928,0.0349385605557763,-0.210606484867683,-0.353805562327958,-0.0674074074074074,-5.34246873914587,-9.44106568138883,-1.24387179690291,-3.32528491609863,-5.04960632435617,-0.552579975640779
"Iles1294","Frustrated","Experimental condition 5 (conflict in evidence)","Experimental condition 6 (conflict between sources)",0.0185039370078737,0.0353521002240734,0.11164697579196,0.118293951583921,0.105,2.63472433585884,2.82274642647947,2.4467022452382,1.55084689470086,1.29043950666088,1.35389327378914
"Iles1294","Frustrated","Experimental condition 5 (conflict in evidence)","Experimental condition 7 (conflict within source)",0.0357723577235768,0.035636093896298,0.180238385258244,0.140726770516488,0.21975,4.05392431491138,2.94517163127732,5.16267699854544,2.32886865764964,1.14826034895108,2.90592709506897
"Iles1294","Frustrated","Experimental condition 5 (conflict in evidence)","Experimental condition 8 (no conflict control)",-0.00664062500000029,0.0352835346543208,-0.220965100225173,-0.329689459709604,-0.112240740740741,-6.07434820022847,-9.15579569548721,-2.99290070496973,-3.97777156427054,-5.10783310446346,-1.84563029070779
"Iles1294","Frustrated","Experimental condition 6 (conflict between sources)","Experimental condition 7 (conflict within source)",0.0172684207157024,0.0354966529521138,0.0685914094662837,0.0224328189325674,0.11475,1.44585431251273,0.145489723322139,2.74621890170331,0.77588952551764,-0.193026490776191,1.55783185211666
"Iles1294","Frustrated","Experimental condition 6 (conflict between sources)","Experimental condition 8 (no conflict control)",-0.0251445620078752,0.0351426948357647,-0.332612076017133,-0.447983411293525,-0.217240740740741,-8.74911600963361,-12.0320553464024,-5.46617667286486,-5.57157448196925,-6.48765598032786,-3.22623051688134
"Iles1294","Frustrated","Experimental condition 7 (conflict within source)","Experimental condition 8 (no conflict control)",-0.0424129827235786,0.0354283671406479,-0.401203485483417,-0.470416230226093,-0.331990740740741,-10.1272096830054,-12.0808064849101,-8.17361288110063,-6.32166388555082,-6.30267492344948,-4.77220284980602
"Iles1294","collaborative","Experimental condition 1 (conflict in evidence)","Experimental condition 2 (conflict between sources)",-0.0255602665051454,0.0288760538974749,-0.0785274793492902,-0.0429373116397568,-0.114117647058824,-1.83429540034127,-0.601780464751485,-3.06681033593105,-0.937816379422355,-0.0224167671308555,-1.64129454279719
"Iles1294","collaborative","Experimental condition 1 (conflict in evidence)","Experimental condition 3 (conflict within source)",0.0212240314430126,0.0283379539143863,0.0130378611202427,-0.0319242777595146,0.0579999999999999,-0.288876548656324,-1.87551681970749,1.29776372239484,-0.466245456697101,-1.45604919334996,0.538462601892751
"Iles1294","collaborative","Experimental condition 1 (conflict in evidence)","Experimental condition 4 (no conflict control)",0.0653846153846193,0.028707021885828,0.122264107190647,0.0563800662331457,0.188148148148148,1.98137905186563,-0.313670612970094,4.27642871670135,0.521744680401279,-1.25226295069187,1.87585705257418
"Iles1294","collaborative","Experimental condition 1 (conflict in evidence)","Experimental condition 5 (conflict in evidence)",0.0127179487179503,0.0289926709301578,0.0300580977075772,-0.0188838045848456,0.079,0.598087324600021,-1.08999110081728,2.28616575001732,0.226530891556022,-0.877784957468769,1.28023435487461
"Iles1294","collaborative","Experimental condition 1 (conflict in evidence)","Experimental condition 6 (conflict between sources)",0.00331112457096921,0.0288760538974742,-0.049777699674311,-0.024055399348622,-0.0755,-1.8385068968833,-0.947723813536203,-2.7292899802304,-1.27815797021221,-0.655904667099782,-1.7908019376358
"Iles1294","collaborative","Experimental condition 1 (conflict in evidence)","Experimental condition 7 (conflict within source)",0.00617052324369649,0.0291125902208984,0.00293900302790479,-0.0166219939441904,0.0225,-0.111000779775067,-0.782909284778287,0.560907725228153,-0.166538003297794,-0.605741542032427,0.26588216512058
"Iles1294","collaborative","Experimental condition 1 (conflict in evidence)","Experimental condition 8 (no conflict control)",0.041686698717951,0.0288189405242544,0.108517333606743,0.0151828153616335,0.201851851851852,2.31898306020466,-0.919668900874809,5.55763502128414,1.02605709202912,-1.22599759370892,2.99321877809491
"Iles1294","collaborative","Experimental condition 2 (conflict between sources)","Experimental condition 3 (conflict within source)",0.0467842979481596,0.0285091742284886,0.0915653404695329,0.0110130338802422,0.172117647058823,1.57075901821894,-1.2547281721044,4.39624620854227,0.464530745833169,-1.50006829427225,2.18378596594485
"Iles1294","collaborative","Experimental condition 2 (conflict between sources)","Experimental condition 4 (no conflict control)",0.0909448818897677,0.0288760538974749,0.200791586539937,0.0993173778729025,0.302265795206972,3.80407603615725,0.289945988217836,7.31820608409667,1.43487632826581,-1.2970260231232,3.49248813583707
"Iles1294","collaborative","Experimental condition 2 (conflict between sources)","Experimental condition 5 (conflict in evidence)",0.0382782152230991,0.0291600471673302,0.108585577056867,0.0240535070549112,0.193117647058824,2.41108532610804,-0.487814991744071,5.30998564396015,1.13249356686629,-0.924332655652997,2.88464621011978
"Iles1294","collaborative","Experimental condition 2 (conflict between sources)","Experimental condition 6 (conflict between sources)",0.0288713910761158,0.0290441021866108,0.0287497796749792,0.0188819122911348,0.0386176470588235,-0.00418712895152543,-0.343941731123165,0.335567473220114,-0.359877820910232,-0.70390166668712,-0.162245920249242
"Iles1294","collaborative","Experimental condition 2 (conflict between sources)","Experimental condition 7 (conflict within source)",0.0317307897488427,0.0292792809424409,0.0814664823771949,0.0263153176955664,0.136617647058824,1.69866509789383,-0.184959188851749,3.5822893846394,0.737978423322103,-0.653669014221952,1.86956519907727
"Iles1294","collaborative","Experimental condition 2 (conflict between sources)","Experimental condition 8 (no conflict control)",0.0672469652230972,0.0289873199188364,0.187044812956033,0.0581201270013902,0.315969498910675,4.13276729509198,-0.314856228422008,8.58039081860597,1.93276607491378,-1.27076960743264,4.59719630855549
"Iles1294","collaborative","Experimental condition 3 (conflict within source)","Experimental condition 4 (no conflict control)",0.0441605839416073,0.028337953914386,0.109226246070404,0.0883043439926603,0.130148148148148,2.29606069391502,1.55776102199965,3.03436036583038,0.972743911611865,0.111551942732796,1.34788269067071
"Iles1294","collaborative","Experimental condition 3 (conflict within source)","Experimental condition 5 (conflict in evidence)",-0.00850608272505956,0.028627285833011,0.0170202365873345,0.0130404731746689,0.021,0.891677941852205,0.752658006959308,1.0306978767451,0.669136846741186,0.477186814177683,0.749752582094374
"Iles1294","collaborative","Experimental condition 3 (conflict within source)","Experimental condition 6 (conflict between sources)",-0.0179129068720418,0.0285091742284885,-0.0628155607945537,0.00786887841089257,-0.1335,-1.57502471178705,0.904332937752062,-4.05438236132617,-0.85307003506154,0.707489984245517,-2.36293498449576
"Iles1294","collaborative","Experimental condition 3 (conflict within source)","Experimental condition 7 (conflict within source)",-0.0150535081993145,0.0287487292914033,-0.0100988580923379,0.0153022838153242,-0.0355,0.17234327321932,1.05590030456462,-0.711213758125982,0.269211325968441,0.746996092728201,-0.275264805351705
"Iles1294","collaborative","Experimental condition 3 (conflict within source)","Experimental condition 8 (no conflict control)",0.0204626672749401,0.0284513243881717,0.0954794724865,0.047107093121148,0.143851851851852,2.63667181843905,0.936491584106538,4.33685205277155,1.48174875493195,0.132786156349837,2.48168981823022
"Iles1294","collaborative","Experimental condition 4 (no conflict control)","Experimental condition 5 (conflict in evidence)",-0.0526666666666636,0.0289926709301579,-0.0922060094830697,-0.0752638708179914,-0.109148148148148,-1.36377027531043,-0.779410914081131,-1.94812963653973,-0.31161690733756,0.287929606051399,-0.590768599260277
"Iles1294","collaborative","Experimental condition 4 (no conflict control)","Experimental condition 6 (conflict between sources)",-0.0620734908136465,0.0288760538974742,-0.172041806864958,-0.0804354655817677,-0.263648148148148,-3.80828753269955,-0.635889337002773,-6.98068572839633,-1.81847909928703,0.514517678648469,-3.66936100776307
"Iles1294","collaborative","Experimental condition 4 (no conflict control)","Experimental condition 7 (conflict within source)",-0.0592140921409197,0.0291125902208983,-0.119325104162742,-0.0730020601773361,-0.165648148148148,-2.0647771828517,-0.473608426175656,-3.65594593952775,-0.702469087640403,0.555171261747363,-1.59741383660873
"Iles1294","collaborative","Experimental condition 4 (no conflict control)","Experimental condition 8 (no conflict control)",-0.0236979166666644,0.0288189405242543,-0.0137467735839042,-0.0411972508715123,0.0137037037037038,0.345298713336988,-0.607216430809461,1.29781385748344,0.484665154599027,-0.0532557050822271,1.11093677980525
"Iles1294","collaborative","Experimental condition 5 (conflict in evidence)","Experimental condition 6 (conflict between sources)",-0.00940682414698027,0.0291600471673298,-0.0798357973818882,-0.00517159476377638,-0.1545,-2.41525580636971,0.145240827591971,-4.97575244033138,-1.51236038353031,0.149445255759164,-3.05979649548883
"Iles1294","collaborative","Experimental condition 5 (conflict in evidence)","Experimental condition 7 (conflict within source)",-0.00654742547425341,0.0293942982818266,-0.0271190946796724,0.00226181064065523,-0.0565,-0.6998523662032,0.29969200252537,-1.69939673493177,-0.40962686746872,0.192658585634127,-1.01284943271526
"Iles1294","collaborative","Experimental condition 5 (conflict in evidence)","Experimental condition 8 (no conflict control)",0.0289687500000012,0.0291034911144965,0.0784592358991655,0.0340666199464791,0.122851851851852,1.70049997453787,0.175163519951001,3.22583642912473,0.768895268998152,-0.413496183773387,1.67501819249804
"Iles1294","collaborative","Experimental condition 6 (conflict between sources)","Experimental condition 7 (conflict within source)",0.00285939867272839,0.029279280942441,0.0527167027022158,0.0074334054044316,0.098,1.70281859474281,0.156219913347431,3.2494172761382,1.07363291355767,-0.0289053535685031,2.01701361490129
"Iles1294","collaborative","Experimental condition 6 (conflict between sources)","Experimental condition 8 (no conflict control)",0.0383755741469835,0.0289873199188365,0.158295033281054,0.0392382147102555,0.277351851851852,4.13696262606687,0.0297592383734444,8.2441660137603,2.27180128571338,-0.63971331129632,4.74612982857447
"Iles1294","collaborative","Experimental condition 7 (conflict within source)","Experimental condition 8 (no conflict control)",0.0355161754742562,0.0292229556471803,0.105578330578838,0.0318048093058239,0.179351851851852,2.39750407010394,-0.12700173840186,4.92200987860974,1.15640680832843,-0.67921971604583,2.67343840470447
"Mezzapelle1439","BELIEVABLE","Black Cisgender Woman","Black Transgender Woman",-0.0180668457025953,0.0129325516463231,-0.039558323799425,-0.0136880761702786,-0.0654285714285715,-1.66181266346924,0.338585118549413,-3.6622104454879,-0.586885844965298,0.724643784960859,-1.73946525502374
"Mezzapelle1439","BELIEVABLE","Black Cisgender Woman","White Cisgender Woman",-0.0307073884578605,0.0129638995401123,0.0147035010210131,0.00226414489916904,0.0271428571428571,3.50287267641693,2.54333453101904,4.46241082181483,3.11010482642381,2.37589549180443,3.65069922296005
"Mezzapelle1439","BELIEVABLE","Black Cisgender Woman","White Transgender Woman",-0.00568175750002645,0.0128834705205339,-0.039463124057583,-0.00092624811516584,-0.0780000000000001,-2.62207038885331,0.369117108412767,-5.61325788611938,-1.5456349933632,0.311833741441187,-3.31015888036549
"Mezzapelle1439","BELIEVABLE","Black Transgender Woman","White Cisgender Woman",-0.0126405427552654,0.0130006382040445,0.0542618248204381,0.0159522210694476,0.0925714285714286,5.14608333265439,2.19933539999734,8.09283126531144,3.68934995968124,1.55957225151046,5.35946488976739
"Mezzapelle1439","BELIEVABLE","Black Transgender Woman","White Transgender Woman",0.0123850882025693,0.0129204378826651,9.5199741842078e-05,0.0127618280551127,-0.0125714285714286,-0.951197519181305,0.0291584430779167,-1.93155348144053,-0.949528605684161,-0.503693073140387,-1.57093501909714
"Mezzapelle1439","BELIEVABLE","White Cisgender Woman","White Transgender Woman",0.0250256309578357,0.0129518150960054,-0.054166625078596,-0.00319039301433488,-0.105142857142857,-6.11437512421376,-2.17853820202181,-10.0502120464057,-4.64624787730357,-2.15701908618366,-6.95811281192111
"Mezzapelle1439","PERCEIVED HARM","Black Cisgender Woman","Black Transgender Woman",0.0230541059885088,0.0142080433328886,-0.0352961529134271,-0.007449448683997,-0.0631428571428572,-4.10684691303462,-2.14692156814418,-6.06677225792506,-3.23342246531175,-1.99269542822852,-4.37813718665683
"Mezzapelle1439","PERCEIVED HARM","Black Cisgender Woman","White Cisgender Woman",-0.020975075202566,0.0142424484844674,0.0145479677624318,-4.69216179935783e-05,0.0291428571428571,2.49416685647406,1.46942104845219,3.51891266449592,2.14048038107834,1.38987907710048,2.72638575479763
"Mezzapelle1439","PERCEIVED HARM","Black Cisgender Woman","White Transgender Woman",0.00564971751412495,0.0141608291964757,-0.0480017208210318,-0.00657487021349212,-0.0894285714285714,-3.78872152123049,-0.863267790184169,-6.71417525227681,-2.59832500293525,-0.736261108006839,-4.31029665617836
"Mezzapelle1439","PERCEIVED HARM","Black Transgender Woman","White Cisgender Woman",-0.0440291811910764,0.0142893929419759,0.0498441206758589,0.00740252706600342,0.0922857142857143,6.56943946101285,3.59929273874162,9.53958618328408,5.35230393447824,3.28590876008627,7.06038484003218
"Mezzapelle1439","PERCEIVED HARM","Black Transgender Woman","White Transgender Woman",-0.0174043884743845,0.0142080433328885,-0.0127055679076047,0.000874578470504872,-0.0262857142857142,0.330715528992162,1.28652246594557,-0.625091407961251,0.647594867642622,1.17766339126272,0.0718487325170674
"Mezzapelle1439","PERCEIVED HARM","White Cisgender Woman","White Transgender Woman",0.0266247927166901,0.0142424484844671,-0.0625496885834635,-0.00652794859549855,-0.118571428571429,-6.26117632775068,-2.32774170454928,-10.1946109509521,-4.7200614551564,-2.20294226012917,-7.02227160806677
"Mezzapelle1439","COMPENSATION","Black Cisgender Woman","Black Transgender Woman",0.00390512265512046,0.0147397980116258,-0.0369793654041781,-0.0171015879512134,-0.0568571428571429,-2.77374819024329,-1.4251695029854,-4.12232687750118,-1.89186162477297,-0.982451765927508,-2.65763605100992
"Mezzapelle1439","COMPENSATION","Black Cisgender Woman","White Cisgender Woman",-0.0154551007203973,0.0147539229758012,0.0132113983323586,-0.0155772033352827,0.0419999999999999,1.94297469898505,-0.00827594227553483,3.89422534024563,1.63325910871037,0.38762155141154,2.79603230167826
"Mezzapelle1439","COMPENSATION","Black Cisgender Woman","White Transgender Woman",0.0108910432003652,0.0146979822235393,-0.0470123069332986,-0.0148817567237399,-0.0791428571428572,-3.93954416688094,-1.75349238637867,-6.1255959473832,-2.81621475581482,-1.37733537875431,-4.07709648026095
"Mezzapelle1439","COMPENSATION","Black Transgender Woman","White Cisgender Woman",-0.0193602233755186,0.0147748848463422,0.0501907637365368,0.00152438461593074,0.0988571428571428,4.70737930179361,1.41352086386106,8.00123773972617,3.52202564352692,1.28908865232398,5.43347081252787
"Mezzapelle1439","COMPENSATION","Black Transgender Woman","White Transgender Woman",0.00698592054524386,0.014719023761455,-0.0100329415291204,0.00221983122747349,-0.0222857142857143,-1.15624937836787,-0.323804716604331,-1.9886940401314,-0.913928152920473,-0.46992607277182,-1.41983813430683
"Mezzapelle1439","COMPENSATION","White Cisgender Woman","White Transgender Woman",0.0263461439207665,0.0147331686423053,-0.0602237052656572,0.000695446611542749,-0.121142857142857,-5.87584729993818,-1.74101701622891,-10.0106775836475,-4.44132345812907,-1.84053632920613,-6.87727789543219
"SchaadS62","still_identify","v1 Narrative Conforming Transgender Woman","v2 Narrative Nonconforming Transgender Woman",-0.128088065101118,0.025318577426449,-0.095316810771871,-0.0491501050602254,-0.141483516483517,1.29435606816567,3.11778812495326,-0.52907598862191,2.6293064311648,3.96438669231153,1.61437973822548
"SchaadS62","still_identify","v1 Narrative Conforming Transgender Woman","v3 Narrative Conforming AMAB Non-Binary Person",-0.104089530660472,0.0251086349261848,-0.135291796360327,-0.105198977336038,-0.165384615384615,-1.24269064374007,-0.0441858619087759,-2.44119542557136,0.663055852974135,1.81405632061797,0.0856825999584213
"SchaadS62","still_identify","v1 Narrative Conforming Transgender Woman","v4 Narrative Nonconforming AMAB Non-Binary Person",-0.191278308066627,0.0262071760366986,-0.17674563479506,-0.121868380284305,-0.231622889305816,0.554530303120639,2.64850847283681,-1.53944786659554,2.93640368735285,4.71510010974447,1.85197817917783
"SchaadS62","still_identify","v1 Narrative Conforming Transgender Woman","v5 Narrative Conforming Transgender Man",-0.045727780163164,0.0252004425635641,-0.00687951197132519,0.00491343263303201,-0.0186724565756824,1.54157087098174,2.0095366447816,1.07360509718188,1.64920219059409,1.89465228956175,1.35590112770163
"SchaadS62","still_identify","v1 Narrative Conforming Transgender Woman","v6 Narrative Nonconforming Transgender Man",-0.160943157652745,0.0256446278729145,-0.130043062837992,-0.0435168949067543,-0.216569230769231,1.20493442010086,4.57898095959563,-2.16911211939391,2.99890489513523,5.31596182739657,1.07131732096317
"SchaadS62","still_identify","v1 Narrative Conforming Transgender Woman","v7 Narrative Conforming AFAB Non-Binary Person",-0.131272524376638,0.0253426695114504,-0.163456881809427,-0.1104993715593,-0.216414392059553,-1.26996713658154,0.819690790978113,-3.35962506414119,1.00883903318426,2.75489422965063,-0.0829318050851926
"SchaadS62","still_identify","v1 Narrative Conforming Transgender Woman","v8 Narrative Nonconforming AFAB Non-Binary Person",-0.184267840382006,0.0253185774264476,-0.204310067760275,-0.132295349195764,-0.276324786324786,-0.791601638618645,2.05274136500071,-3.635944642238,2.05655908046672,4.3771966599874,0.552430708284447
"SchaadS62","still_identify","v2 Narrative Nonconforming Transgender Woman","v3 Narrative Conforming AMAB Non-Binary Person",0.0239985344406423,0.0252732633608477,-0.0399749855884557,-0.0560488722758126,-0.0239010989010988,-2.53127263842797,-3.16727624658322,-1.89526903027273,-1.96364584765669,-2.19631846237683,-1.53434984967458
"SchaadS62","still_identify","v2 Narrative Nonconforming Transgender Woman","v4 Narrative Nonconforming AMAB Non-Binary Person",-0.0631902429655229,0.0263649458347432,-0.0814288240231894,-0.0727182752240791,-0.0901393728222996,-0.691773886887037,-0.361390170049219,-1.02215760372486,0.405033350455234,0.853893117549931,0.288478392678519
"SchaadS62","still_identify","v2 Narrative Nonconforming Transgender Woman","v5 Narrative Conforming Transgender Man",0.0823602849379446,0.02536447512664,0.0884372988005458,0.0540635376932574,0.122811059907834,0.239587605588519,-1.11560547196056,1.5947806831376,-0.974415626583411,-2.10177960894817,-0.266518129632534
"SchaadS62","still_identify","v2 Narrative Nonconforming Transgender Woman","v6 Narrative Nonconforming Transgender Man",-0.0328550925516343,0.0258058371650818,-0.0347262520661215,0.00563321015347118,-0.0750857142857142,-0.0725091576187699,1.49145724120062,-1.63647555643816,0.411908127248457,1.36671598021449,-0.521427258662279
"SchaadS62","still_identify","v2 Narrative Nonconforming Transgender Woman","v7 Narrative Conforming AFAB Non-Binary Person",-0.00318445927552948,0.0255057874024119,-0.0681400710375557,-0.0613492664990746,-0.0749308755760368,-2.54670090114073,-2.28045526710713,-2.81294653517432,-1.59608841525766,-1.22482942086621,-1.68711177623053
"SchaadS62","still_identify","v2 Narrative Nonconforming Transgender Woman","v8 Narrative Nonconforming AFAB Non-Binary Person",-0.0561797752808995,0.0254818495394166,-0.108993256988404,-0.0831452441355386,-0.13484126984127,-2.07259216509422,-1.05822259145387,-3.08696173873457,-0.557534713891798,0.383323028326509,-1.05732675558949
"SchaadS62","still_identify","v3 Narrative Conforming AMAB Non-Binary Person","v4 Narrative Nonconforming AMAB Non-Binary Person",-0.087188777406175,0.0261634010370663,-0.0414538384347337,-0.0166694029482666,-0.0662382739212007,1.7480502212479,2.69534432308712,0.80075611940868,2.31623378655845,2.95592301669969,1.77072324839974
"SchaadS62","still_identify","v3 Narrative Conforming AMAB Non-Binary Person","v5 Narrative Conforming Transgender Man",0.0583617504972954,0.0251549156907203,0.128412284389001,0.11011240996907,0.146712158808933,2.7847652026736,2.05727819198637,3.51225221336083,1.00204391434816,0.0601718142691031,1.27061975477028
"SchaadS62","still_identify","v3 Narrative Conforming AMAB Non-Binary Person","v6 Narrative Nonconforming Transgender Man",-0.0568536269922814,0.0255998909518783,0.00524873352233418,0.0616820824292837,-0.0511846153846154,2.42588379112057,4.63032087302185,0.221446709219287,2.36530324601303,3.51928856780774,0.986979139602296
"SchaadS62","still_identify","v3 Narrative Conforming AMAB Non-Binary Person","v7 Narrative Conforming AFAB Non-Binary Person",-0.0271829937161766,0.0252973986009311,-0.0281650854491,-0.00530039422326201,-0.051029776674938,-0.0388218467999815,0.865013823678659,-0.942657517278622,0.364163108532278,0.932266399677902,-0.170321426346648
"SchaadS62","still_identify","v3 Narrative Conforming AMAB Non-Binary Person","v8 Narrative Nonconforming AFAB Non-Binary Person",-0.0801783097215454,0.0252732633608486,-0.0690182713999485,-0.027096371859726,-0.110940170940171,0.441574883395753,2.10031989553236,-1.21717012874085,1.41314775638522,2.55574170768185,0.46609667330842
"SchaadS62","still_identify","v4 Narrative Nonconforming AMAB Non-Binary Person","v5 Narrative Conforming Transgender Man",0.145550527903468,0.0262515201725436,0.169866122823735,0.126781812917337,0.212950432730134,0.926254737266566,-0.714957262008828,2.56746673654196,-1.33706888541146,-2.91439746342518,-0.549355318662505
"SchaadS62","still_identify","v4 Narrative Nonconforming AMAB Non-Binary Person","v6 Narrative Nonconforming Transgender Man",0.0303351504138884,0.0266782110477853,0.0467025719570678,0.0783514853775503,0.0150536585365854,0.613512709449017,1.79983338754073,-0.572807968642695,0.00918667913430096,0.452519954416583,-0.79155182679035
"SchaadS62","still_identify","v4 Narrative Nonconforming AMAB Non-Binary Person","v7 Narrative Conforming AFAB Non-Binary Person",0.0600057836899931,0.0263880826119775,0.0132887529856336,0.0113690087250046,0.0152084972462627,-1.7703836762719,-1.84313410262375,-1.69763324992006,-1.93625442364642,-2.06294132098838,-1.92103514279326
"SchaadS62","still_identify","v4 Narrative Nonconforming AMAB Non-Binary Person","v8 Narrative Nonconforming AFAB Non-Binary Person",0.00701046768462356,0.0263649458347439,-0.0275644329652148,-0.0104269689114594,-0.0447018970189702,-1.31139661225002,-0.661387157985503,-1.96140606651453,-0.932737193564048,-0.509352362809116,-1.31249884891586
"SchaadS62","still_identify","v5 Narrative Conforming Transgender Man","v6 Narrative Nonconforming Transgender Man",-0.115215377489579,0.0256899430573745,-0.123163550866667,-0.0484303275397863,-0.197896774193548,-0.309388516717896,2.59965737567571,-3.2184344091115,1.38728635383423,3.42140911159931,-0.262802335060414
"SchaadS62","still_identify","v5 Narrative Conforming Transgender Man","v7 Narrative Conforming AFAB Non-Binary Person",-0.0855447442134749,0.0253885236576981,-0.156577369838101,-0.115412804192332,-0.197741935483871,-2.79782418947739,-1.17643941733496,-4.41920896161981,-0.618382487739763,0.842361560370661,-1.43082854564485
"SchaadS62","still_identify","v5 Narrative Conforming Transgender Man","v8 Narrative Nonconforming AFAB Non-Binary Person",-0.138540060218846,0.0253644751266397,-0.19743055578895,-0.137208781828796,-0.257652329749104,-2.32177071577772,0.0524859427763715,-4.69602737433181,0.425897150609267,2.45991035248815,-0.797893561426278
"SchaadS62","still_identify","v6 Narrative Nonconforming Transgender Man","v7 Narrative Conforming AFAB Non-Binary Person",0.0296706332761013,0.0258294747693066,-0.0334138189714342,-0.0669824766525458,0.000154838709677363,-2.44234359432269,-3.7419696216007,-1.14271756704468,-1.9762304056749,-2.60142611669414,-1.14717198801933
"SchaadS62","still_identify","v6 Narrative Nonconforming Transgender Man","v8 Narrative Nonconforming AFAB Non-Binary Person",-0.0233246827292674,0.0258058371650813,-0.0742670049222827,-0.0887784542890098,-0.0597555555555556,-1.97406198710526,-2.53639403910949,-1.41172993510104,-0.951045189586208,-1.01471041347023,-0.524779601036001
"SchaadS62","still_identify","v7 Narrative Conforming AFAB Non-Binary Person","v8 Narrative Nonconforming AFAB Non-Binary Person",-0.0529953160053706,0.025505787402412,-0.0408531859508485,-0.021795977636464,-0.0599103942652329,0.476053919173416,1.22322584583122,-0.271118007484386,1.05060895128965,1.5809759766767,0.628597352174221
"Connors1226","rate_democrats","Control","Published Reminder",-0.0179190777679423,0.0159762340834237,0.013317244792786,0.000523378474460712,0.0261111111111112,1.95517431690224,1.15436817876487,2.75598045503962,1.66992840581437,1.06516392917579,2.12806025999242
"Connors1226","rate_democrats","Control","Private Reminder",-0.0177340531486264,0.0159663042682008,-0.0185702554027359,0.00674837808341699,-0.0438888888888889,-0.052372937410127,1.53338122716374,-1.63812710198399,0.362106272368796,1.26903890463084,-0.585422976845724
"Connors1226","rate_democrats","Control","Friends Reminder",-0.0374931453192331,0.0157093781542866,0.00307365794566078,0.0117028714468771,-0.00555555555555554,2.58233030400535,3.13163361929041,2.03302698872029,2.52075381920615,2.72134025780577,2.1673366493775
"Connors1226","rate_democrats","Private Reminder","Published Reminder",-0.000185024619318215,0.0158795744712548,0.0318875001955219,-0.00622499960895628,0.0700000000000001,2.01973452581477,-0.380361262234806,4.41983031386434,1.32292537277707,-0.279268859746041,2.72836183487864
"Connors1226","rate_democrats","Friends Reminder","Published Reminder",0.0195740675512875,0.0156212219559721,0.0102435868471252,-0.0111794929724164,0.0316666666666667,-0.597295187947525,-1.96870389591684,0.774113520021788,-0.820069269669573,-1.72351258106155,-0.00443802958180397
"Connors1226","rate_democrats","Friends Reminder","Private Reminder",0.0197590921706063,0.0156110663279009,-0.0216439133483967,-0.0049544933634601,-0.0383333333333333,-2.65215742790135,-1.5830811947738,-3.72123366102891,-2.15924726502014,-1.51679706341182,-2.78102448381373
"Connors1226","rate_republicans","Control","Published Reminder",0.0362998855857537,0.0160913313281375,-0.0123713614300793,-0.00383363195106767,-0.0209090909090909,-3.02468739368543,-2.49410795902533,-3.55526682834553,-2.74843171309742,-2.46108224628982,-3.05830257799386
"Connors1226","rate_republicans","Control","Private Reminder",0.0249736204215516,0.0161113383956092,-0.0240388196823717,-0.00262309391019794,-0.0454545454545455,-3.04210853874689,-1.71287534617673,-4.37134173131704,-2.51241081204453,-1.71363140544953,-3.29085404450373
"Connors1226","rate_republicans","Control","Friends Reminder",0.0487705179684505,0.0158508604117957,-0.013017663088767,0.00305558291337504,-0.0290909090909091,-3.898096346318,-2.88406647131003,-4.91212622132598,-3.60336056576532,-3.04571506665476,-4.20970934493193
"Connors1226","rate_republicans","Private Reminder","Published Reminder",0.0113262651642063,0.0159931094976922,0.0116674582522924,-0.00121053804086974,0.0245454545454545,0.0213337555236115,-0.78388778660492,0.826555297652143,-0.227460504910852,-0.824311997630339,0.236833102918616
"Connors1226","rate_republicans","Friends Reminder","Published Reminder",-0.0124706323826918,0.0157306739303046,0.000646301658687731,-0.00688921486444272,0.00818181818181818,0.833844379426757,0.354811087114118,1.3128776717394,0.826427644221495,0.475821755120307,1.1121678514447
"Connors1226","rate_republicans","Friends Reminder","Private Reminder",-0.0237968975468959,0.0157511391107905,-0.0110211565936047,-0.00567867682357298,-0.0163636363636364,0.811099493403567,1.15028002710679,0.47191895970034,1.06328108887955,1.23662111889462,0.868968694467762
"Connors1226","trust_democrats","Control","Published Reminder",-0.0300620364228368,0.0149485486245839,0.00574651144596661,0.00331120471011503,0.00818181818181818,2.39545314853604,2.23254056103262,2.55836573603945,2.26808159118619,2.05345562889445,2.34715454644787
"Connors1226","trust_democrats","Control","Private Reminder",-0.0217036595397846,0.0149530358595967,-0.00777461689645115,-0.00236741561108411,-0.0131818181818182,0.9315193766752,1.29313164967037,0.569907103680031,1.12107349644342,1.28463859203445,0.906561418589367
"Connors1226","trust_democrats","Control","Friends Reminder",-0.0361638636542323,0.0147560436330799,0.00250440867798946,0.0150088173559789,-0.01,2.62050406557052,3.46791337045745,1.77309476068359,2.56846864187111,2.9305041298968,2.03156665022722
"Connors1226","trust_democrats","Private Reminder","Published Reminder",-0.00835837688305768,0.0148656296332658,0.0135211283424178,0.00567862032119915,0.0213636363636364,1.47181826570697,0.944258504385535,1.99937802702841,1.16045535692274,0.692659308190432,1.4469957685521
"Connors1226","trust_democrats","Friends Reminder","Published Reminder",0.00610182723138967,0.0146674635392905,0.00324210276797715,-0.0116976126458639,0.0181818181818182,-0.19497062022701,-1.21353223954321,0.823590999089188,-0.26494585132068,-0.93653432987746,0.3469217720841
"Connors1226","trust_democrats","Friends Reminder","Private Reminder",0.0144602041144475,0.0146720367404531,-0.0102790255744406,-0.017376232967063,-0.00318181818181817,-1.68614829191902,-2.16987168480382,-1.20242489903422,-1.43314522331934,-1.71915583136954,-1.12065191177838
"Connors1226","trust_republicans","Control","Published Reminder",0.0248415767875992,0.0146581387323889,0.00136522367904407,0.00641465788440393,-0.00368421052631579,-1.60159168480793,-1.25711178203538,-1.94607158758047,-1.62673906644859,-1.53482154901953,-1.85107965397467
"Connors1226","trust_republicans","Control","Private Reminder",0.0133208955223876,0.014644954738324,0.00637870152986769,-0.000926807466580415,0.0136842105263158,-0.474033147699194,-0.972874497978721,0.0248082025803329,-0.619173138600489,-1.0257201350601,-0.33484079494143
"Connors1226","trust_republicans","Control","Friends Reminder",0.0419246546324762,0.0144608076089588,-0.0138475557269682,0.0107259411776425,-0.038421052631579,-3.8567839271226,-2.15746687864828,-5.55610097559691,-3.51360471757885,-2.57284821232466,-4.53877872068905
"Connors1226","trust_republicans","Private Reminder","Published Reminder",0.0115206812652102,0.0145635216856347,-0.00501347785082362,0.00734146535098434,-0.0173684210526316,-1.13531324860407,-0.286964650751209,-1.98366184645694,-1.00713143832082,-0.595056613088707,-1.52778015209397
"Connors1226","trust_republicans","Friends Reminder","Published Reminder",-0.017083077844882,0.014378331659261,0.0152127794060123,-0.00431128329323854,0.0347368421052632,2.24614774622289,0.888266792998703,3.60402869944708,1.88300140407063,0.940145107567956,2.67630620221327
"Connors1226","trust_republicans","Friends Reminder","Private Reminder",-0.0286037591100888,0.0143648908625628,0.0202262572568359,-0.0116527486442229,0.0521052631578948,3.39926121500747,1.18003057788925,5.61849185212569,2.91346613283774,1.46146048780626,4.22630933045081
"KlarS44","importance","CONTROL","GENDER",-0.0106301627463089,0.0176360777292491,0.0441453092981452,0.0120837220445663,0.0762068965517241,3.10587608454514,1.28792156280898,4.9238306062813,2.23001285212404,0.909727559931015,3.26020826836788
"KlarS44","importance","CONTROL","PARTISAN",0.00578133380262801,0.0177980690827343,0.0387986641284252,1.11213602986826e-05,0.0775862068965517,1.85510743734707,-0.324204407540307,4.03441928223444,1.09247382124987,-0.394348667750036,2.3562322967749
"KlarS44","importance","GENDER","PARTISAN",0.0164114965489369,0.0174663024255796,-0.00534664516972,-0.0120726006842676,0.00137931034482763,-1.24572111420628,-1.6308029335098,-0.860639294902765,-1.13725712209568,-1.3916001414155,-0.898253557424064
"KlarS44","efficacy","CONTROL","GENDER",-0.00294982564766651,0.0163893743783333,-0.0506933260006873,-0.0244901002772366,-0.076896551724138,-2.91307643909443,-1.31428290869029,-4.51186996949857,-1.82802717708854,-0.719123031867715,-2.72122222357701
"KlarS44","efficacy","CONTROL","PARTISAN",0.0208120289361062,0.0165458976752099,-0.0507010575711135,-0.00864349445257173,-0.0927586206896552,-4.32210375713643,-1.78023120696619,-6.86397630730668,-3.24715527429975,-1.6207908268055,-4.72279183287439
"KlarS44","efficacy","GENDER","PARTISAN",0.0237618545837718,0.016237255119875,-7.73157042618933e-06,0.0158466058246649,-0.0158620689655172,-1.46389189420958,-0.487474557779066,-2.44030923064008,-1.4624268895369,-1.00231847036252,-2.07374752801105
"KlarS44","support_candidate","CONTROL","GENDER",0.028569292204223,0.0184832678830112,-0.04732720576517,-0.0236199287717193,-0.0710344827586207,-4.10622723480369,-2.82359273837673,-5.38886173123066,-3.20790993592833,-2.31699772737886,-3.9226406305997
"KlarS44","support_candidate","CONTROL","PARTISAN",0.0337314826471941,0.0186524228279262,-0.0244940913250713,-0.0082985274777288,-0.0406896551724137,-3.1216091608802,-2.25332711533839,-3.98989120642201,-2.66035809261648,-2.1201985461413,-3.16057124629497
"KlarS44","support_candidate","GENDER","PARTISAN",0.00516219044297173,0.0182845637940581,0.0228331144400987,0.0153214012939905,0.0303448275862069,0.966439462059767,0.555616801442111,1.37726212267742,0.530043451282141,0.111318585767467,0.734096772793997
"Stoker1063","Anger","HospDes_Pr_N","HospDes_Pr_P",-0.057346696233175,0.027951417382972,-0.32278023479806,-0.458322566370313,-0.187237903225806,-9.4962461090287,-14.3454575001772,-4.64703471788022,-5.47159602594686,-7.01635867804756,-2.14579455420427
"Stoker1063","Anger","HospDes_Pr_N","MarDeb_Pr_N",0.343311886889842,0.0273296202696703,0.0866008164644736,0.00552882186903936,0.167672811059908,-9.3931444305598,-12.3595959873495,-6.42669287377013,-10.5656131362973,-12.5480468420385,-8.8314471226216
"Stoker1063","Anger","HospDes_Pr_N","MarDeb_Pr_P",0.168342880934947,0.0278846533726833,0.00688084535907765,-0.0417682631988954,0.0555299539170507,-5.79035476675649,-7.53501007617595,-4.04569945733704,-5.93010388151961,-6.95176836476669,-4.86564927745196
"Stoker1063","Anger","HospDes_Pr_N","HSAch_Pr_N",0.117482161060141,0.0283025391403247,-0.0788822733196881,-0.0561516434135697,-0.101612903225806,-6.93805009530239,-6.13491968380752,-7.74118050679725,-6.00587110350873,-5.33020118325196,-6.42715056295653
"Stoker1063","Anger","HospDes_Pr_N","HSAch_Pr_P",0.0196286257066046,0.0264873172057189,-0.233379272842416,-0.241299488612872,-0.22545905707196,-9.55203943774241,-9.85105861393689,-9.25302026154795,-6.49659998481017,-5.82643911362898,-6.0620602191947
"Stoker1063","Anger","HospDes_Pr_P","MarDeb_Pr_N",0.400658583123043,0.0275618637047952,0.409381051262533,0.463851388239352,0.354910714285714,0.316468734948879,2.29276241233697,-1.65982494243921,-4.98089706488156,-5.42282989010637,-6.64049956536498
"Stoker1063","Anger","HospDes_Pr_P","MarDeb_Pr_P",0.225689577168115,0.0281123119026512,0.329661080157137,0.416554303171418,0.242767857142857,3.69843303350719,6.78936427086606,0.607501796148316,-0.494000719217557,-0.0134316304696845,-2.75115726739244
"Stoker1063","Anger","HospDes_Pr_P","HSAch_Pr_N",0.174828857293313,0.0285268629292964,0.243897961478372,0.402170922956743,0.085625,2.42119522066781,7.96940295282014,-3.12701251148451,-0.648862551878979,1.49374396632377,-4.33167601830224
"Stoker1063","Anger","HospDes_Pr_P","HSAch_Pr_P",0.0769753219397764,0.0267268808422091,0.0894009619556437,0.217023077757441,-0.0382211538461538,0.464911715258737,5.23995885058503,-4.31013542006755,-0.770988420855939,1.46456731117157,-3.82506885891145
"Stoker1063","Anger","MarDeb_Pr_N","MarDeb_Pr_P",-0.174969005954908,0.027494153758194,-0.0797199711053959,-0.0472970850679347,-0.112142857142857,3.46433775293503,4.64360249127229,2.28507301459776,4.43468198485234,5.32617197470357,3.78410286096063
"Stoker1063","Anger","DrinWat_Pr_N","HospDes_Pr_N",-0.257083300661291,0.0272444287101628,-0.14354441488011,-0.0675906218749144,-0.219498207885305,4.16741664833769,6.95528178631588,1.37955151035949,5.97376469343866,7.98134775466024,4.39822176969559
"Stoker1063","Anger","DrinWat_Pr_N","HospDes_Pr_P",-0.314429996894438,0.0274773922077824,-0.466324649678169,-0.525913188245227,-0.406736111111111,-5.52798648558469,-7.69662527475555,-3.35934769641382,0.410534498141391,0.872615666652221,2.2378938528929
"Stoker1063","Anger","DrinWat_Pr_N","MarDeb_Pr_N",0.0862285862285884,0.0268446175779736,-0.056943598415636,-0.062061800005875,-0.0518253968253969,-5.33336652043421,-5.52402677384898,-5.14270626701944,-4.63910178183845,-4.57592596073133,-4.46609491182723
"Stoker1063","Anger","DrinWat_Pr_N","MarDeb_Pr_P",-0.0887404197263327,0.0274094735910403,-0.136663569521032,-0.10935888507381,-0.163968253968254,-1.74841554820536,-0.75223864767023,-2.74459244874049,-0.041577212487104,0.957578465421339,-0.518341119160624
"Stoker1063","Anger","DrinWat_Pr_N","DrinWat_Pr_P",-0.0892376920414272,0.0273759283359735,-0.208956970339924,-0.134222184407446,-0.283691756272401,-4.37315866805432,-1.64321340317458,-7.10310393293407,-1.73186913494378,0.479894890360761,-3.2028002750715
"Stoker1063","Anger","DrinWat_Pr_N","HSAch_Pr_N",-0.139601139601138,0.0278344942582552,-0.222426688199798,-0.123742265288484,-0.321111111111111,-2.97564409937484,0.569756150965454,-6.52104434971513,-0.20701365122052,2.48742242560024,-2.1712337752608
"Stoker1063","Anger","DrinWat_Pr_N","HSAch_Pr_P",-0.237454674954673,0.0259865988844179,-0.376923687722525,-0.308890110487786,-0.444957264957265,-5.36695907718347,-2.74893362732232,-7.98498452704462,-0.302395203726575,2.53082876093317,-1.50455339699782
"Stoker1063","Anger","DrinWat_Pr_P","HospDes_Pr_N",-0.167845608619858,0.0278516804418186,0.065412555459814,0.0666315625325312,0.0641935483870968,8.37501222114559,8.41878003168269,8.3312444106085,7.49311542304525,7.24058928083829,7.39144712753418
"Stoker1063","Anger","DrinWat_Pr_P","HospDes_Pr_P",-0.225192304853015,0.0280796063047602,-0.257367679338246,-0.391691003837782,-0.12304435483871,-1.14586273525411,-5.92952398184235,3.63779851133412,2.03793695516328,0.291760567361831,5.25394371476801
"Stoker1063","Anger","DrinWat_Pr_P","MarDeb_Pr_N",0.175466278270013,0.0274607119463002,0.152013371924288,0.0721603844015706,0.231866359447005,-0.854053106546826,-3.76195249673272,2.05384628363907,-2.86193830071794,-5.04807245363922,-1.23279491436368
"Stoker1063","Anger","DrinWat_Pr_P","MarDeb_Pr_P",0.000497272315095468,0.0280131478100545,0.0722934008188917,0.0248632993336358,0.119723502304147,2.56294397868514,0.869806820131613,4.25608113723868,1.59940756214874,0.37346893957668,2.5641433520071
"Stoker1063","Anger","DrinWat_Pr_P","HSAch_Pr_N",-0.0503634475597104,0.0284291448746334,-0.0134697178598741,0.0104799191189615,-0.0374193548387097,1.29774320903882,2.14017575790543,0.455310660172208,1.41340620147257,1.8801643315846,0.90055434325587
"Stoker1063","Anger","DrinWat_Pr_P","HSAch_Pr_P",-0.148216982913244,0.0266225567755926,-0.167966717382602,-0.17466792608034,-0.161265508684864,-0.741842139199205,-0.993553826931695,-0.490130451466714,1.43058487627109,1.87746621124133,1.76312736265019
"Stoker1063","Anger","HSAch_Pr_N","MarDeb_Pr_N",0.22582972582972,0.0279178852880039,0.165483089784162,0.0616804652826091,0.269285714285714,-2.16157618755918,-5.87971685010269,1.55656447498433,-4.30692608279286,-6.97482057185097,-2.18848462753809
"Stoker1063","Anger","HSAch_Pr_N","MarDeb_Pr_P",0.0508607198748044,0.0284614488138682,0.0857631186787657,0.0143833802146743,0.157142857142857,1.2263043611102,-1.28164029521772,3.73424901743813,0.110852944570714,-1.60345092716591,1.56651512238735
"Stoker1063","Anger","HSAch_Pr_N","HSAch_Pr_P",-0.097853535353536,0.0270938765706596,-0.154496999522728,-0.185147845199302,-0.123846153846154,-2.09063712316945,-3.22192026003021,-0.959353986308689,-0.131527060703189,-0.225719869835855,0.72689936079942
"Stoker1063","Anger","HSAch_Pr_P","MarDeb_Pr_N",0.323683261183251,0.0260759001747003,0.31998008930689,0.246828310481911,0.393131868131868,-0.142015111714319,-2.94735561136667,2.66332538793803,-4.53077995214947,-7.33450143543638,-3.16134172384206
"Stoker1063","Anger","HSAch_Pr_P","MarDeb_Pr_P",0.14871425522834,0.0266570500909461,0.240260118201494,0.199531225413976,0.280989010989011,3.43420831115318,1.90632384349595,4.96209277881041,0.196988712831562,-1.58187132400287,0.872126565760484
"Stoker1063","Worry","HospDes_Pr_N","HospDes_Pr_P",-0.0435883997204733,0.0280830533384146,-0.249053644491913,-0.249427853499956,-0.248679435483871,-7.31634278849535,-7.32966787118964,-7.30301770580107,-4.23745914126727,-3.40269119879069,-3.97738317060802
"Stoker1063","Worry","HospDes_Pr_N","MarDeb_Pr_N",0.297504025764908,0.0275228803498239,0.100246188301157,0.082162883514757,0.118329493087558,-7.16704919530752,-7.82407725910594,-6.5100211315091,-8.50632824277241,-9.27183296458316,-8.21274126902541
"Stoker1063","Worry","HospDes_Pr_N","MarDeb_Pr_P",0.182055294731367,0.0280497642282545,0.0123778334066219,0.0424976022971146,-0.0177419354838709,-6.04915820125964,-4.9753606233052,-7.12295577921408,-6.2572756505636,-5.75568545369187,-6.93978530302052
"Stoker1063","Worry","HospDes_Pr_N","HSAch_Pr_N",0.163626312880046,0.0284682236838345,0.00305007588050563,0.094531742417296,-0.0884315906562848,-5.6405429008457,-2.42707698345031,-8.85400881824109,-5.72991791912331,-4.02346795430732,-7.72457565417122
"Stoker1063","Worry","HospDes_Pr_N","HSAch_Pr_P",0.0738644304682084,0.0266280872929989,-0.166126627761363,-0.0760497815773159,-0.256203473945409,-9.01270360085797,-5.62992791768939,-12.3954792840265,-6.86512570176025,-4.4362833897199,-8.78014670801305
"Stoker1063","Worry","HospDes_Pr_P","MarDeb_Pr_N",0.341092425485384,0.027656456338226,0.349299832793071,0.331590737014713,0.367008928571429,0.29676279590246,-0.343561313657476,0.937086905462398,-4.21548362175063,-5.86758845090589,-4.19372883523435
"Stoker1063","Worry","HospDes_Pr_P","MarDeb_Pr_P",0.225643694451834,0.0281808429202908,0.261431477898535,0.29192545579707,0.2309375,1.26993303741576,2.35201486104279,0.187851213788731,-2.05748959180526,-2.43196325380591,-3.00220702830985
"Stoker1063","Worry","HospDes_Pr_P","HSAch_Pr_N",0.207214712600515,0.0285973843935124,0.252103720372419,0.343959595917252,0.160247844827586,1.5696892818662,4.78172693820764,-1.64234837447524,-1.59410625362118,-0.756367781951523,-3.84127195720505
"Stoker1063","Worry","HospDes_Pr_P","HSAch_Pr_P",0.117452830188674,0.0267661291060367,0.0829270167305507,0.17337807192264,-0.00752403846153848,-1.28990685658529,2.08940342148138,-4.66921713465196,-2.43859881616018,-0.942194358900662,-4.62315247866605
"Stoker1063","Worry","MarDeb_Pr_N","MarDeb_Pr_P",-0.115448731033546,0.0276226531245754,-0.0878683548945354,-0.0396652812176423,-0.136071428571429,0.998469481357417,2.74352537658595,-0.746586413871113,2.06844983731704,3.2978300825677,1.0765260943924
"Stoker1063","Worry","DrinWat_Pr_N","HospDes_Pr_N",-0.214139987445087,0.0273529131612316,-0.0783666677062089,-0.0715123079333259,-0.085221027479092,4.96376085934845,5.21435061307889,4.71317110561801,5.92164751501461,6.30125958818153,5.84379996865704
"Stoker1063","Worry","DrinWat_Pr_N","HospDes_Pr_P",-0.257728387165542,0.0274873151261302,-0.327420312198122,-0.320940161433282,-0.333900462962963,-2.53542132844868,-2.29967073821805,-2.77117191867932,1.61678193497512,2.89031360293692,1.81139321830312
"Stoker1063","Worry","DrinWat_Pr_N","MarDeb_Pr_N",0.0833640383198193,0.0269147459729008,0.0218795205949484,0.0106505755814311,0.0331084656084656,-2.28441753776078,-2.70162173596585,-1.86721333955571,-2.62595340460717,-2.97913382282808,-2.39834681776635
"Stoker1063","Worry","DrinWat_Pr_N","MarDeb_Pr_P",-0.0320846927137215,0.0274533036499378,-0.0659888342995871,-0.0290147056362112,-0.102962962962963,-1.23497492389927,0.111825779390934,-2.58177562718948,-0.439776620073823,0.493904102468932,-1.20830418193244
"Stoker1063","Worry","DrinWat_Pr_N","DrinWat_Pr_P",-0.0506602286164757,0.0273861060667574,-0.11961329915136,-0.0633604095333051,-0.175866188769415,-2.51781214776579,-0.463745407465778,-4.5718788880658,-1.02933109488142,0.48707797436335,-2.17769610136215
"Stoker1063","Worry","DrinWat_Pr_N","HSAch_Pr_N",-0.0505136745650272,0.0278807167724933,-0.0753165918257033,0.0230194344839701,-0.173652618135377,-0.889608307529105,2.6374181714562,-4.41663478651441,0.0115205290978837,2.16866496053492,-2.09526706669705
"Stoker1063","Worry","DrinWat_Pr_N","HSAch_Pr_P",-0.140275556976867,0.0259990315380917,-0.244493295467572,-0.147562089510642,-0.341424501424501,-4.00852386897616,-0.280261690636407,-7.73678604731592,-0.74477315876357,2.18758832634962,-2.78130025512781
"Stoker1063","Worry","DrinWat_Pr_P","HospDes_Pr_N",-0.16347975882861,0.0279839989541281,0.0412466314451509,-0.00815189840002073,0.0906451612903226,7.31583754735527,5.55059556295745,9.0810795317531,6.74300359038414,5.5878905864871,7.78448866376725
"Stoker1063","Worry","DrinWat_Pr_P","HospDes_Pr_P",-0.207068158549073,0.0281153842567007,-0.207807013046762,-0.257579751899977,-0.158034274193548,-0.0262793668741599,-1.79658200256913,1.74402326882081,2.53110144462343,2.25715139597573,3.83371981601686
"Stoker1063","Worry","DrinWat_Pr_P","MarDeb_Pr_N",0.134024266936291,0.0275558685191473,0.141492819746308,0.0740109851147362,0.20897465437788,0.271033112414077,-2.17787662108541,2.71994284591356,-1.59512205611497,-3.48996120328181,-0.23787041223307
"Stoker1063","Worry","DrinWat_Pr_P","MarDeb_Pr_P",0.0185755359027497,0.0280821334722707,0.0536244648517728,0.0343457038970939,0.0729032258064516,1.24808640282376,0.561573001920106,1.93459980372741,0.521633233344424,-0.0864244412637228,0.883986537826202
"Stoker1063","Worry","DrinWat_Pr_P","HSAch_Pr_N",0.000146554051445306,0.0285001176630329,0.0442967073256565,0.0863798440172753,0.00221357063403782,1.54912178946818,3.0257169807296,0.0725265982067722,0.948876636228895,1.56061290943127,-0.0147851353910187
"Stoker1063","Worry","DrinWat_Pr_P","HSAch_Pr_P",-0.0896153283603956,0.0266621825809037,-0.124879996316212,-0.0842016799773366,-0.165558312655087,-1.32264745576657,0.203045957195431,-2.84834086872858,0.275990696021725,1.53359147441091,-0.536900662784325
"Stoker1063","Worry","HSAch_Pr_N","MarDeb_Pr_N",0.133877712884844,0.028047485664366,0.0971961124206517,-0.012368858902539,0.206761083743842,-1.30783917329159,-5.21424891833307,2.59857057174989,-2.58367347677961,-5.10896692272924,-0.277236778401319
"Stoker1063","Worry","HSAch_Pr_N","MarDeb_Pr_P",0.0184289818513029,0.0285646946877211,0.00932775752611623,-0.0520341401201814,0.0706896551724138,-0.318617945148175,-2.46679065685144,1.82955476655509,-0.485284272080512,-1.73471999987959,0.826305319808506
"Stoker1063","Worry","HSAch_Pr_N","HSAch_Pr_P",-0.0897618824118417,0.0271699750133439,-0.169176703641868,-0.170581523994612,-0.167771883289125,-2.92288900490427,-2.97459388693135,-2.87118412287719,-0.778508512162175,-0.229513224509295,-0.571808117419712
"Stoker1063","Worry","HSAch_Pr_P","MarDeb_Pr_N",0.223639595296681,0.0261777906872133,0.26637281606252,0.158212665092073,0.374532967032967,1.63242273866573,-2.49932971755964,5.7641751948911,-2.01624972786157,-5.33677278362634,0.233700807906683
"Stoker1063","Worry","HSAch_Pr_P","MarDeb_Pr_P",0.10819086426314,0.0267312000436466,0.178504461167985,0.118547383874431,0.238461538461539,2.63039432535902,0.387431899592265,4.87335675112577,0.217819790133947,-1.71945110732828,1.40273255666058
"Stoker1063","Serious","HospDes_Pr_N","HospDes_Pr_P",-0.075674291443954,0.0262940391596089,-0.30868980693237,-0.393307033219579,-0.224072580645161,-8.86191406630133,-12.080028475182,-5.64379965742071,-4.77278010667278,-5.40844492555629,-2.44953541990368
"Stoker1063","Serious","HospDes_Pr_N","MarDeb_Pr_N",0.239206538283374,0.0257349635662297,0.047307106083455,0.0145796499549284,0.0800345622119816,-7.45675942793003,-8.72847120029378,-6.18504765556628,-8.16279973439192,-9.08782892956343,-7.43738300614201
"Stoker1063","Serious","HospDes_Pr_N","MarDeb_Pr_P",0.112204429009366,0.02623109238039,-0.0630839128808934,-0.0490595308309113,-0.0771082949308756,-6.68246443374591,-6.14781715918305,-7.21711170830877,-5.88931421339754,-5.40196111908619,-6.15632493623201
"Stoker1063","Serious","HospDes_Pr_N","HSAch_Pr_N",0.121432887420361,0.02669475307009,-0.0398920847603453,0.0274349628486085,-0.107219132369299,-6.04332138818177,-3.52121348809447,-8.56542928826907,-5.57068198528883,-4.08568054086608,-7.09199798053815
"Stoker1063","Serious","HospDes_Pr_N","HSAch_Pr_P",0.0571468105714688,0.0249135667182897,-0.235635537625372,-0.15210234075943,-0.319168734491315,-11.7519242229537,-8.3990041930561,-15.1048442528512,-8.4715027053374,-5.74112254121137,-10.2748465375664
"Stoker1063","Serious","HospDes_Pr_P","MarDeb_Pr_N",0.3148808297273,0.0259836711854352,0.355996913015825,0.407886683174507,0.304107142857143,1.58238160401183,3.57939618245093,-0.414632974427268,-3.3113551004682,-3.62967172672996,-4.95061095798912
"Stoker1063","Serious","HospDes_Pr_P","MarDeb_Pr_P",0.187878720453314,0.0264751397727433,0.245605894051476,0.344247502388667,0.146964285714286,2.18042941769823,5.90624953362239,-1.54539069822592,-1.1503226723632,-0.0807017990600417,-3.72883375051715
"Stoker1063","Serious","HospDes_Pr_P","HSAch_Pr_N",0.197107178864304,0.0269345996812797,0.268797722172025,0.420741996068187,0.116853448275862,2.66165245283179,8.30288253214008,-2.9795776264765,-0.916285694501299,1.13224317194911,-4.69854399062259
"Stoker1063","Serious","HospDes_Pr_P","HSAch_Pr_P",0.132821102015413,0.0251703918353371,0.0730542693069975,0.241204692460149,-0.0950961538461539,-2.3744895629518,4.30599535969777,-9.05497448560137,-3.45752091460128,-0.137824224232906,-7.67637399553099
"Stoker1063","Serious","MarDeb_Pr_N","MarDeb_Pr_P",-0.127002109273998,0.0259199706869895,-0.110391018964348,-0.0636391807858397,-0.157142857142857,0.640860690401456,2.44456019080158,-1.16283880999867,2.08791645086726,3.45403524581048,1.09071133005853
"Stoker1063","Serious","DrinWat_Pr_N","HospDes_Pr_N",-0.191177798416034,0.0255749034057304,-0.0657348918118568,-0.0636442161207267,-0.067825567502987,4.90492200944423,4.98666916828831,4.82317485060015,5.75501955027458,6.00985362262585,5.77246751392551
"Stoker1063","Serious","DrinWat_Pr_N","HospDes_Pr_P",-0.266852089859948,0.0258251525209443,-0.374424698744227,-0.456951249340305,-0.291898148148148,-4.16542008017326,-7.36100820028792,-0.969831960058607,0.896640491216662,0.547476965711465,3.28612059970472
"Stoker1063","Serious","DrinWat_Pr_N","MarDeb_Pr_N",0.0480287398673576,0.0252556994984951,-0.0184277857284018,-0.0490645661657982,0.0122089947089946,-2.63134765282265,-3.84441167582554,-1.41828362981977,-2.43183956553895,-3.06965988396691,-1.66806050057181
"Stoker1063","Serious","DrinWat_Pr_N","MarDeb_Pr_P",-0.0789733694066485,0.0257610600494551,-0.12881880469275,-0.112703746951638,-0.144933862433863,-1.93491398220455,-1.30935518492776,-2.56047277948134,-0.226372700128743,0.56865663246154,-0.474141287631185
"Stoker1063","Serious","DrinWat_Pr_N","DrinWat_Pr_P",-0.0426520825121551,0.0256980045790613,-0.151252731399914,-0.0888734436839382,-0.21363201911589,-4.22603430370025,-1.798636194868,-6.6534324125325,-2.20508162278114,-0.335861481006268,-3.54034640931343
"Stoker1063","Serious","DrinWat_Pr_N","HSAch_Pr_N",-0.0697449109956578,0.0262330297311639,-0.105626976572202,-0.0362092532721182,-0.175044699872286,-1.36782010862885,1.27837531795652,-4.01401553521422,-0.0021513169716879,1.802395915731,-1.52656362345589
"Stoker1063","Serious","DrinWat_Pr_N","HSAch_Pr_P",-0.13403098784455,0.0244181861330801,-0.301370429437229,-0.215746556880156,-0.386994301994302,-6.85306601729846,-3.34650446967083,-10.3596275649261,-2.55562813086473,0.545359891413239,-4.37011693697726
"Stoker1063","Serious","DrinWat_Pr_P","HospDes_Pr_N",-0.148525715903876,0.0261691694927925,0.0855178395880574,0.0252292275632116,0.145806451612903,8.94348426137077,6.63968122927797,11.2472872934636,7.73363447474614,6.10203861749873,9.05522395437726
"Stoker1063","Serious","DrinWat_Pr_P","HospDes_Pr_P",-0.224200007347796,0.0264137890212686,-0.223171967344313,-0.368077805656367,-0.078266129032258,0.0389205805594714,-5.4470715349744,5.52491269609334,2.96642786264442,0.761819255717498,6.59511427630694
"Stoker1063","Serious","DrinWat_Pr_P","MarDeb_Pr_N",0.0906808223795149,0.0258573027380728,0.132824945671512,0.03980887751814,0.225841013824885,1.62987314334003,-1.96741111695576,5.22715740363581,-0.240515690682326,-2.76682186711834,1.82576493404585
"Stoker1063","Serious","DrinWat_Pr_P","MarDeb_Pr_P",-0.0363212868944951,0.0263511282984558,0.0224339267071639,-0.0238303032676997,0.0686981566820276,2.22970390247396,0.474020826938456,3.98538697800947,1.87343482935021,0.783004597538641,2.92674409686899
"Stoker1063","Serious","DrinWat_Pr_P","HSAch_Pr_N",-0.0270928284835033,0.0268127133391266,0.045625754827712,0.05266419041182,0.038587319243604,2.71209341596548,2.97459708335215,2.44958974857882,2.05657241805624,1.98660098001452,1.83834443876946
"Stoker1063","Serious","DrinWat_Pr_P","HSAch_Pr_P",-0.0913789053323957,0.0250399193640834,-0.150117698037315,-0.126873113196218,-0.173362282878412,-2.34580598486961,-1.41750487881899,-3.27410709092023,-0.287743782759495,0.770791471373001,-0.693809638996697
"Stoker1063","Serious","HSAch_Pr_N","MarDeb_Pr_N",0.117773650863021,0.0263890984010259,0.0871991908438003,-0.01285531289368,0.187253694581281,-1.15860191790531,-4.95011090457045,2.63290706875982,-2.38086380026324,-4.829866645121,-0.141122392004339
"Stoker1063","Serious","HSAch_Pr_N","MarDeb_Pr_P",-0.00922845841099148,0.026873153371578,-0.0231918281205481,-0.0764944936795198,0.0301108374384236,-0.51960294783733,-2.50309423454827,1.46388833887361,-0.269512119780181,-1.31284261380438,0.974562215079414
"Stoker1063","Serious","HSAch_Pr_N","HSAch_Pr_P",-0.0642860768488905,0.0255887078863014,-0.195743452865027,-0.179537303608038,-0.211949602122016,-5.13731981310828,-4.50398774612788,-5.77065188008868,-2.49386735269009,-1.43081547511152,-2.66939569732783
"Stoker1063","Serious","HSAch_Pr_P","MarDeb_Pr_N",0.182059727711917,0.0245857779940481,0.282942643708827,0.166681990714358,0.399203296703297,4.10330378893573,-0.625472864892937,8.8320804427644,-0.0195837317166364,-3.8026138476445,2.56001039283146
"Stoker1063","Serious","HSAch_Pr_P","MarDeb_Pr_P",0.0550576184378985,0.0251046278061628,0.172551624744479,0.103042809928518,0.24206043956044,4.68017320207939,1.91140820175156,7.44893820240723,2.19500275883133,-0.0523654290755561,3.69866067972481
"bucci1408","Caught","A: Drunk Driving, High Risk","A: Drunk Driving, Low Risk",-0.111916596150484,0.0125933247921673,-0.41153690830714,-0.440030338353411,-0.38304347826087,-23.7919943383825,-26.0545763424608,-21.5294123343042,-12.3708396790383,-10.4909906715047,-9.88845904936947
"bucci1408","Rewarding","A: Drunk Driving, High Risk","A: Drunk Driving, Low Risk",0.0255806793622325,0.0125472616690992,0.035545614980951,0.0139173169184237,0.0571739130434782,0.794192062102257,-0.929554412062092,2.51793853626661,-0.19201822178446,-1.52427540794094,0.767293184370994
"bucci1408","Respect","A: Drunk Driving, High Risk","A: Drunk Driving, Low Risk",-0.0299039370862572,0.0126728051858253,-0.0273058715590507,-0.0204813083354928,-0.0341304347826087,0.205011083900544,0.743531413337258,-0.333509245536171,0.96137207292963,1.37128107746497,0.691965360823992
"bolsenM6","Using They/Them Pronouns","Baseline","Descriptive Information",0.00485748532623471,0.0225397619400536,0.00139142292447564,-0.0261915131254077,0.028974358974359,-0.153775466261683,-1.37752113505989,1.06997020253653,-0.152084187795148,-0.887754525149712,0.588726982628203
"bolsenM6","Using They/Them Pronouns","Baseline","Injunctive Norm",0.00492219650205679,0.0225667635082737,0.0472456739851543,0.0716708351497959,0.0228205128205128,1.87547839846775,2.95782949217627,0.793127304759227,1.1660677238481,1.5033269848589,0.417044754781041
"bolsenM6","Using They/Them Pronouns","Baseline","Descriptive Information + Injunctive Norm",0.00682884910664352,0.0226631424292707,0.0332098394308397,0.0292401916821923,0.0371794871794872,1.16404820763619,0.988889455444771,1.33920695982761,0.674394100796571,0.379720528630867,0.721730227063156
"bolsenM6","Using They/Them Pronouns","Descriptive Information","Injunctive Norm",6.47111758215052e-05,0.0222370513148361,0.0458542510606787,0.0978623482752036,-0.00615384615384618,2.05915520167493,4.3979588711986,-0.279648467848738,1.3611238751892,2.39397706291442,-0.161585709163351
"bolsenM6","Using They/Them Pronouns","Descriptive Information","Descriptive Information + Injunctive Norm",0.00197136378040895,0.0223348530487601,0.0318184165063641,0.0554317048076,0.0082051282051282,1.33634426252077,2.39358373706241,0.279104787979132,0.861294964311376,1.24985942886604,0.15008537840853
"bolsenM6","Using They/Them Pronouns","Descriptive Information + Injunctive Norm","Injunctive Norm",-0.00190665260458791,0.0223621020396965,0.0140358345543146,0.0424306434676036,-0.0143589743589744,0.712924354365343,1.98269804839837,-0.556849339667689,0.516747061182204,1.10094993167934,-0.298724090868878
"bolsenM6","They/Them Pronouns in Forms","Baseline","Descriptive Information",-0.00320132542354876,0.0254434014472841,0.0213082678738657,0.00518063831183391,0.0374358974358975,0.963298611948393,0.329435659487163,1.59716156440962,0.690850426651806,0.210661828247218,1.04329291575849
"bolsenM6","They/Them Pronouns in Forms","Baseline","Injunctive Norm",-0.0315963871519435,0.0254434014472832,0.0616359045867964,0.0832718091735927,0.04,3.6643014076522,4.51465565889586,2.81394715640854,2.83716632071967,3.02023843002362,2.22142831568398
"bolsenM6","They/Them Pronouns in Forms","Baseline","Descriptive Information + Injunctive Norm",0.0211446844612662,0.0255522107774342,0.0606084589790513,0.051729738470923,0.0694871794871795,1.54443679498122,1.19696312291957,1.89191046704287,0.73489574158827,0.262184307015534,0.85933027199662
"bolsenM6","They/Them Pronouns in Forms","Descriptive Information","Injunctive Norm",-0.0283950617283957,0.0251192684488398,0.0403276367129307,0.0780911708617588,0.00256410256410255,2.73585588614148,4.23922507166297,1.23248670061998,2.19491433636755,2.81796327443334,1.20389644218171
"bolsenM6","They/Them Pronouns in Forms","Descriptive Information","Descriptive Information + Injunctive Norm",0.0243460098848147,0.0252294757339845,0.0393001911051856,0.0465491001590891,0.032051282051282,0.592726594006366,0.880045646147395,0.305407541865337,0.0683998222293158,0.0253443951827327,-0.171303847714742
"bolsenM6","They/Them Pronouns in Forms","Descriptive Information + Injunctive Norm","Injunctive Norm",-0.0527410716132113,0.0252294757339843,0.00102744560774509,0.0315420707026697,-0.0294871794871795,2.13117853846364,3.34066166116766,0.921695415759617,2.13773828925037,2.75256376676254,1.38045397884015
"bolsenM6","Providing Personal Pronouns","Baseline","Descriptive Information",-0.00522459674747737,0.0243260790603002,0.00876418268210433,0.0162463140821574,0.00128205128205128,0.575052781621974,0.882629328648156,0.267476234595792,0.470553356224011,0.554515252161828,0.25816646462826
"bolsenM6","Providing Personal Pronouns","Baseline","Injunctive Norm",-0.0740070820174171,0.0242966372943125,0.0471466412212764,0.0791650773143477,0.0151282051282051,4.98643996579122,6.30425344364918,3.66862648793327,4.32896440350895,4.81506014123595,3.44074355750705
"bolsenM6","Providing Personal Pronouns","Baseline","Descriptive Information + Injunctive Norm",-0.0157549158367202,0.0244008178874698,0.0456567711027192,0.0682366191285153,0.0230769230769231,2.51678805286996,3.44216064201547,1.59141546372444,1.88348764019057,2.1600653890326,1.23957048705877
"bolsenM6","Providing Personal Pronouns","Descriptive Information","Injunctive Norm",-0.0687824852699387,0.0240487340452574,0.0383824585391721,0.0629187632321904,0.0138461538461538,4.45615738472706,5.47643165974059,3.43588310971352,3.91944229417804,4.27467734217483,3.22609690141801
"bolsenM6","Providing Personal Pronouns","Descriptive Information","Descriptive Information + Injunctive Norm",-0.010530319089242,0.0241539839145763,0.0368925884206149,0.0519903050463579,0.0217948717948718,1.96335758430469,2.58841872035322,1.33829644825616,1.45056759132893,1.59469224821772,1.00321263548246
"bolsenM6","Providing Personal Pronouns","Descriptive Information + Injunctive Norm","Injunctive Norm",-0.0582521661806976,0.0241243321215124,0.00148987011855722,0.0109284581858324,-0.00794871794871799,2.47642239372012,2.86767003613085,2.08517475130938,2.4765744511182,2.63561278680846,2.22253574657441
"relihan1399","Perinia Accetis superbacteria","Condition 1","Condition 2",-0.0571004103821325,0.0162479369430667,-0.0936043969858971,-0.0643962939717942,-0.1228125,-2.24668440871452,-0.449034459896463,-4.04433435753257,-0.221664119452621,1.26374397407479,-1.15422420177087
"relihan1399","Perinia Accetis superbacteria","Condition 1","Condition 3",-0.037176724137931,0.0161925042575838,-0.0380301622829109,0.00800217543417814,-0.0840624999999999,-0.0527057539342726,2.79011194645507,-2.89552345432361,0.776226539511096,2.50117737064577,-0.913416478829756
"relihan1399","Perinia Accetis superbacteria","Condition 2","Condition 3",0.0199236862442025,0.016135309068247,0.0555742347029862,0.0723984694059724,0.0387500000000001,2.20947416055024,3.25217093393248,1.16677738716801,1.00789961592822,1.17020263490254,0.236456818277451
"relihan1399","Influenza","Condition 1","Condition 2",-0.00200966371988207,0.0149617005326976,0.0177186785689665,0.0548123571379331,-0.019375,1.31858957113424,3.79783171930459,-1.16065257703611,0.909637017938116,2.08032316262422,-0.673838396590591
"relihan1399","Influenza","Condition 1","Condition 3",0.0167783880304985,0.0149106530033776,0.00999144989060244,0.0481078997812049,-0.028125,-0.455173769945465,2.10114954345792,-3.01149708334885,-0.683874220015311,0.579655124569518,-2.29793068240977
"relihan1399","Influenza","Condition 2","Condition 3",0.0187880517503805,0.0148698327909523,-0.00772722867836409,-0.0067044573567282,-0.00874999999999998,-1.78315928642305,-1.71437765746901,-1.85194091537709,-1.59481229885777,-1.5849302215589,-1.63618764635629
"relihan1399","COVID-19","Condition 1","Condition 2",-0.0101090596946913,0.0164063209351691,-0.0353230303564789,-0.0147085607129579,-0.0559375,-1.53684490029317,-0.280349326118994,-2.79334047446734,-0.776553527142535,0.0560326160663306,-1.49459856013669
"relihan1399","COVID-19","Condition 1","Condition 3",-0.000154579353906791,0.0163502154569984,-0.0396898684691407,0.0184327630617186,-0.0978125,-2.41802863205155,1.13682553385983,-5.97288279796292,-1.56151081540827,0.564232454242519,-3.68733115452783
"relihan1399","COVID-19","Condition 2","Condition 3",0.00995448034078546,0.0163118257789249,-0.00436683811266175,0.0331413237746765,-0.041875,-0.877971518795311,1.42147444119031,-3.17741747878094,-0.778485279412896,0.4426556276997,-2.20182300005482
"immigration","Support for Immigration","negative","positive",0.082078572237822,0.0131369733492182,0.293399989841333,0.188704741587428,0.398095238095238,16.0860048951906,8.11649430315335,24.0555154872278,8.28513045986066,1.57986278952766,12.4703189965882
"death_penalty","Favor Death Penalty","innocent","race",0.0619982337829145,0.0158399566729842,0.0168360866503897,-0.00318496955636344,0.0368571428571429,-2.85115345104138,-4.11511247694579,-1.58719442513697,-3.2182026306177,-4.10010617221036,-2.48300382307144
"patriot_act","Patriot Act Support","Con","Pro",0.196301236230528,0.0121891433840112,0.352176120514655,0.265121471798541,0.439230769230769,12.7880097373038,5.64602723914842,19.9299922354591,2.67745030543731,-4.22387260265182,6.12584935532641
"system_threat","Way of Life","craig_placebo","craig_treatment",-0.0429956476856353,0.0151582025597906,0.0804823044948614,0.0255799936051074,0.135384615384615,8.14594947477748,4.52399557403,11.767903375525,6.29726011857808,3.69231847235136,8.3472440943023
"brandtS1","coppock_dv_name","1 [1]","2 [2]",-0.160740597098536,0.00990805861180625,-0.398892478719375,-0.371951624105417,-0.425833333333333,-24.0361801389691,-21.3170950316348,-26.7552652463034,-9.94503456617057,-4.58715652397426,-10.3020601341453
"caprarielloS2","coppock_dv_name","1 [Condition A]","2 [Condition B]",-0.0421409791850221,0.0127557684691926,-0.0837199233432699,-0.01306484668654,-0.154375,-3.2596189134875,2.2794496912284,-8.79868751820341,-0.950108053153921,2.65053168252037,-4.15973163785585
"flavinS4","coppock_dv_name","1 [FLAVIN Condition 1]","2 [FLAVIN Condition 2]",-0.136272987591471,0.0114947419834265,-0.149700148591339,-0.121028204159422,-0.178372093023256,-1.16811330077941,1.32623972369535,-3.66246632525417,3.41099919446257,5.9588826838324,2.29362762367121
"gashS5","coppock_dv_name","1 [Court Prompt]","4 [No Prompt]",0.184400308839719,0.0125938186400529,0.0508449966512204,0.0181185647310121,0.0835714285714286,-10.6048305129426,-13.2034412167784,-8.0062198091068,-12.0187151972958,-13.9496342137217,-10.5625059656339
"melloS6","coppock_dv_name","1 [v1]","5 [v5]",-0.138494191024001,0.0245792264186647,-0.395981922835351,-0.43044869415555,-0.361515151515152,-10.4758273277397,-11.8780997480803,-9.07355490739917,-4.83975290523639,-4.07414695091588,-3.43959763258243
"jacobsenS7","coppock_dv_name","1 [Condition A: performance index format]","2 [Condition B: letter grade format]",0.120818564324876,0.0111024246699309,0.00807128293808362,-0.0513574341238328,0.0675,-10.1551944497449,-15.5079636716671,-4.80242522782261,-10.4055870014355,-13.5429801353612,-7.14251347741509
"piazzaS8","coppock_dv_name","1 [1]","2 [2]",-0.00736484490398774,0.0172665061232571,-0.0648356651337494,-0.0499838302674989,-0.0796875,-3.3284568296276,-2.46830395560487,-4.18860970365032,-2.00651019656568,-1.23588818901333,-2.42023804033676
"shaferS9","coppock_dv_name","1 [1]","2 [2]",-0.0130516154452332,0.00985594543775103,-0.0252420643208991,-0.00944964588317759,-0.0410344827586206,-1.23686245552589,0.365461597246574,-2.83918650829836,-0.327150367083037,0.679360526481172,-1.24414391068368
"thompsonS10","coppock_dv_name","1 [High Fear]","2 [Plain Low Fear]",-0.0163928610843965,0.013828970235182,-0.127031219406606,-0.101135609544919,-0.152926829268293,-8.00047700158735,-6.12791458939803,-9.87303941377668,-4.77572140817118,-2.92923093879122,-5.63598773962803
"turagaS11","coppock_dv_name","1 [1]","3 [3]",-0.0565797439889291,0.0175327660123027,-0.0435471649035623,-0.0177193298071247,-0.069375,0.743327041279274,2.21644514930138,-0.729791066742835,1.62182889123043,2.60604549059978,0.788141282452935
"wallaceS12","coppock_dv_name","1 [1]","2 [2]",-0.234880119171475,0.0172218904439436,-0.327404184057053,-0.480808368114105,-0.174,-5.37246855603563,-14.2799798746319,3.53504276256062,1.30216937043351,-1.81680991771568,7.41934732082405
"parmerS15","coppock_dv_name","1 [experimental group 1]","2 [experimental group 2]",-0.011590134656508,0.0132999657354808,0.00896233062647706,0.00314205255730193,0.0147826086956522,1.54530212270822,1.1076861028678,1.98291814254864,1.31882690865363,0.915387038234359,1.5558277495307
"converseS16","coppock_dv_name","1 [Self-God-American]","3 [God-Self-American]",0.06225663482278,0.0204939160058646,0.160249470967678,0.00262015405656846,0.317878787878788,4.78155742010733,-2.90996024132947,12.4730750815441,2.04856591341099,-3.02548761459475,6.53640276225632
"dennyS17","hardworking","1 [1]","2 [2]",0.0360156037376394,0.0144435991041291,-0.0251222957637247,0.0101125513296935,-0.0603571428571429,-4.23287153434536,-1.79339319938206,-6.67234986930865,-3.61704949444514,-2.18901520539713,-5.07325150053897
"pedullaS18","hiring recommendation","1 [White Male/ White Straight]","2 [Black Male/ Black Straight]",0.0144090118791055,0.0251398924827283,-0.0374244360524608,-0.00797387210492151,-0.066875,-2.06180070050725,-0.890333321807345,-3.23326807920716,-1.53613677191076,-0.794265192731329,-2.21462101603614
"berganS20","support","1 [Republican with instruction]","2 [Democrat with instruction]",0.0407577639751554,0.0176005467450659,0.000217220300907206,0.0698788850462588,-0.0694444444444444,-2.30336842721169,1.65455775283044,-6.26129460725382,-2.30230319810697,-0.194090515248041,-4.75133815690068
