family,dataset,outcome,condition.name,estimate,std.error,pred_gpt,pred_expert,cell,z_raw_gpt,z_raw_expert,recal_gpt,recal_expert,z_recal_gpt,z_recal_expert
SDC,SDC,PA,Befriending Meditation,0.05638849097395316,0.007258545030780693,0.08023333333333332,0.034378707303726205,SDC PA,3.2850719060449958,-3.0322583350922176,0.02929541889157582,0.01924792615532709,-3.732576152312352,-5.1168057318825255
SDC,SDC,PA,Correcting Policy Misperceptions Chatbot,0.031085647701032455,0.006785968330735029,0.03223333333333333,0.04752281681115617,SDC PA,0.16912628771088903,2.42222897440833,0.016546098678288528,0.039744665287607374,-2.1425901675507912,1.2760179777669267
SDC,SDC,PA,Sympathetic Personal Narratives,0.08960990530701357,0.006980958526982528,0.06813333333333332,0.04061681631612861,SDC PA,-3.076450302729896,-7.018103431143272,0.025363041771669117,0.027762233552027466,-9.20315788827852,-8.859481332819112
SDC,SDC,PA,Common National Identity,0.09046864237163595,0.006666678188799589,0.0766,0.04830019486456397,SDC PA,-2.0802927603339363,-6.325256193994401,0.027421028086777228,0.03780344142453037,-9.457125797789733,-7.899766488741905
SDC,SDC,PA,Positive Contact Video,0.10820395113921412,0.007208871870435401,0.0527,0.04498203214216466,SDC PA,-7.699394875756308,-8.770015632588985,0.02079780899323453,0.0329374525526619,-12.124801732771044,-10.440815142689763
SDC,SDC,PA,Counterfactual Partisan Selves,0.01722376391185583,0.006625212117322634,0.07713333333333335,0.041743822087083514,SDC PA,9.042664349543578,3.701022358380983,0.029572642146336765,0.03121488702558594,1.8639219417885349,2.1118000248094955
SDC,SDC,PA,Democratic Collapse Threat,0.04651401193414385,0.006797215589179988,0.052500000000000005,0.014452377225534692,SDC PA,0.880652965515002,-4.716877710874115,0.022019958367105,-0.018212944967385875,-3.603542251334387,-9.522569359807276
SDC,SDC,PA,Common Economic Interests,0.011644762153389556,0.006848705030892918,0.05516666666666666,0.041966504759062946,SDC PA,6.354764049110001,4.427368746193485,0.023483161764440742,0.03170757911901268,1.7285602982828017,2.9294321882931764
SDC,SDC,PA,Utility of Outparty Empathy,0.07292179676375635,0.007191428838464841,0.03629999999999999,0.03443387277926693,SDC PA,-5.092422880954772,-5.3519161280758025,0.016562865093590368,0.018971112871810636,-7.836958820856101,-7.502081311488386
SDC,SDC,PA,Bipartisan Joint Trivia Quiz,0.04103053230488003,0.006886810817787304,0.098,0.03203123543000425,SDC PA,8.272256811233847,-1.3067437327641311,0.03462359952764306,0.01595891088708683,-0.9303192648604637,-3.6405271004451056
SDC,SDC,PA,Outpartisans Experiences of Harm,0.018973620478505916,0.0066562196999291265,0.0523,0.04129149067899934,SDC PA,5.006802813592366,3.3529347297131826,0.022536010330146575,0.030475862425474006,0.535197155778766,1.7280442151106525
SDC,SDC,PA,Pro-Democracy Inparty Elite Cues,0.02435947969845527,0.006677198968431838,0.028,0.022170229840888105,SDC PA,0.5452166872301125,-0.32786949556504175,0.01553015349764304,4.1907404987269307e-4,-1.3223098851112753,-3.585396475642998
SDC,SDC,PA,Outpartisans Willingness to Learn,0.05407369340482587,0.007294798404724492,0.06466666666666666,0.044114357031797696,SDC PA,1.4521269367745966,-1.3652654700612414,0.025232285429514344,0.03367644050074944,-3.953694999526283,-2.7961366130236187
SDC,SDC,PA,Common Exhausted Majority Identity,0.10077547585889796,0.006916666000728543,0.07533333333333334,0.04459711691132025,SDC PA,-3.678382406044294,-8.122173159967584,0.026846873675783832,0.032726768186457034,-10.688473633876075,-9.838368321568982
SDC,SDC,PA,Correcting Oppositional Misperceptions,0.030068227479180466,0.0066406474734990225,0.0321,0.03365331671481545,SDC PA,0.3059600029858188,0.53987043431263,0.016538855732152257,0.018726447084462826,-2.0373573211076432,-1.7079329146712774
SDC,SDC,PA,Correcting Democracy Misperceptions,0.06090061125460025,0.00666144119507078,0.08886666666666666,0.04409739960714527,SDC PA,4.198198947212843,-2.522458902720441,0.03134059392105716,0.03342403832004155,-4.437480789504891,-4.124718980464819
SDC,SDC,PA,Correcting Division Misperceptions,0.0804625029711302,0.00673347905998657,0.07316666666666666,0.05136574383717929,SDC PA,-1.083516595131149,-4.321207339435751,0.02684641142123495,0.04232498833007191,-7.962613542307828,-5.663864742327475
SDC,SDC,PA,Correcting Opportunism Misperceptions,0.06137055762501445,0.006791583250668444,0.1056,0.03744464066670305,SDC PA,6.512390519638021,-3.522877667141392,0.035450365602343784,0.023792146669885227,-3.816516865948678,-5.533085521911354
SDC,SDC,PA,Moral Similarities and Differences,0.05248934552040629,0.006837137064859539,0.0494,0.04176832639616946,SDC PA,-0.451847826231893,-1.5680567791070132,0.021012155804363924,0.03032469374335633,-4.603855300462524,-3.2418030480869557
SDC,SDC,PA,Describing a Likable Outpartisan,0.05011544368445978,0.006913658829221645,0.0751,0.03997718029461451,SDC PA,3.613796534179433,-1.4664107154079318,0.02812275013200621,0.02776637433462221,-3.1810498747057148,-3.2325965023578815
SDC,SDC,PA,Reducing Outparty Electoral Threat,-0.007503188614279644,0.006666678188799589,0.003999999999999995,0.008547589077683646,SDC PA,1.7254753099685642,2.407612492669818,0.010497840652933788,-0.020628950812411156,2.7001497233594116,-1.968860926898131
SDC,SDC,PA,Party Overlap on Policies,0.03475179262884134,0.006719917070476521,0.08876666666666666,0.04900237723793471,SDC PA,8.038026879101803,2.1206488799842944,0.0323248449812758,0.04190288061033979,-0.3611573806808059,1.0641631297678136
SDC,SDC,PA,Democratic System Justification,0.0224033041054793,0.006614996969037627,0.019,0.025835141850842902,SDC PA,-0.5144830937049434,0.5187965710984863,0.012956599110090684,0.006739044558068755,-1.4280739718559474,-2.367991946289499
SDC,SDC,PA,Pro-Democracy Bipartisan Elite Cues,0.019136690378589363,0.006599785480893741,0.07100000000000001,0.03889253772353072,SDC PA,7.858332633924842,2.993407498188263,0.027768130039714845,0.02683298644935757,1.3078363965182418,1.1661433683032345
SDC,SDC,PA,Political Violence Inefficacy,0.012200054576151288,0.007116468186875811,0.039466666666666664,0.015962705307530346,SDC PA,3.8314809220675583,0.5287244504680196,0.01913593153858085,-0.009693830419795471,0.974623476181725,-3.07650992332453
SDC,SDC,ADA,Befriending Meditation,-0.0021895479872192395,0.008401496409015469,0.0653,0.028299206147517447,SDC ADA,8.033038961344745,3.628967109004516,0.02662140843783492,0.011640669694590152,3.4292648621664266,1.6461612322976746
SDC,SDC,ADA,Correcting Policy Misperceptions Chatbot,-0.007468394054665476,0.007854506422512146,0.005866666666666668,0.04416213028239563,SDC ADA,1.6977592230508514,6.573363310147738,0.010976508775113145,0.03581450690896077,2.3483210576940743,5.510581904875808
SDC,SDC,ADA,Sympathetic Personal Narratives,0.005833940172634909,0.008080200335909475,0.09411666666666667,0.042498938601081886,SDC ADA,10.925809116599709,4.53763482391679,0.035147807506220013,0.03270298964512745,3.627863928485834,3.3252949624383628
SDC,SDC,ADA,Common National Identity,0.015537096282066043,0.007716432511714298,0.06918333333333333,0.051011324160480404,SDC ADA,6.95220712030165,4.597231664316511,0.027336790957078572,0.04654477224793793,1.5291645014842599,4.018395277714048
SDC,SDC,ADA,Positive Contact Video,0.006326512236029265,0.008344001569967707,-0.0329,0.03358564707945877,SDC ADA,-4.701163093882433,3.2669139159252345,-0.002110143298378836,0.019172180280069444,-1.0111042601878073,1.5395093033389606
SDC,SDC,ADA,Counterfactual Partisan Selves,-0.015006851028067729,0.007668437073354065,0.008233333333333336,0.030353236988230732,SDC ADA,3.0306285543054132,5.915167273643494,0.012068192739333843,0.015042350037717915,3.5307121266575554,3.91855612536735
SDC,SDC,ADA,Democratic Collapse Threat,0.04343682207042429,0.007867524706622246,0.07248333333333333,0.04414137853803405,SDC ADA,3.6919504349900594,0.08955249508358326,0.027589597187430964,0.03407228148437056,-2.0142580384468847,-1.1902778745863256
SDC,SDC,ADA,Common Economic Interests,-0.015534383648568574,0.007927121823925952,0.08145,0.026001116673229022,SDC ADA,12.234501475156653,5.239669736931948,0.03184826881821747,0.00892499936622493,5.977283245953639,3.08553136410358
SDC,SDC,ADA,Utility of Outparty Empathy,-0.0074954356096207705,0.008323811908011814,0.07283333333333333,0.03157775396629155,SDC ADA,9.650478630546212,4.694146144545108,0.028951803445764413,0.016577060786781807,4.378671630038165,2.892003887453581
SDC,SDC,ADA,Bipartisan Joint Trivia Quiz,-0.0036426668810912114,0.007971227857628091,0.04848333333333333,0.02948551850624327,SDC ADA,6.539268622780919,4.155970194181862,0.02196513666165169,0.013426675118766107,3.212529361864551,2.141369222499738
SDC,SDC,ADA,Outpartisans Experiences of Harm,-0.00508276036953692,0.007704327199104628,0.06448333333333334,0.03499680872145284,SDC ADA,9.02948328972256,5.202215333695547,0.0264492477803659,0.0215077899623047,4.0927659658026165,3.4513786401662547
SDC,SDC,ADA,Pro-Democracy Inparty Elite Cues,0.005051824614359538,0.007728609923568271,0.10293333333333334,0.03872618604399965,SDC ADA,12.664827140581352,4.357104545663598,0.038128229637002395,0.02688161039774799,4.27973534047525,2.824542317347247
SDC,SDC,ADA,Outpartisans Willingness to Learn,6.185151899448165e-4,0.008443458343495738,0.07691666666666667,0.04467059194102388,SDC ADA,9.036362633978852,5.217302550561378,0.029966603298067655,0.036381062743164855,3.475837377788521,4.235533130896424
SDC,SDC,ADA,Common Exhausted Majority Identity,-0.013836294678450996,0.008005784123547473,0.04521666666666667,0.036050937882247266,SDC ADA,7.376286998724428,6.231398672612789,0.0213154278534441,0.023248593877845107,4.3907907069968415,4.632261872665045
SDC,SDC,ADA,Correcting Oppositional Misperceptions,-0.007602733393662888,0.007686302925110575,0.006516666666666664,0.03627193702363576,SDC ADA,1.8369559719280033,5.708163058986836,0.011152869851100887,0.023448953357611817,2.440133237982415,4.039872882166948
SDC,SDC,ADA,Correcting Democracy Misperceptions,0.05492316621619711,0.007710370885889831,0.06995,0.046595902715366885,SDC ADA,1.948911927350001,-1.0800081635592036,0.026633158589971305,0.03723043746499025,-3.6690851899222148,-2.2946663672930425
SDC,SDC,ADA,Correcting Division Misperceptions,0.021440502295067474,0.007793752040217177,0.06013333333333333,0.04211526730225345,SDC ADA,4.964596107061634,2.6527357940694585,0.024666209230709994,0.031673033457267415,0.41388370055876633,1.3129146410353087
SDC,SDC,ADA,Correcting Opportunism Misperceptions,-0.01848502565465684,0.007861005483888427,0.06261666666666667,0.03740634849117839,SDC ADA,10.316961677172976,7.109952315945809,0.026196831967640048,0.0253701381252381,5.6839875908845086,5.578823710246555
SDC,SDC,ADA,Moral Similarities and Differences,-0.011312888973434718,0.007913732332688113,0.08048333333333334,0.033025722947648134,SDC ADA,11.599611718935531,5.602743441036,0.03141022550583872,0.018768128202999675,5.398604941792538,3.8011163268920627
SDC,SDC,ADA,Describing a Likable Outpartisan,-0.021908872262054183,0.008002303434165598,0.027950000000000003,0.034832295093085615,SDC ADA,6.230565070699919,7.090604326859822,0.017156371912964447,0.02162626564940705,4.881749923182208,5.440325809889844
SDC,SDC,ADA,Reducing Outparty Electoral Threat,-0.018502809821220413,0.007716432511714298,-0.0314,0.024764521208503573,SDC ADA,-1.6713928566342529,5.60716768584964,0.0028779507576278986,0.007351134432781948,2.770808990604172,3.3505048109671858
SDC,SDC,ADA,Party Overlap on Policies,-0.010163254145860274,0.007778054540830637,0.10331666666666667,0.03582096568230402,SDC ADA,14.589756373758746,5.9120464618461686,0.03917033762113496,0.022831983038978553,6.34266467379731,4.242093830999955
SDC,SDC,ADA,Democratic System Justification,-0.007249202153710427,0.007656613418438355,0.09468333333333334,0.03607723181860182,SDC ADA,13.313005361035188,5.658694203885916,0.03593578904200178,0.023152093423367597,5.6402209221789645,3.9705929913957547
SDC,SDC,ADA,Pro-Democracy Bipartisan Elite Cues,0.017259530797498767,0.007639006685618656,0.11833333333333333,0.04771883251558595,SDC ADA,13.231275569652018,3.9873380102455553,0.04260981951982214,0.04074953813310553,3.3185320769581628,3.0750080870893215
SDC,SDC,ADA,Political Violence Inefficacy,0.0019279143558978238,0.00823704773661487,-0.015733333333333335,0.03511188199978974,SDC ADA,-2.144123508077336,4.028623932381062,0.0041397356103008666,0.021529024592242374,0.2685211164397138,2.379628097724234
Milkman2021,Milkman2021,main,1234a,0.019492427685997838,0.01600766071383989,0.03523809523809522,0.18418367346938774,Milkman2021 main,0.9836332636963006,10.288276889889431,0.023937803930124294,0.023018901250528863,0.2777030525317841,0.22029911975096456
Milkman2021,Milkman2021,main,1235a,0.03281311687143702,0.012634007723484166,0.02285714285714284,0.15714285714285717,Milkman2021 main,-0.7880297552603172,9.840878919229668,0.02349821782866401,0.025175980402264334,-0.7372877432596804,-0.6044904068703977
Milkman2021,Milkman2021,main,1235b,4.909097083871522e-4,0.011536182410956506,0.024761904761904742,0.23131868131868133,Milkman2021 main,2.1039018098800324,20.009025810051785,0.024149443651512944,0.020319474733191605,2.050811360321077,1.7188151433850634
Milkman2021,Milkman2021,main,1235c,0.05220413441283505,0.013945289585329429,0.05428571428571427,0.1751785714285714,Milkman2021 main,0.14926759750253313,8.818349469422749,0.023411056798514632,0.023206922874628576,-2.064717081573623,-2.0793552805609576
Milkman2021,Milkman2021,main,1235d,0.02492977503937193,0.013278320597566309,0.04380952380952381,0.17959183673469387,Milkman2021 main,1.4218476373896425,11.647712567180285,0.02395298473904808,0.023327776633297083,-0.07356278929602587,-0.12064766732386827
Milkman2021,Milkman2021,main,1236a,0.014220400958208184,0.00784559617168853,0.04857142857142856,0.1705357142857143,Milkman2021 main,4.378383345446562,19.92395605213312,0.02426787247532961,0.02436639614964506,1.28065111907984,1.2932089505255855
Milkman2021,Milkman2021,main,1236b,0.01599895669225248,0.01340639709990975,0.04285714285714284,0.15612244897959182,Milkman2021 main,2.003385843693319,10.451987304499777,0.024129643180111106,0.025716732046211697,0.6064781184135865,0.7248610705425573
Milkman2021,Milkman2021,main,1237a,0.0073853972397130725,0.012100690259526137,0.03428571428571427,0.1748051948051948,Milkman2021 main,2.2230398819459256,13.8355576396712,0.02416167921641544,0.024103092637197957,1.386390496483903,1.3815489066273767
Milkman2021,Milkman2021,main,1237b,0.02763631769724791,0.009848188743360738,0.027619047619047606,0.21183673469387757,Milkman2021 main,-0.0017536298958472404,18.703989311822472,0.023668067462484912,0.020130701938115423,-0.40294213871949147,-0.7621315913743507
Milkman2021,Milkman2021,main,1237c,0.049345023792034794,0.012005107676496823,0.0476190476190476,0.1625,Milkman2021 main,-0.1437701534627837,9.425569454032974,0.023452480667670125,0.024336012813560255,-2.156793909900215,-2.0831975566063683
Milkman2021,Milkman2021,main,1237d,-0.004266137504656756,0.012762794941978467,0.033333333333333326,0.17832792207792209,Milkman2021 main,2.946021698924317,14.306745537531407,0.024374111699638844,0.024010040122752454,2.2440421031990536,2.215516096274903
Milkman2021,Milkman2021,main,1237e,0.029628890569039366,0.011805892840863124,0.02952380952380952,0.17207792207792208,Milkman2021 main,-0.008900728360512688,12.065926180172607,0.0236570844029935,0.023923039989018933,-0.5058326588715054,-0.4833052998982905
Milkman2021,Milkman2021,main,1238a,0.02029799560614954,0.01357980048577639,0.039999999999999994,0.20901360544217687,Milkman2021 main,1.450831653564168,13.896788103307543,0.02399403863387343,0.020739909515455474,0.2721721156062022,0.03254200308530302
Milkman2021,Milkman2021,main,1238b,0.006404823219747763,0.011538306974931254,0.04571428571428569,0.19412698412698412,Milkman2021 main,3.406865719549998,16.269471883101364,0.024389843317930614,0.022469904291718332,1.55872262172068,1.392325677144353
Milkman2021,Milkman2021,main,1238c,0.04801924310769654,0.01260670422911323,0.03714285714285712,0.1651948051948052,Milkman2021 main,-0.8627461838695392,9.294702243946508,0.023393702851028483,0.02414914389930928,-1.9533686052377741,-1.8934448508169934
Milkman2021,Milkman2021,main,1238d,0.05753517230279096,0.012715466436873938,0.04380952380952379,0.2074404761904762,Milkman2021 main,-1.0794451435508317,11.789209985484343,0.02325002261570965,0.019370564098851278,-2.696334409538988,-3.0014320271622177
Milkman2021,Milkman2021,main,1239a,0.01885599336282674,0.014185536469887553,0.03999999999999999,0.14821428571428572,Milkman2021 main,1.4905327466505647,9.119027160238543,0.024023786895262862,0.026424047852490133,0.3643001830354526,0.5335049897991898
Milkman2021,Milkman2021,main,1239b,0.012619037745566126,0.015400398997396635,0.03142857142857142,0.16666666666666669,Milkman2021 main,1.2213666468112256,10.002833624449703,0.024014087770087126,0.02476447311804257,0.739919142773332,0.788644201655397
Milkman2021,Milkman2021,main,1239c,0.02235602341213655,0.011967961806231648,0.06761904761904759,0.16892857142857146,Milkman2021 main,3.7820160976234773,12.247076853145991,0.024377025900750766,0.024353562306882674,0.16886772546031117,0.16690719164110446
Milkman2021,Milkman2021,main,1239d,0.027329476451333545,0.011924264268319199,0.05047619047619047,0.1773809523809524,Milkman2021 main,1.941143998825481,12.58370936379537,0.023991091253522327,0.023483845127381206,-0.2799657171873284,-0.3225047044763631
Milkman2021,Milkman2021,main,1240c,0.025649315444566424,0.01952802061137826,0.1,0.18831168831168835,Milkman2021 main,3.807384580089606,8.32969076099523,0.0247177302519691,0.02250748950726819,-0.04770504963798149,-0.16088808998222823
Milkman2021,Milkman2021,main,1240d,0.019835247190615555,0.011183871007658216,0.09428571428571428,0.15,Milkman2021 main,6.65694973092218,11.638613564145494,0.02497113127573769,0.026212301684146913,0.45922239997272063,0.5702010054626556
Milkman2021,Milkman2021,main,1240e,0.040534505177187416,0.011056990129626989,0.06857142857142856,0.1732142857142857,Milkman2021 main,2.535674090828458,11.999629101737678,0.023783597732206556,0.023609137171332645,-1.5149608753016004,-1.5307391801412193
Milkman2021,Milkman2021,main,1241a,2.071498253511677e-4,0.011370662840480066,0.015238095238095226,0.2296031746031746,Milkman2021 main,1.3219058223442546,20.17437575944679,0.024041251321914547,0.020429569736661563,2.096104847266504,1.7784732688861093
Milkman2021,Milkman2021,main,1241b,0.029596993533734812,0.011231071121877352,0.032380952380952364,0.22166666666666668,Milkman2021 main,0.2478800834761515,17.101634478904987,0.023698089473374647,0.018936711815295843,-0.5252307635083449,-0.9491776521362664
Milkman2021,Milkman2021,main,1242a,0.0279644713285078,0.011419387057019422,0.04476190476190475,0.17775974025974023,Milkman2021 main,1.4709575347191408,13.117627783634347,0.023900345236409208,0.023436832879971416,-0.35589704349327567,-0.39648699408549015
Milkman2021,Milkman2021,main,1242b,0.046402038093663486,0.01163631864697702,-0.0523809523809524,0.16374458874458875,Milkman2021 main,-8.489196065482322,10.084164434720897,0.020876231090643113,0.0243023144816246,-2.193632520509541,-1.899202340748905
Milkman2021,Milkman2021,main,1244a,0.019178512345523507,0.011871950310321669,0.03428571428571428,0.1667063492063492,Milkman2021 main,1.2725122280082595,12.426588134601824,0.023929615776147446,0.024624289174790714,0.4001956971209062,0.4587095369269326
Milkman2021,Milkman2021,main,1244b,0.0035407840793640296,0.017612283390138594,0.04476190476190475,0.21320861678004535,Milkman2021 main,2.3404756651611174,11.904636557124544,0.024433495330479327,0.021175372894763945,1.1862579535151851,1.0012664698135512
Milkman2021,Milkman2021,main,1244c,0.03643976944450599,0.01104989960106931,0.018095238095238088,0.21683673469387754,Milkman2021 main,-1.6601536675946524,16.325665550111815,0.023352568256790173,0.019106906635293058,-1.1843728595008551,-1.56859912170927
Milkman2021,Milkman2021,main,1244d,0.02949442409673114,0.01030024889206362,0.04476190476190475,0.14968253968253967,Milkman2021 main,1.4822438588777465,11.668467125917113,0.023866947557591098,0.02592503138897517,-0.5463437435454624,-0.3465346075769295
Milkman2021,Milkman2021,main,1245a,0.022110827638444897,0.012810004441708777,0.08666666666666664,0.20714285714285713,Milkman2021 main,5.039486076837799,14.444337653932154,0.024705238398150465,0.020840186995493316,0.20253004372569047,-0.09919127262863658
Milkman2021,Milkman2021,main,1245b,0.034690018708087876,0.012320867007142295,0.047619047619047616,0.15535714285714283,Milkman2021 main,1.049360317213464,9.793720204844782,0.023785547514950343,0.02527810174989674,-0.885040897431675,-0.7639005398512243
Milkman2021,Milkman2021,main,1246a,0.02159852477911726,0.013201537548060511,0.04666666666666667,0.1740612244897959,Milkman2021 main,1.898880474815016,11.548859301852877,0.02406844559239908,0.023897677857445333,0.18709342031486953,0.1741579774293676
Milkman2021,Milkman2021,main,1246b,0.011819175930247849,0.01113005251974766,0.043809523809523805,0.16941558441558444,Milkman2021 main,2.874231529682058,14.15953861904235,0.024235645137678726,0.02451923934040159,1.1155804687714432,1.141060510507068
Milkman2021,Milkman2021,main,1246c,0.018438848169475403,0.010999047696483534,0.03333333333333331,0.18928571428571428,Milkman2021 main,1.3541613396785044,15.532878011871857,0.023929759458966166,0.022583693407485637,0.49921697232445333,0.37683673645086274
Milkman2021,Milkman2021,main,1247a,0.03822093003758907,0.010680378454793528,0.05047619047619047,0.16714285714285712,Milkman2021 main,1.147455634692518,12.070913746263907,0.023732313576164937,0.0241905253253429,-1.356563957237059,-1.3136617556795562
Milkman2021,Milkman2021,main,1247b,0.01589302877105325,0.013755056707382371,0.06380952380952379,0.20170068027210883,Milkman2021 main,3.483554888781639,13.508315920015958,0.024512688747070133,0.021561312909415004,0.6266539033162031,0.4120872969807223
Milkman2021,Milkman2021,main,1249a,0.0135881188682904,0.017362167707299276,0.0257142857142857,0.2126984126984127,Milkman2021 main,0.6984247042434284,11.46805497947205,0.023910692661792788,0.020721695235136946,0.5945440665892571,0.4108689932679029
Milkman2021,Milkman2021,main,1249b,0.023923939424255147,0.012448303375686701,0.03047619047619047,0.166156462585034,Milkman2021 main,0.5263569543728182,11.425856108116639,0.023780947277952522,0.024576059006176064,-0.011486878330898346,0.05238622181996297
Milkman2021,Milkman2021,main,1250a,0.04895949537486116,0.01010758387804939,0.016190476190476175,0.07714285714285715,Milkman2021 main,-3.2420229779689853,2.788338153611736,0.02306879719625188,0.028188198189911744,-2.5615120775634654,-2.055021005569727
Milkman2021,Milkman2021,main,1250c,0.03968849635173972,0.011102088044480304,0.04285714285714285,0.19974489795918368,Milkman2021 main,0.28540996006408986,14.41678366863792,0.023624937536877177,0.020981057980209068,-1.4468952822662005,-1.685037832214954
Milkman2021,Milkman2021,main,1251a,0.008836265150328638,0.00705295589658446,-0.18380952380952384,0.0992063492063492,Milkman2021 main,-27.314191636040885,12.813079421038795,0.02753330131653416,0.033910996576177514,2.650950387377291,3.555208878874719
Milkman2021,Milkman2021,main,1251b,0.030420078437526903,0.01201944253162886,-0.13523809523809527,0.12045454545454547,Milkman2021 main,-13.782517220719416,7.490735679304188,0.01883957247351499,0.028508436781255645,-0.9634811209869428,-0.15904578363271185
Milkman2021,Milkman2021,main,1252a,0.03365487606094428,0.011824648128429769,-9.523809523809638e-4,0.1285714285714286,Milkman2021 main,-2.926705017980171,8.027008624660747,0.023072714921716322,0.027551458850452223,-0.8949239778040814,-0.5161605778203013
Milkman2021,Milkman2021,main,1252b,0.009445313992893537,0.012025295177975598,0.003809523809523798,0.14489795918367346,Milkman2021 main,-0.4686612760817484,11.263976741199857,0.02373228320460467,0.027126701953160432,1.188076384010748,1.4703496004530903
Milkman2021,Milkman2021,main,1253b,0.005013817014457857,0.011436412475167163,-0.08380952380952383,0.15352380952380953,Milkman2021 main,-7.766713645284413,12.985714954914737,0.024362289717745265,0.026297900049583357,1.6918306108056491,1.8610803939908087
Milkman2021,Milkman2021,main,1253c,0.03988924220191831,0.011827948339459328,-0.08285714285714287,0.1812925170068027,Milkman2021 main,-10.377656507812587,11.955012885298766,0.019924806802534813,0.022873522592406048,-1.6879034999485039,-1.438602800854816
Milkman2021,Milkman2021,main,1253d,0.01086835570552761,0.010794602817933421,0.034285714285714274,0.18142857142857144,Milkman2021 main,2.169358055609295,15.800508698632862,0.024093141996466724,0.02344008565733625,1.2251294942476578,1.1646310812772862
Milkman2021,Milkman2021,main,1255a,0.01686826885890105,0.011224737989023717,0.04571428571428571,0.1239795918367347,Milkman2021 main,2.5698610411746072,9.542434138112988,0.02415845853006043,0.02922094766156096,0.6494752642144703,1.10048705054311
Milkman2021,Milkman2021,main,1255b,0.018748834272674347,0.011817332253188704,0.03238095238095237,0.20238095238095238,Milkman2021 main,1.15356984268591,15.53921935796703,0.023909391915287015,0.021404346053932963,0.436693962059007,0.22471330452286065
Milkman2021,Milkman2021,main,1257a,0.015510509537660847,0.013587521574400668,0.029523809523809508,0.21726190476190474,Milkman2021 main,1.0313359879074764,14.848285179863124,0.02392940906692158,0.020234852221515765,0.6196052372878815,0.34769716154532065
Milkman2021,Milkman2021,main,1257b,0.017466261408992777,0.011756829115669764,0.030476190476190473,0.1833791208791209,Milkman2021 main,1.106584857124254,14.112041421865678,0.0239058205304215,0.023133127799148535,0.5477292438354773,0.48200635855145946
Milkman2022,Milkman2022,main,More_Americans_are_getting_flu_shot_than_in_the_past,0.0267,0.003484268051375279,0.021333333333333336,0.017916666666666914,Milkman2022 main,-1.540256543852412,-2.52085465406894,0.019440606348481947,0.020371121498154503,-2.083477374438138,-1.8164155020585804
Milkman2022,Milkman2022,main,45p_of_Americans_get_the_flu_shot_more_than_in_the_past,0.023799999999999988,0.003484366227474567,0.012799999999999988,-0.013333333333333086,Milkman2022 main,-3.1569586208429894,-10.657126980663836,0.017181862176977817,0.022928136004082566,-1.8993806594833544,-0.25022168710128384
Milkman2022,Milkman2022,main,Reminder_to_get_a_flu_shot,0.02699999999999997,0.0034985170753102355,0.014866666666666663,0.006666666666666932,Milkman2022 main,-3.4681360908485392,-5.811986306092261,0.01753481299144049,0.02120914637150913,-2.7054854399188955,-1.655230917510193
Milkman2022,Milkman2022,main,Think_about_risk_of_catching_the_flu_at_specific_locations,0.009199999999999986,0.0036450038359262596,0.00473333333333333,0.010833333333332917,Milkman2022 main,-1.2254216642083717,0.44810195183728047,0.017209092931356806,0.021893843766636046,2.19727969897227,3.4825323478460293
Milkman2022,Milkman2022,main,Think_about_risk_of_catching_the_flu,0.012999999999999984,0.0036437535249783594,0.008466666666666654,0.00916666666666699,Milkman2022 main,-1.2441383047060666,-1.0520287135381257,0.017317322095188995,0.021884997992554143,1.1848556894952582,2.4384190455381933
Milkman2022,Milkman2022,main,People_who_get_flu_shots_are_less_likely_to_get_the_flu,0.01679999999999998,0.0036583214634122825,0.041466666666666645,0.010416666666666963,Milkman2022 main,6.742618688205422,-1.744880376744966,0.025509521475923204,0.02153549010344739,2.3807425244143134,1.294443408215527
Milkman2022,Milkman2022,main,People_who_get_flu_shots_are_healthier_wealthier_more_educated,0.012299999999999978,0.003648662418708459,0.03386666666666666,0.02666666666666695,Milkman2022 main,5.910841889916684,3.93751600394767,0.02346311047933513,0.020843294982422513,3.0595076217784576,2.341486825039479
Milkman2022,Milkman2022,main,Get_a_flu_shot_to_avoid_getting_the_flu_or_spreading_it_to_others,0.0252,0.0034816736811059336,0.027599999999999993,0.019999999999999907,Milkman2022 main,0.6893236471367548,-1.4935345687963335,0.021113443971901628,0.020236587930508997,-1.1737332106322789,-1.4255822124933903
Milkman2022,Milkman2022,main,Commit_to_getting_flu_shot,0.023499999999999965,0.0034777108564973493,0.032799999999999996,0.030833333333332935,Milkman2022 main,2.6741728636309703,2.108666774189184,0.02247555998625906,0.018994392636388146,-0.2945730844261999,-1.2955669834351147
Milkman2022,Milkman2022,main,Protect_others_by_getting_a_flu_shot,0.021499999999999964,0.0036627838484130496,0.043666666666666666,0.007083333333332997,Milkman2022 main,6.051863168576194,-3.935986196104141,0.02562254029961598,0.02156714398948068,1.125521043618821,0.01833140918479419
Milkman2022,Milkman2022,main,Protect_yourself_by_getting_a_flu_shot,0.0257,0.0036737410310772635,0.03293333333333333,0,Milkman2022 main,1.9689284770331983,-6.995593805495839,0.022375258626842223,0.021646965202733563,-0.9050015624489604,-1.1032445572457654
Milkman2022,Milkman2022,main,Protect_others_avoid_unnecessary_COVID19_exposure,0.02939999999999998,0.0036848832836636762,0.05473333333333333,0.01291666666666691,Milkman2022 main,6.874935074780933,-4.473230782209363,0.02715554548690574,0.02068960615592269,-0.6090978574666558,-2.3638181113343233
Milkman2022,Milkman2022,main,Protect_yourself_avoid unnecessary_COVID19_exposure,0.02749999999999997,0.0036843505810202136,0.04619999999999999,0.010416666666666963,Milkman2022 main,5.075521340540266,-4.636728497374035,0.025395532671507792,0.020959850219250387,-0.5711908468573151,-1.775116031151027
Milkman2022,Milkman2022,main,Flu_shot_waiting_for_you_encourage_others_to_get_flu_shot,0.028799999999999992,0.0034914424901990168,0.03293333333333332,0.02749999999999997,Milkman2022 main,1.1838468899133217,-0.3723389411824228,0.022187402607902418,0.018832825394573968,-1.8939442395686281,-2.854744030126609
Milkman2022,Milkman2022,main,Flu_shot_waiting_for_you,0.03160000000000002,0.0036915061729761328,0.03326666666666665,0.00916666666666699,Milkman2022 main,0.4514868968302309,-6.077013631334938,0.02208949986768689,0.020798504452879733,-2.5763197152249804,-2.9260402234169907
Milkman2022,Milkman2022,main,Do_others_a_favor_by_getting_the_flu_shot,0.011899999999999994,0.00365096272740302,0.030799999999999987,0.031666666666666954,Milkman2022 main,5.176716776137516,5.414097086859953,0.022604255228403074,0.020984902824812694,2.9318993448112147,2.4883581408882023
Milkman2022,Milkman2022,main,Do_yourself_a_favor_by_getting_flu_shot,0.013299999999999979,0.0036518009894034704,0.013333333333333332,0.005416666666666958,Milkman2022 main,0.009127916178915056,-2.15875217631199,0.01836987811134195,0.02237263692250366,1.3883226731285119,2.484428080508768
Milkman2022,Milkman2022,main,Share_a_joke_about_the_flu,0.020000000000000018,0.003669616131116192,0.0228,0.022499999999999964,Milkman2022 main,0.7630225887273674,0.6812701685065676,0.020171887760672427,0.020342216421598915,0.0468408014710046,0.09325673568336018
Milkman2022,Milkman2022,main,Receive_a_joke_about_the_flu,0.020699999999999996,0.0036764426721418433,0.02773333333333332,0.02833333333333299,Milkman2022 main,1.9130811930315794,2.076282432247453,0.021363323235122095,0.019734753042233398,0.18042528995444843,-0.26254916609491397
Milkman2022,Milkman2022,main,Come_back_and_get_your_flu_shot,0.022899999999999976,0.003670552052021522,0.019399999999999994,0.009583333333332944,Milkman2022 main,-0.9535350406139562,-3.627973797383694,0.019141192861368204,0.021273696629213495,-1.0240440907415125,-0.4430677859181452
Milkman2022,Milkman2022,main,Get_a_flu_shot_to_avoid_getting_sick_reminder_of_previous_sickness,0.01589999999999997,0.003465912309584953,0.008333333333333342,0.027083333333333015,Milkman2022 main,-2.1831673714713067,3.2266636701700806,0.01685830405911665,0.020421405692351173,0.2764940291381574,1.3045355128712552
Milkman2022,Milkman2022,main,Get_a_flu_shot_to_avoid_getting_sick,0.01479999999999998,0.003465335127822809,0.013066666666666659,0.00458333333333294,Milkman2022 main,-0.500192122665589,-2.9482477999424948,0.018161084065542614,0.022371042273232816,0.9699160230007325,2.1847936762149605
Dellavigna,Dellavigna,main,Increasing service-member savings plan re-enrollment_Treatment,0.052000000000000005,0.0022959182999999998,0.019999999999999997,0.041694642963508756,Dellavigna main,-13.937778186619276,-4.488555640891598,0.01736720431132339,0.019030397160741043,-15.084507009102463,-14.360094102328887
Dellavigna,Dellavigna,main,Encouraging utilities customers to enroll in AutoPay and ebill using bill inserts_Treatment,0.0016,0.002155951,0.014799999999999987,0.03176616146911236,Dellavigna main,6.122588129322041,13.992044099848446,0.021731341604745744,0.021230494739060423,9.337569177010861,9.105260156218959
Dellavigna,Dellavigna,main,Encouraging flu vaccine uptake among Medicare beneficiaries_Treatment,0.004,0.0027174273,0.015799999999999995,0.06877447565952381,Dellavigna main,4.342342479594577,23.83669129235723,0.02160664126053294,0.031011408085505957,6.479158158355493,9.940066505369236
Dellavigna,Dellavigna,main,Increasing and diversifying applications to the police department_Treatment,0.0014000000000000002,4.8805889999999996e-4,-0.06453333333333333,0.021393993272651714,Dellavigna main,-135.09298433720465,40.96635318534651,0.010888831469260845,0.01916555434790468,19.441980198006522,36.40043107072667
Dellavigna,Dellavigna,main,Increasing turnout at the 2017 coordinated election_Treatment,0.0129,0.0039599323,0.0512,0.04353922894233728,Dellavigna main,9.671882521829982,7.737311302604157,0.027618300142431322,0.0229211464658606,3.716806002575176,2.5306358055314733
Dellavigna,Dellavigna,main,Using behavioral insights to encourage animal license renewals_Treatment,0.0115,0.0150339472,0.03526666666666666,0.030339545119384477,Dellavigna main,1.5808667112165102,1.2531336493841403,0.024402022662294187,0.01971464614434154,0.85819262836669985,0.5464064782894502
Dellavigna,Dellavigna,main,Encouraging voluntary code violation compliance for blighted properties_Treatment,0.03,0.0364787054,0.05133333333333335,0.09426997941314127,Dellavigna main,0.5848160755544068,1.761849240766677,0.02619611325948165,0.03624843065318059,-0.10427691166140857,0.17128981373282487
Dellavigna,Dellavigna,main,Encouraging Residents to Access Domestic Violence Resources_Treatment,-0.0040999999999999995,0.0011569729,0.07473333333333333,0.019509502882382977,Dellavigna main,68.13757982864884,20.406271298474646,0.0364136236139338,0.019818985272650316,35.016916657195516,20.67376450446706
Dellavigna,Dellavigna,main,Using active choice and social norms to increase charitable giving_Treatment,0.005,0.0012420232000000002,0.04753333333333333,0.0356159423859925,Dellavigna main,34.24520035803947,24.650056767049517,0.027448465216384867,0.02170672785936443,18.07411102818761,13.451220443679656
Dellavigna,Dellavigna,main,Using Enhanced-Active-Choice to increase take-up of free annual physical examination_Treatment,0.027000000000000003,0.0059184456,0.06979999999999999,0.13493956040550065,Dellavigna main,7.231628520839997,18.237822512975477,0.03037700991858081,0.07337721631798527,0.5705906832329093,7.836046734633376
Dellavigna,Dellavigna,main,Reducing Summer Melt_Treatment,0.031,0.0137755096,0.09273333333333333,0.046061965603795316,Dellavigna main,4.481382912566323,1.093387180667009,0.0352312345716465,0.022118655128593474,0.3071563008926001,-0.6447198781964862
Dellavigna,Dellavigna,main,Increasing engagement with Track-Your-Ballot service_Treatment,0.0818,0.042768302,0.04026666666666666,0.04789999918842858,Dellavigna main,-0.9711242062715826,-0.7926431311575433,0.01999237606991988,0.018634347619205342,-1.4451736692768424,-1.476926822598537
Dellavigna,Dellavigna,main,Increasing Online License Plate Renewals_Treatment,0.068,0.0055497152,0.0699333333333333,0.07121730757753054,Dellavigna main,0.3483662248710169,0.5797248077758188,0.024851376876114786,0.02483254534664869,-7.774925661750213,-7.778318904247791
Dellavigna,Dellavigna,main,Increasing Property Code Compliance_Treatment,0.019,0.010347249499999999,0.041666666666666664,0.04575919648676014,Dellavigna main,2.1905982518993734,2.5861168696821455,0.02510851988334233,0.023003826668028648,0.5903520431533356,0.38694598675992575
DellavignaPope,DellavignaPope,main,piece_rate_4c,611,40.906347918141016,99.80000000000003,536,DellavignaPope main,-12.496837924103575,-1.8334562682076843,372.8678378514015,590.8854303614086,-5.821398738042621,-0.49172245048233915
DellavignaPope,DellavignaPope,main,pay_enough_or_dont_pay,362,42.35380738493294,117.20000000000002,136,DellavignaPope main,-5.779881789023903,-5.33600197842893,420.77876740186576,17.260773267935612,1.3878036245396885,-8.139509716302456
DellavignaPope,DellavignaPope,main,charity_1c,386,41.18537847343399,219.8,373,DellavignaPope main,-4.035412715879369,-0.3156460006403839,622.1209621456524,415.5859409465459,5.7331259514334345,0.7183603026892149
DellavignaPope,DellavignaPope,main,charity_10c,397,40.59159765271626,211.66666666666666,476,DellavignaPope main,-4.565805340281585,1.9462155856955676,598.7042235466096,545.6517601356186,4.9691127033801825,3.662131296417974
DellavignaPope,DellavignaPope,main,gift_exchange,81,43.14586654593925,17.266666666666683,188,DellavignaPope main,-1.477159654806648,2.4799594623061405,307.46774747869387,253.17335037741046,5.248886292214435,3.9904946675271926
DellavignaPope,DellavignaPope,main,discounting_two_weeks,483,41.53284603780482,117.13333333333333,412,DellavignaPope main,-8.809092117926147,-1.7094903618060033,412.0170122759513,454.9501580187992,-1.7090807516402131,-0.6753652748879465
DellavignaPope,DellavignaPope,main,discounting_four_weeks,449,42.40112380586156,100.13333333333333,374,DellavignaPope main,-8.227769345548316,-1.7688210421826591,385.9209570270226,412.2667323992215,-1.4876738470846214,-0.8663276890717805
DellavignaPope,DellavignaPope,main,gain_frame_40c,615,39.7923170976509,196.4,434,DellavignaPope main,-10.519618623181701,-4.54861674819849,526.9279352095211,469.35703664342435,-2.2132931986430644,-3.6600774717181155
DellavignaPope,DellavignaPope,main,loss_frame_80c,634,38.83891090131133,215.8,481,DellavignaPope main,-10.767552186585133,-3.9393483609457807,554.8219769073715,519.6737567002458,-2.038626245051458,-2.9436006480782697
DellavignaPope,DellavignaPope,main,gain_frame_80c,667,38.77954357647857,214.46666666666667,486,DellavignaPope main,-11.669382658949445,-4.6674092396947175,545.2239613680412,520.4440256548651,-3.1402133032277657,-3.7792083358615733
DellavignaPope,DellavignaPope,main,probability_1pct,375,42.23915837229715,60.53333333333335,446,DellavignaPope main,-7.444908440053386,1.6809047039764375,323.3582642477545,506.79593038883434,-1.2226033316543328,3.1202309768386303
DellavignaPope,DellavignaPope,main,probability_50pct,456,39.83573521349895,89.66666666666669,420,DellavignaPope main,-9.196098211065417,-0.9037111981756734,367.29898486303676,466.6951644912438,-2.2266694630228776,0.26848166436299625
DellavignaPope,DellavignaPope,main,social_comparisons,327,44.81397661444474,40.46666666666667,356,DellavignaPope main,-6.393838596349336,0.6471195415104609,293.0380528742117,399.7552451825301,-0.7578427466497463,1.6234945139655184
DellavignaPope,DellavignaPope,main,ranking,240,43.743682972516154,12.466666666666672,329,DellavignaPope main,-5.201512947053199,2.034579485589224,258.6191349168832,375.52226419109434,0.4256416847338038,3.0980990849865573
DellavignaPope,DellavignaPope,main,task_significance,219,42.4552764683025,76.93333333333334,236,DellavignaPope main,-3.3462664357570477,0.400421370773368,367.8496068996683,270.29956647544145,3.506033154931891,1.2083201604809282
Allen2023,Allen2023,main,exp2_id_1,-0.008472625342471713,0.012716916760269774,0.06672847222222222,NA,Allen2023 main,5.9134693560028175,NA,0.002243288396280086,NA,0.8426503012294998,NA
Allen2023,Allen2023,main,exp2_id_10,-0.0022858842673089443,0.013079183138331531,0.06775972222222224,NA,Allen2023 main,5.355503149447196,NA,0.0022158131154892177,NA,0.34418796152528136,NA
Allen2023,Allen2023,main,exp2_id_11,-2.957221240161788e-4,0.01223206029498398,0.06772847222222222,NA,Allen2023 main,5.561139555053796,NA,0.0021750815345685853,NA,0.2019940712357321,NA
Allen2023,Allen2023,main,exp2_id_12,0.005314057197799406,0.01260343761431208,0.09535347222222224,NA,Allen2023 main,7.144036236762644,NA,0.004425247382188266,NA,-0.07052122149609681,NA
Allen2023,Allen2023,main,exp2_id_13,-0.01570502271455656,0.013073867262830647,0.07775972222222222,NA,Allen2023 main,7.148974596254433,NA,0.0033752174305173017,NA,1.4594182242709082,NA
Allen2023,Allen2023,main,exp2_id_14,-0.006539781968047259,0.011859605902260767,-0.04177152777777778,NA,Allen2023 main,-2.9707349552833273,NA,-0.0070740309647296246,NA,-0.045047786670594406,NA
Allen2023,Allen2023,main,exp2_id_15,-0.016396071905152017,0.012440332488870911,0.04616597222222221,NA,Allen2023 main,5.028968814406052,NA,5.667054499372277e-4,NA,1.3635308678657987,NA
Allen2023,Allen2023,main,exp2_id_16,1.3616594538031312e-4,0.013473800015398496,0.06704097222222222,NA,Allen2023 main,4.965548412502778,NA,0.002107683637641176,NA,0.14632232109781346,NA
Allen2023,Allen2023,main,exp2_id_17,-0.009496214056465939,0.0126577037463745,-0.17855277777777778,NA,Allen2023 main,-13.3560215271853,NA,-0.019174011174928337,NA,-0.7645776289585205,NA
Allen2023,Allen2023,main,exp2_id_18,-0.007178566266547919,0.013269490070652217,-0.051740277777777774,NA,Allen2023 main,-3.358208286374608,NA,-0.007915139235043273,NA,-0.05550876217349248,NA
Allen2023,Allen2023,main,exp2_id_19,0.0010357656464296168,0.012291040463690695,0.015103472222222225,NA,Allen2023 main,1.1445496918955242,NA,-0.0023291100526258587,NA,-0.2737665463713791,NA
Allen2023,Allen2023,main,exp2_id_2,-9.573052584710219e-4,0.012235950339709745,0.06697847222222221,NA,Allen2023 main,5.552145570599364,NA,0.0021230091310117747,NA,0.25174296266029683,NA
Allen2023,Allen2023,main,exp2_id_20,-0.0053622733141813475,0.012831508364992377,0.00560347222222222,NA,Allen2023 main,0.8545952061505812,NA,-0.0030625376350655064,NA,0.17922566963289413,NA
Allen2023,Allen2023,main,exp2_id_21,-0.04130429973921313,0.013917738490955537,-0.19817777777777779,NA,Allen2023 main,-11.271477628388341,NA,-0.01845269381499375,NA,1.6419051082953982,NA
Allen2023,Allen2023,main,exp2_id_22,-0.017205835504724154,0.013266978169560566,-0.09949027777777777,NA,Allen2023 main,-6.202199266585443,NA,-0.011763332738193567,NA,0.41022926976828333,NA
Allen2023,Allen2023,main,exp2_id_23,0.010348238568249866,0.011721935930738916,0.08900972222222221,NA,Allen2023 main,6.71062221451792,NA,0.0037556484604713593,NA,-0.5624147876879694,NA
Allen2023,Allen2023,main,exp2_id_24,-0.025224376578506312,0.012950510093779,-0.08627152777777779,NA,Allen2023 main,-4.713880052384695,NA,-0.010456360517720616,NA,1.1403424231049992,NA
Allen2023,Allen2023,main,exp2_id_25,-3.2280474533564037e-4,0.013402708877026432,0.08425972222222222,NA,Allen2023 main,6.310853107653534,NA,0.003607093793604464,NA,0.2932167351389941,NA
Allen2023,Allen2023,main,exp2_id_26,-0.0011567857453523053,0.013403369764286998,0.06697847222222222,NA,Allen2023 main,5.0834423854454505,NA,0.0021267856468797433,NA,0.2449810346187014,NA
Allen2023,Allen2023,main,exp2_id_27,0.008208121636478797,0.012285383847738678,0.07094722222222222,NA,Allen2023 main,5.1068083312098995,NA,0.0022835766694526815,NA,-0.4822433747657484,NA
Allen2023,Allen2023,main,exp2_id_28,-0.007279394446058045,0.013402775299812248,0.06957222222222223,NA,Allen2023 main,5.734007692373746,NA,0.0024704900403490168,NA,0.7274526557603068,NA
Allen2023,Allen2023,main,exp2_id_29,0.008957297978850882,0.011809465348440563,0.05585347222222223,NA,Allen2023 main,3.9710666706485553,NA,0.0010018379125615508,NA,-0.6736511629918832,NA
Allen2023,Allen2023,main,exp2_id_3,-0.011330817188959768,0.012829911994284507,-0.024459027777777788,NA,Allen2023 main,-1.023250244792513,NA,-0.005542641403132082,NA,0.45114695941844446,NA
Allen2023,Allen2023,main,exp2_id_30,-0.005565307064325231,0.012492747185486153,0.03632222222222223,NA,Allen2023 main,3.3529478076056507,NA,-4.4039221100087444e-4,NA,0.4102312147386117,NA
Allen2023,Allen2023,main,exp2_id_31,-0.00826255012148872,0.012600940824088752,0.12588472222222225,NA,Allen2023 main,10.64581400836885,NA,0.0076074904830958886,NA,1.2594329920386929,NA
Allen2023,Allen2023,main,exp2_id_32,-0.005107054475602196,0.011766715711554044,-0.09205277777777778,NA,Allen2023 main,-7.389124156097467,NA,-0.011448862173797104,NA,-0.5389615805851179,NA
Allen2023,Allen2023,main,exp2_id_33,0.0079555814090996,0.012285740167011451,-0.0023340277777777856,NA,Allen2023 main,-0.8375245648207753,NA,-0.0038864503824461304,NA,-0.9638842780789775,NA
Allen2023,Allen2023,main,exp2_id_34,-0.008832942129877402,0.012657337786497998,-0.11617777777777777,NA,Allen2023 main,-8.480838345201521,NA,-0.013470577927969471,NA,-0.3663989913454936,NA
Allen2023,Allen2023,main,exp2_id_35,0.022540164374490086,0.01277133983982999,0.06935347222222221,NA,Allen2023 main,3.6654969983443255,NA,0.0018700243665527834,NA,-1.6184785830749973,NA
Allen2023,Allen2023,main,exp2_id_36,-0.001104167226391781,0.01260149917324388,-0.11824027777777776,NA,Allen2023 main,-9.295410723836344,NA,-0.01392904956408616,NA,-1.017726713415559,NA
Allen2023,Allen2023,main,exp2_id_37,-0.0026761947939920256,0.01249198670368961,-0.019865277777777777,NA,Allen2023 main,-1.376008747968713,NA,-0.005257332929595718,NA,-0.20662350968091667,NA
Allen2023,Allen2023,main,exp2_id_38,-0.010302406274703142,0.012135273831223146,0.048540972222222215,NA,Allen2023 main,4.848953498315446,NA,6.826299939569343e-4,NA,0.9052153599036559,NA
Allen2023,Allen2023,main,exp2_id_39,0.028554486257227965,0.011811618188966215,0.09594722222222221,NA,Allen2023 main,5.705631090238673,NA,0.003845176188790349,NA,-2.091949610386131,NA
Allen2023,Allen2023,main,exp2_id_4,4.733990014464631e-6,0.012771071745258067,0.09985347222222223,NA,Allen2023 main,7.818352306201855,NA,0.004963891153787041,NA,0.388311745693068,NA
Allen2023,Allen2023,main,exp2_id_40,0.012603280693582625,0.012182889267239896,-0.06792777777777778,NA,Allen2023 main,-6.6101773319002834,NA,-0.009681832292714696,NA,-1.829214113126889,NA
Allen2023,Allen2023,main,exp2_id_41,0.005635733476871708,0.01228913276756035,0.042478472222222216,NA,Allen2023 main,2.99799338506655,NA,-7.218817474542968e-5,NA,-0.46446903614585006,NA
Allen2023,Allen2023,main,exp2_id_42,0.01572770773205799,0.01249288786045634,0.052447222222222215,NA,Allen2023 main,2.9392334983164523,NA,6.082748552360581e-4,NA,-1.210243223640819,NA
Allen2023,Allen2023,main,exp2_id_43,-0.006253200397347204,0.012232816880009071,0.021447222222222215,NA,Allen2023 main,2.2644353210941612,NA,-0.0017036917490758207,NA,0.37191014080380885,NA
Allen2023,Allen2023,main,exp2_id_44,0.01017121538704935,0.011945745664431882,0.022603472222222233,NA,Allen2023 main,1.0407267310394508,NA,-0.001803872245217584,NA,-1.0024562692576335,NA
Allen2023,Allen2023,main,exp2_id_45,0.0039171011779492145,0.012038191116903685,0.03947847222222222,NA,Allen2023 main,2.9540460604865078,NA,-3.0136332018442663e-4,NA,-0.35042345292310517,NA
Allen2023,Allen2023,main,exp2_id_46,0.01040019042864671,0.012334179572752575,0.09425972222222222,NA,Allen2023 main,6.798954993231129,NA,0.0041960198272589285,NA,-0.5030063462910341,NA
Allen2023,Allen2023,main,exp2_id_47,-9.205645426190998e-4,0.013204446856658105,0.022478472222222212,NA,Allen2023 main,1.772057324237158,NA,-0.0016802058742498335,NA,-0.05752920511378318,NA
Allen2023,Allen2023,main,exp2_id_48,0.0018670486685695483,0.012601970768638629,0.03044722222222221,NA,Allen2023 main,2.2679130176033673,NA,-0.001038718867359776,NA,-0.23058040597591625,NA
Allen2023,Allen2023,main,exp2_id_49,-0.006013685486600386,0.013137512663550281,0.013759722222222225,NA,Allen2023 main,1.5051104585180317,NA,-0.0023615560761034546,NA,0.2779924559562693,NA
Allen2023,Allen2023,main,exp2_id_5,0.0010243560358426272,0.012713742298931878,0.10425972222222223,NA,Allen2023 main,8.11998259513666,NA,0.005322011646905354,NA,0.3380323047309042,NA
Allen2023,Allen2023,main,exp2_id_50,0.0030935238015556642,0.012658639407442576,-0.05042777777777778,NA,Allen2023 main,-4.228045357533914,NA,-0.007963117169171936,NA,-0.873446238165763,NA
Allen2023,Allen2023,main,exp2_id_51,-0.019685025977723564,0.012715344355807887,-0.04761527777777777,NA,Allen2023 main,-2.1965784817535616,NA,-0.00737401489362509,NA,0.9682011544166534,NA
Allen2023,Allen2023,main,exp2_id_52,-0.011628735926942484,0.012832840473897015,-0.024115277777777784,NA,Allen2023 main,-0.9730146553472621,NA,-0.00550994214135574,NA,0.4768074377635132,NA
Allen2023,Allen2023,main,exp2_id_53,-0.0013395059239848896,0.012714494096620739,0.10394722222222222,NA,Allen2023 main,8.280842898357257,NA,0.005365354168946033,NA,0.5273399037334047,NA
Allen2023,Allen2023,main,exp2_id_54,0.008744589215701197,0.012773563492146568,-0.06924027777777778,NA,Allen2023 main,-6.105177074621782,NA,-0.009725897078252813,NA,-1.4459932269730382,NA
Allen2023,Allen2023,main,exp2_id_55,-0.012375131824790555,0.014151573854053974,-0.09836527777777779,NA,Allen2023 main,-6.076366264262106,NA,-0.011803462131572571,NA,0.040396191908663094,NA
Allen2023,Allen2023,main,exp2_id_56,-0.05170139003183424,0.012135434284845339,-0.0823027777777778,NA,Allen2023 main,-2.521655758472393,NA,-0.009525916592368766,NA,3.475398774326022,NA
Allen2023,Allen2023,main,exp2_id_57,-0.0026726359380313054,0.012284820430246535,0.003447222222222222,NA,Allen2023 main,0.4981642340644871,NA,-0.0032759982945728826,NA,-0.04911446284196673,NA
Allen2023,Allen2023,main,exp2_id_58,9.051155191376046e-4,0.013270278655764904,0.06663472222222222,NA,Allen2023 main,4.953144422067596,NA,0.002058247366978084,NA,0.0868958277179457,NA
Allen2023,Allen2023,main,exp2_id_59,-0.02089953430342027,0.012891879652660193,-0.08689652777777779,NA,Allen2023 main,-5.119268504863778,NA,-0.01061230113886664,NA,0.7979622399306912,NA
Allen2023,Allen2023,main,exp2_id_6,0.013750477889358596,0.012185203002273232,0.09472847222222221,NA,Allen2023 main,6.645600760016605,NA,0.004145883857946096,NA,-0.7882178105379696,NA
Allen2023,Allen2023,main,exp2_id_60,-0.008062519956850096,0.012439046883813264,0.12313472222222223,NA,Allen2023 main,10.54721020063018,NA,0.007341523387303448,NA,1.238362029505539,NA
Allen2023,Allen2023,main,exp2_id_61,-5.581177001653788e-7,0.012385651263225526,0.07350972222222221,NA,Allen2023 main,5.935116271050127,NA,0.002667897267285862,NA,0.21544732111980172,NA
Allen2023,Allen2023,main,exp2_id_62,-0.007479877319691784,0.012186852381852527,0.07157222222222223,NA,Allen2023 main,6.4866708043194725,NA,0.0026504956623519776,NA,0.8312542619396067,NA
Allen2023,Allen2023,main,exp2_id_63,0.005756914610146786,0.012335613232990936,0.11000972222222222,NA,Allen2023 main,8.451368054670917,NA,0.0056768381522839285,NA,-0.0064914857778368825,NA
Allen2023,Allen2023,main,exp2_id_64,-6.1392844354497e-4,0.01194872663758687,0.06050972222222221,NA,Allen2023 main,5.115494940983229,NA,0.0015599675045291305,NA,0.18193536550043077,NA
Allen2023,Allen2023,main,exp2_id_65,0.0033387733025335726,0.011557369801332101,-0.11345902777777778,NA,Allen2023 main,-10.105915367253305,NA,-0.01363903782329881,NA,-1.4690030186518321,NA
Allen2023,Allen2023,main,exp2_id_66,-0.015125819874572706,0.012086435392620318,-0.16624027777777778,NA,Allen2023 main,-12.502814352978866,NA,-0.01766382553654914,NA,-0.20998793933288862,NA
Allen2023,Allen2023,main,exp2_id_67,-0.015508448565180511,0.012492404868990175,-0.1403340277777778,NA,Allen2023 main,-9.992117652418639,NA,-0.015335783916968626,NA,0.013821569987736239,NA
Allen2023,Allen2023,main,exp2_id_68,-0.014351379584352368,0.012438492706193209,-0.14161527777777777,NA,Allen2023 main,-10.231456592008119,NA,-0.015502167539208656,NA,-0.09251828031247734,NA
Allen2023,Allen2023,main,exp2_id_69,-0.011034282317408543,0.01172238456160484,-0.15192777777777777,NA,Allen2023 main,-12.019183871671274,NA,-0.016592298190152312,NA,-0.4741369679125128,NA
Allen2023,Allen2023,main,exp2_id_7,-0.00730442196031881,0.01228551614695131,-0.025365277777777778,NA,Allen2023 main,-1.4700933685998068,NA,-0.005668897776631554,NA,0.13312620846565865,NA
Allen2023,Allen2023,main,exp2_id_70,-5.273175838726953e-4,0.01340354297187186,-0.09374027777777778,NA,Allen2023 main,-6.9543523223313475,NA,-0.01171871371571228,NA,-0.8349580521601938,NA
Allen2023,Allen2023,main,exp2_id_71,-0.061736180146504144,0.013471864761674206,-0.15908402777777778,NA,Allen2023 main,-7.226011346863891,NA,-0.014397309664084956,NA,3.513906301753595,NA
Allen2023,Allen2023,main,exp2_id_72,0.01920839980154854,0.012951827833445846,-0.05130277777777778,NA,Allen2023 main,-5.4441101662302405,NA,-0.008293014072377033,NA,-2.12336160019885,NA
Allen2023,Allen2023,main,exp2_id_73,-0.023857884257549672,0.013013875531052816,0.011634722222222213,NA,Allen2023 main,2.727289529939169,NA,-0.002337771752620492,NA,1.6536282718840645,NA
Allen2023,Allen2023,main,exp2_id_74,0.006394607935430752,0.011944232454747123,-0.06924027777777778,NA,Allen2023 main,-6.33233537607083,NA,-0.009680155647287813,NA,-1.3458180459582234,NA
Allen2023,Allen2023,main,exp2_id_75,0.002703948137829506,0.012889280540281276,-0.07317777777777779,NA,Allen2023 main,-5.887196393814497,NA,-0.00995745850147888,NA,-0.9823206655902365,NA
Allen2023,Allen2023,main,exp2_id_76,0.004274141375488964,0.01326791033500752,-0.061271527777777765,NA,Allen2023 main,-4.940165218054255,NA,-0.008933363634272119,NA,-0.9954472615716238,NA
Allen2023,Allen2023,main,exp2_id_77,0.010266879367928326,0.01233349119158269,0.07657222222222222,NA,Allen2023 main,5.376040070434048,NA,0.0027137601263972173,NA,-0.6124072352430049,NA
Allen2023,Allen2023,main,exp2_id_78,-0.0071507137423762225,0.013075443775493491,-0.13330277777777777,NA,Allen2023 main,-9.648013956653669,NA,-0.015075412395762471,NA,-0.6060749286566495,NA
Allen2023,Allen2023,main,exp2_id_79,0.0017236435981354131,0.012831337988997181,-0.006334027777777777,NA,Allen2023 main,-0.6279681341745195,NA,-0.004156392758460793,NA,-0.4582559014218403,NA
Allen2023,Allen2023,main,exp2_id_8,-0.029626406219175953,0.012493719620970982,-0.10130277777777777,NA,Allen2023 main,-5.736992163510013,NA,-0.011556181012948372,NA,1.4463447039339918,NA
Allen2023,Allen2023,main,exp2_id_80,-1.7297575178176216e-5,0.012335279572220414,0.04857222222222222,NA,Allen2023 main,3.9390691968446423,NA,5.283109371823023e-4,NA,0.04423154815146733,NA
Allen2023,Allen2023,main,exp2_id_81,-0.016040433944321034,0.01282976592521331,-0.01192777777777778,NA,Allen2023 main,0.3205558223366321,NA,-0.004428632933727043,NA,0.9050672536257462,NA
Allen2023,Allen2023,main,exp2_id_82,0.001563838306389518,0.012233358908515188,0.009072222222222214,NA,Allen2023 main,0.6137630696510006,NA,-0.0028465293996388303,NA,-0.36051976722095963,NA
Allen2023,Allen2023,main,exp2_id_83,0.0067960043734605615,0.013545545591513204,-0.04267777777777778,NA,Allen2023 main,-3.6524023205263534,NA,-0.007342615543956856,NA,-1.0437837163440502,NA
Allen2023,Allen2023,main,exp2_id_84,0.0041549161169170575,0.012386640384505003,0.06800972222222222,NA,Allen2023 main,5.155135220134748,NA,0.0021139829009375792,NA,-0.16476890848729023,NA
Allen2023,Allen2023,main,exp2_id_85,0.012089334120108632,0.01260102643144679,0.09304097222222221,NA,Allen2023 main,6.424209848500342,NA,0.00404917192966396,NA,-0.6380561325051944,NA
Allen2023,Allen2023,main,exp2_id_86,-0.01753665480340857,0.012546037752293104,0.052853472222222225,NA,Allen2023 main,5.610546406395536,NA,0.001174550382590578,NA,1.491403545520115,NA
Allen2023,Allen2023,main,exp2_id_87,0.010128217012836472,0.012495552626312965,0.022384722222222216,NA,Allen2023 main,0.9808694001717189,NA,-0.0018217455204168863,NA,-0.9563372577927677,NA
Allen2023,Allen2023,main,exp2_id_88,-0.005964045242557579,0.012237699675056536,-0.050334027777777776,NA,Allen2023 main,-3.625679965464197,NA,-0.007813939113199837,NA,-0.15116352907505975,NA
Allen2023,Allen2023,main,exp2_id_89,0.0025028392984368757,0.01271371028942249,0.06850972222222221,NA,Allen2023 main,5.191787560135102,NA,0.00218841350111321,NA,-0.02473123818034932,NA
Allen2023,Allen2023,main,exp2_id_9,0.01488459556197504,0.012660272125582316,0.06838472222222222,NA,Allen2023 main,4.2258275437966875,NA,0.0019392398271921832,NA,-1.0225179685217414,NA
Allen2023,Allen2023,main,exp2_id_90,-0.013178786078048323,0.012657122702141324,-0.010271527777777775,NA,Allen2023 main,0.22969345946047431,NA,-0.004321347397045699,NA,0.6997987528005973,NA
Tappin,Tappin-for-immigration,immigration,for-adhominem,-0.02961736571008196,0.01058639575396663,0.057008547008547,NA,Tappin-for-immigration immigration,8.182757827296507,NA,0.011735029108018356,NA,3.9061825931272156,NA
Tappin,Tappin-for-immigration,immigration,for-authority-constitution,-8.930319398757276e-4,0.0101356689653839,0.04367521367521367,NA,Tappin-for-immigration immigration,4.397168629648642,NA,0.005873797754427949,NA,0.6676253651746384,NA
Tappin,Tappin-for-immigration,immigration,for-authority-crime,-0.01577201565783354,0.011006235569408022,0.0158974358974359,NA,Tappin-for-immigration immigration,2.8774099332650214,NA,-0.004131351729258938,NA,1.057642629504495,NA
Tappin,Tappin-for-immigration,immigration,for-authority-parents,-0.009280064122779983,0.010744906200040014,0.028119658119658126,NA,Tappin-for-immigration immigration,3.480693227670878,NA,2.7271387074815907e-4,NA,0.8890517809725103,NA
Tappin,Tappin-for-immigration,immigration,for-care-betterlife,0.016073922168708135,0.010516877418662399,0.03145299145299144,NA,Tappin-for-immigration immigration,1.462322766736147,NA,9.776066180715462e-4,NA,-1.435437055094689,NA
Tappin,Tappin-for-immigration,immigration,for-care-exploitation,-0.023074155833534202,0.010722823946316224,0.028119658119658122,NA,Tappin-for-immigration immigration,4.774284666939787,NA,5.525361309673646e-4,NA,2.2034020219662755,NA
Tappin,Tappin-for-immigration,immigration,for-care-families,0.029133198114906337,0.010285069494806828,0.017008547008547002,NA,Tappin-for-immigration immigration,-1.1788594245747541,NA,-0.004544481511299213,NA,-3.2744241196629926,NA
Tappin,Tappin-for-immigration,immigration,for-commonsense,0.025371296421438396,0.010310698487504525,0.033675213675213686,NA,Tappin-for-immigration immigration,0.8053690313841257,NA,0.0015898230091171011,NA,-2.3064851950759615,NA
Tappin,Tappin-for-immigration,immigration,for-compromise,-0.032514908593714746,0.010415403491262078,0.008119658119658136,NA,Tappin-for-immigration immigration,3.9013915060960374,NA,-0.006710104352122624,NA,2.477561648306843,NA
Tappin,Tappin-for-immigration,immigration,for-descriptive,0.011138554144198958,0.010330061746736062,0.05034188034188033,NA,Tappin-for-immigration immigration,3.7950718164940542,NA,0.00804181272954063,NA,-0.2997795647868988,NA
Tappin,Tappin-for-immigration,immigration,for-evidence-innovation,-0.010900150640935169,0.010551445201387056,0.051452991452991446,NA,Tappin-for-immigration immigration,5.909440925280064,NA,0.009059767111676581,NA,1.8916761990090125,NA
Tappin,Tappin-for-immigration,immigration,for-evidence-socialsecurity,-6.104827208973852e-4,0.010700892145255618,0.059230769230769226,NA,Tappin-for-immigration immigration,5.592174104679489,NA,0.01170878997011443,NA,1.1512379083713808,NA
Tappin,Tappin-for-immigration,immigration,for-evidence-workingage,-0.012360326654674037,0.010317139352654341,0.04811965811965812,NA,Tappin-for-immigration immigration,5.862088579696481,NA,0.007835112286680731,NA,1.9574649765837455,NA
Tappin,Tappin-for-immigration,immigration,for-expert-growth,-0.014236282147179554,0.010369157617979536,0.02811965811965813,NA,Tappin-for-immigration immigration,4.084800504275764,NA,3.732540265487357e-4,NA,1.4089414696904767,NA
Tappin,Tappin-for-immigration,immigration,for-expert-workers,-0.026784504520280174,0.010503155951566135,0.00700854700854701,NA,Tappin-for-immigration immigration,3.2174188105612456,NA,-0.007220661063583378,NA,1.862663331565558,NA
Tappin,Tappin-for-immigration,immigration,for-fairness-dreamers,0.017242537671561503,0.010614636472228484,0.0458974358974359,NA,Tappin-for-immigration immigration,2.699564728462006,NA,0.006242896323828773,NA,-1.0362711315184039,NA
Tappin,Tappin-for-immigration,immigration,for-fairness-essentialworkers,-0.0035683322353045146,0.010496317641463412,0.0347863247863248,NA,Tappin-for-immigration immigration,3.654105976187078,NA,0.0026278042648813587,NA,0.5903152621553095,NA
Tappin,Tappin-for-immigration,immigration,for-fairness-taxes,0.006862820770105436,0.010442142368431268,0.025897435897435896,NA,Tappin-for-immigration immigration,1.8228649309432894,NA,-8.71615294874645e-4,NA,-0.7406943701862237,NA
Tappin,Tappin-for-immigration,immigration,for-fairness-usfault,-0.022132335769961455,0.010774586176179771,0.017008547008547013,NA,Tappin-for-immigration immigration,3.6327040443595235,NA,-0.0036036026650896253,NA,1.7196700459674974,NA
Tappin,Tappin-for-immigration,immigration,for-liberty-companies,-0.05415575249336552,0.010643130278132785,0.013675213675213665,NA,Tappin-for-immigration immigration,6.373215811136284,NA,-0.004263382349793353,NA,4.68775339958774,NA
Tappin,Tappin-for-immigration,immigration,for-liberty-immigrants,-0.02751431628841837,0.011038389099465177,0.007008547008547014,NA,Tappin-for-immigration immigration,3.1275273036568407,NA,-0.007207940471698097,NA,1.8396140626809523,NA
Tappin,Tappin-for-immigration,immigration,for-loyalty-americandream,-0.011045937138652685,0.0105445012434056,0.03811965811965813,NA,Tappin-for-immigration immigration,4.662676225588039,NA,0.004038034356587682,NA,1.4305059240875613,NA
Tappin,Tappin-for-immigration,immigration,for-loyalty-americanprosperity,-0.028386940654153238,0.010247024405168101,0.019230769230769232,NA,Tappin-for-immigration immigration,4.646979259745533,NA,-0.00266216562807402,NA,2.510462941134881,NA
Tappin,Tappin-for-immigration,immigration,for-religious,-0.008521794614509923,0.010442142368431091,0.03367521367521367,NA,Tappin-for-immigration immigration,4.041029781139021,NA,0.0023223569744271868,NA,1.038498730080657,NA
Tappin,Tappin-for-immigration,immigration,for-sanctity-drugs,0.02027814108197715,0.0110062355694082,-7.69230769230772e-4,NA,Tappin-for-immigration immigration,-1.91231340802018,NA,-0.010898523439122898,NA,-2.832636492694695,NA
Tappin,Tappin-for-immigration,immigration,for-sanctity-history,-0.0049128739843132185,0.01051000919285083,0.034786324786324783,NA,Tappin-for-immigration immigration,3.7772753612472942,NA,0.002657260039802462,NA,0.7202785349859708,NA
Tappin,Tappin-against-immigration,immigration,against-adhominem,-0.038084395556413284,0.010461257801402283,-0.07076923076923078,NA,Tappin-against-immigration immigration,-3.1243695388556665,NA,-0.03561011721383037,NA,0.23651824565983368,NA
Tappin,Tappin-against-immigration,immigration,against-authority,-0.02613332541024271,0.010612472801614623,-0.027435897435897427,NA,Tappin-against-immigration immigration,-0.12273972805438313,NA,-0.019895652726268982,NA,0.5877680725857506,NA
Tappin,Tappin-against-immigration,immigration,against-care,-0.02044821626824764,0.010323722652280862,-0.05854700854700854,NA,Tappin-against-immigration immigration,-3.6904122245422366,NA,-0.031606686033464636,NA,-1.0808571811788947,NA
Tappin,Tappin-against-immigration,immigration,against-commonsense,-0.007633602377682951,0.010246661140648376,-0.04521367521367521,NA,Tappin-against-immigration immigration,-3.667543243614506,NA,-0.026924551832382012,NA,-1.882657110438844,NA
Tappin,Tappin-against-immigration,immigration,against-compromise,-0.04383165672716112,0.010402646286075672,-0.02076923076923077,NA,Tappin-against-immigration immigration,2.2169768464395703,NA,-0.017110953875513507,NA,2.5686447579606995,NA
Tappin,Tappin-against-immigration,immigration,against-descriptive,-0.037969224671607654,0.010345059508105398,-0.06854700854700854,NA,Tappin-against-immigration immigration,-2.9557861751730923,NA,-0.0347844702250963,NA,0.30785269471056065,NA
Tappin,Tappin-against-immigration,immigration,against-evidence,-0.014448876624837386,0.010706579830460057,-0.07299145299145299,NA,Tappin-against-immigration immigration,-5.467906399022296,NA,-0.03734257254315154,NA,-2.138282839229568,NA
Tappin,Tappin-against-immigration,immigration,against-expert,-0.035740439154614403,0.010205386759833616,-0.14521367521367523,NA,Tappin-against-immigration immigration,-10.727005123404615,NA,-0.06546287914089371,NA,-2.9124266121163536,NA
Tappin,Tappin-against-immigration,immigration,against-fairness,-0.04091583267768848,0.010171390352031124,-0.06076923076923075,NA,Tappin-against-immigration immigration,-1.9518863601157286,NA,-0.03180036715268211,NA,0.8961867758016092,NA
Tappin,Tappin-against-immigration,immigration,against-liberty,-0.01253586292110989,0.0103953925094538,-0.04299145299145298,NA,Tappin-against-immigration immigration,-2.9297200699873622,NA,-0.02596696649916005,NA,-1.292024670144549,NA
Tappin,Tappin-against-immigration,immigration,against-loyalty,-0.02809213950918621,0.010543577989462812,-0.05632478632478633,NA,Tappin-against-immigration immigration,-2.6777102463523916,NA,-0.03054196560863202,NA,-0.2323524425858236,NA
Tappin,Tappin-against-immigration,immigration,against-religious,-0.02290466226127805,0.010651366379860847,-0.0752136752136752,NA,Tappin-against-immigration immigration,-4.911014332518016,NA,-0.037873999954872034,NA,-1.4053913047153626,NA
Tappin,Tappin-against-immigration,immigration,against-sanctity,-0.011358580413905058,0.010225958063153753,-0.03188034188034188,NA,Tappin-against-immigration immigration,-2.0068302001336176,NA,-0.021844174048886077,NA,-1.0253898529823613,NA
Tappin,Tappin-for-ubi,ubi,for-authority,0.04331301241413785,0.012438538922809697,0.10811111111111112,NA,Tappin-for-ubi ubi,5.209462228569869,NA,0.028109066707878366,NA,-1.2223256928013146,NA
Tappin,Tappin-for-ubi,ubi,for-care,0.05539037002809864,0.012033974288076952,0.11366666666666668,NA,Tappin-for-ubi ubi,4.842647594511412,NA,0.0293464744407894,NA,-2.1641973768477363,NA
Tappin,Tappin-for-ubi,ubi,for-descriptive,0.04300038861749684,0.012540003238883053,0.06255555555555556,NA,Tappin-for-ubi ubi,1.5594227980279622,NA,0.011553171298074991,NA,-2.5077519295938298,NA
Tappin,Tappin-for-ubi,ubi,for-evidence,0.0758255917529342,0.0122274729685282,0.1181111111111111,NA,Tappin-for-ubi ubi,3.45823862927474,NA,0.029458948201395656,NA,-3.792005402169343,NA
Tappin,Tappin-for-ubi,ubi,for-expert,0.02530313250909648,0.012060190024574027,0.07144444444444444,NA,Tappin-for-ubi ubi,3.8259191473210383,NA,0.015403689750353956,NA,-0.8208363830562593,NA
Tappin,Tappin-for-ubi,ubi,for-fairness,0.0428436023061681,0.01250385536989407,0.06588888888888889,NA,Tappin-for-ubi ubi,1.8430544740790633,NA,0.012754201050306314,NA,-2.406409892448772,NA
Tappin,Tappin-for-ubi,ubi,for-liberty,-0.004454741460489057,0.012479962306619213,0.042555555555555555,NA,Tappin-for-ubi ubi,3.7668620995041744,NA,0.0055427093159233195,NA,0.8010802060764123,NA
Tappin,Tappin-for-ubi,ubi,for-loyalty,0.036057697896249775,0.01261343169219237,0.11922222222222223,NA,Tappin-for-ubi ubi,6.593330534897235,NA,0.03282073452797133,NA,-0.2566282869936263,NA
Tappin,Tappin-for-ubi,ubi,for-religious,0.0330769662694927,0.01246807675095498,0.08922222222222223,NA,Tappin-for-ubi ubi,4.503120816001485,NA,0.021660808445599245,NA,-0.9156310192764128,NA
Tappin,Tappin-for-ubi,ubi,for-sanctity,0.037776278616532766,0.01219992414516115,0.07366666666666666,NA,Tappin-for-ubi ubi,2.941853377372767,NA,0.01574610407982919,NA,-1.8057632387363158,NA
Tappin,Tappin-against-ubi,ubi,against-authority,-0.021863847251963206,0.01220739803855492,-0.05744444444444444,NA,Tappin-against-ubi ubi,-2.914674943841937,NA,-0.03114773418875009,NA,-0.7605131664803063,NA
Tappin,Tappin-against-ubi,ubi,against-care,-0.05329575993387311,0.012196328118819974,-0.12633333333333333,NA,Tappin-against-ubi ubi,-5.988488722827734,NA,-0.05600933937711744,NA,-0.22249150865800718,NA
Tappin,Tappin-against-ubi,ubi,against-descriptive,-0.030810999497306195,0.012478371094146751,-0.008555555555555549,NA,Tappin-against-ubi ubi,1.78352156494128,NA,-0.012878540950010833,NA,1.4370832869129022,NA
Tappin,Tappin-against-ubi,ubi,against-evidence,-0.059151262217951875,0.012098293799698586,-0.1518888888888889,NA,Tappin-against-ubi ubi,-7.665347544564298,NA,-0.06572323180824638,NA,-0.543214580427716,NA
Tappin,Tappin-against-ubi,ubi,against-expert,-0.04993284366773487,0.012377891867266426,-0.15966666666666665,NA,Tappin-against-ubi ubi,-8.865307935766106,NA,-0.07011421929551896,NA,-1.6304372217981746,NA
Tappin,Tappin-against-ubi,ubi,against-fairness,-0.07533303033000552,0.012472379859490965,-0.12188888888888888,NA,Tappin-against-ubi ubi,-3.732716537129542,NA,-0.05255300684121204,NA,1.8264375961464023,NA
Tappin,Tappin-against-ubi,ubi,against-liberty,-0.07709931346562443,0.012663007614967357,-0.0641111111111111,NA,Tappin-against-ubi ubi,1.0256806873559483,NA,-0.031831473694371684,NA,3.5748094882093646,NA
Tappin,Tappin-against-ubi,ubi,against-loyalty,-0.016745068971419724,0.012656695929632809,-0.012999999999999996,NA,Tappin-against-ubi ubi,0.2958962585686752,NA,-0.014760596939882019,NA,0.15679226573591853,NA
Tappin,Tappin-against-ubi,ubi,against-religious,3.6221167989737064e-4,0.012526672518547218,-0.08188888888888889,NA,Tappin-against-ubi ubi,-6.566077339932356,NA,-0.04147108587394437,NA,-3.3395378933952813,NA
Tappin,Tappin-against-ubi,ubi,against-sanctity,-0.049395209259131406,0.01237789186726608,-0.07966666666666665,NA,Tappin-against-ubi ubi,-2.4456068716830157,NA,-0.03847518545468039,NA,0.8822200033375257,NA
Saccardo2024,Saccardo2024,main,Ownership w/ Narrow Link,0.019,0.002908092158099533,0.03493333333333334,NA,Saccardo2024 main,5.478964374961874,NA,0.009104565063216222,NA,-3.4027239849408835,NA
Saccardo2024,Saccardo2024,main,Ownership w/ Broad Link,0.013,0.00285674640106538,0.04199999999999999,NA,Saccardo2024 main,10.151408605672833,NA,0.01151054075400069,NA,-0.5213830830219437,NA
Saccardo2024,Saccardo2024,main,Doctor Recommendation Only,0.013,0.002863738814906136,0.0628,NA,Saccardo2024 main,17.38985404003482,NA,0.017999028228287063,NA,1.745629944416183,NA
Saccardo2024,Saccardo2024,main,Doctor Recommendation & Ownership w/ Narrow Link,0.019,0.0029086079144497973,0.059666666666666666,NA,Saccardo2024 main,13.981488004841424,NA,0.01476179369670935,NA,-1.4571253424139718,NA
Saccardo2024,Saccardo2024,main,Doctor Recommendation & Ownership w/ Broad Link,0.015,0.0028755868966178016,0.0628,NA,Saccardo2024 main,16.622693633853057,NA,0.017150281319816253,NA,0.7477712888264182,NA
Saccardo2024,Saccardo2024,main,Simple–No Info,0.009,0.002832313541965296,0.03100000000000001,NA,Saccardo2024 main,7.767501610974389,NA,0.009035576149168306,NA,0.012560808908049488,NA
Saccardo2024,Saccardo2024,main,Info–Uniqueness,0.015,0.0028774989139876317,0.040999999999999995,NA,Saccardo2024 main,9.035624609139905,NA,0.011104587197429723,NA,-1.353749530063948,NA
Saccardo2024,Saccardo2024,main,Info–Eligibility Clarification,0.011,0.002852016830244871,0.03559999999999999,NA,Saccardo2024 main,8.625475045982764,NA,0.010033182568951351,NA,-0.33899429372078366,NA
Saccardo2024,Saccardo2024,main,Info–Severity,0.009,0.0028321370023358687,0.0364,NA,Saccardo2024 main,9.674673215808852,NA,0.010413751848111365,NA,0.4991820123621639,NA
Saccardo2024,Saccardo2024,main,Consistency,0.008,0.0028270125574535393,0.03213333333333333,NA,Saccardo2024 main,8.536691239557733,NA,0.009449073950565151,NA,0.5125813632290405,NA
Saccardo2024,Saccardo2024,main,Consistency & Info–Uniqueness,0.01,0.0028390139133156783,0.04613333333333334,NA,Saccardo2024 main,12.727423829752667,NA,0.012832640852431935,NA,0.9977551850472264,NA
Saccardo2024,Saccardo2024,main,Simple–Enhance Protection,0.007,0.002817268180347764,0.03493333333333333,NA,Saccardo2024 main,9.915042354925982,NA,0.010235012296294782,NA,1.1482798545275343,NA
Saccardo2024,Saccardo2024,main,Bundle–Tagging Flu Shot,0.007,0.0028208154849263005,0.025133333333333334,NA,Saccardo2024 main,6.428401088349494,NA,0.007796031673731527,NA,0.2821991292891407,NA
Saccardo2024,Saccardo2024,main,Bundle–Booster & Flu Shot,0.003,0.002794279871451677,0.023666666666666655,NA,Saccardo2024 main,7.396061818220794,NA,0.008402835590306848,NA,1.933534162238366,NA
Mason,Mason,main,condition_2,0.025600000000000022,0.01233680166488245,-0.0075333333333333485,NA,Mason main,-2.6857312157047697,NA,0.04572513703577001,NA,1.6313091174236485,NA
Mason,Mason,main,condition_1,0.06510000000000002,0.012725895721487778,0.018866666666666657,NA,Mason main,-3.6330121152311503,NA,0.04316127154303356,NA,-1.7239437550885115,NA
Mason,Mason,main,condition_3,0.046400000000000004,0.012636576261013022,0.05186666666666666,NA,Mason main,0.43260662965590446,NA,0.04864037344548929,NA,0.17729275708970293,NA
Mason,Mason,main,condition_4,0.08,0.01302463561492549,0.04219999999999999,NA,Mason main,-2.902192515595858,NA,0.04335421507850977,NA,-2.8135746753249857,NA
Mason,Mason,main,condition_5,0.031999999999999994,0.01260533100523044,-0.10140000000000002,NA,Mason main,-10.582824040451392,NA,0.039748229384711675,NA,0.6146787721398701,NA
Mason,Mason,main,condition_6,0.025,0.01244264118984808,0.06186666666666667,NA,Mason main,2.962929341460564,NA,0.0536496480593784,NA,2.3025375097012017,NA
Mason,Mason,main,condition_7,0.04650000000000002,0.012620614064139047,-0.005866666666666668,NA,Mason main,-4.149296254566916,NA,0.042631659588432194,NA,-0.30650968264369605,NA
Mason,Mason,main,condition_8,0.059400000000000015,0.01271038262733483,0.021066666666666657,NA,Mason main,-3.0159071097430266,NA,0.04403168644207642,NA,-1.2091149423678755,NA
Mason,Mason,main,condition_9,0.016400000000000005,0.01246625534165186,0.053066666666666665,NA,Mason main,2.941273514922893,NA,0.05331967815270164,NA,2.9615692235459647,NA
Mason,Mason,main,condition_10,0.06170000000000002,0.012834629254313772,0.10286666666666665,NA,Mason main,3.207468314897397,NA,0.04864400242732531,NA,-1.0172477376614935,NA
Goldwert,Goldwert,main,condition_16,0.02007572616063559,0.019689060588146873,0.02701212121212122,NA,Goldwert main,0.35229690215192133,NA,0.023556643938929492,NA,0.17679450793043266,NA
Goldwert,Goldwert,main,condition_14,0.027355807583085062,0.018504457295248113,0.0274969696969697,NA,Goldwert main,0.00762854655136998,NA,0.022973532183881037,NA,-0.23682269246174434,NA
Goldwert,Goldwert,main,condition_10,0.04469688419688453,0.01893623070169243,0.03323636363636363,NA,Goldwert main,-0.605216568231639,NA,0.02232260318176945,NA,-1.18155938040591,NA
Goldwert,Goldwert,main,condition_3,-0.012110846006781962,0.01864802574023823,-0.024393939393939388,NA,Goldwert main,-0.6586806323767177,NA,0.014152124124657325,NA,1.4083512376739016,NA
Goldwert,Goldwert,main,condition_5,0.008641863676491418,0.019052929935652805,6.303030303030318e-4,NA,Goldwert main,-0.4204896923069428,NA,0.016570026821419587,NA,0.4161125439343893,NA
Goldwert,Goldwert,main,condition_8,0.00726857105159285,0.018923570513638785,-0.008599999999999998,NA,Goldwert main,-0.8385611499772675,NA,0.01417115569107468,NA,0.3647612185293959,NA
Goldwert,Goldwert,main,condition_13,0.011910223922421024,0.01847246787906561,-0.01018181818181818,NA,Goldwert main,-1.1959442695404856,NA,0.013201347230595295,NA,0.06989446762754795,NA
Goldwert,Goldwert,main,condition_4,0.015242590742594016,0.018693892352102927,0.02166060606060606,NA,Goldwert main,0.3433215082834295,NA,0.022296696975351592,NA,0.37734817874695,NA
Goldwert,Goldwert,main,condition_9,4.072067173357729e-4,0.018636686864328792,0.002199999999999995,NA,Goldwert main,0.09619699551295703,NA,0.017583497610284375,NA,0.9216386484351231,NA
Goldwert,Goldwert,main,condition_17,0.05255944654148477,0.019435729496127162,0.00546060606060606,NA,Goldwert main,-2.423312203962491,NA,0.015050681040484603,NA,-1.9298871960774255,NA
Goldwert,Goldwert,main,condition_2,0.039739362104891575,0.018483085011899547,-0.02253333333333333,NA,Goldwert main,-3.3691721592003328,NA,0.0032828671846769067,NA,-1.972424781725762,NA
Goldwert,Goldwert,main,condition_7,0.027028638028640084,0.01836875637824416,0.034648484848484845,NA,Goldwert main,0.4148264946705733,NA,0.025091164029092707,NA,-0.10547660166270752,NA
Goldwert,Goldwert,main,condition_12,0.009590687090688972,0.018249922668591833,0.021096969696969697,NA,Goldwert main,0.6304839102733881,NA,0.022558367763753383,NA,0.7105608559855338,NA
Goldwert,Goldwert,main,condition_15,-0.011106864339846518,0.018788153527066434,0.04086060606060606,NA,Goldwert main,2.765970073939817,NA,0.03441612806837413,NA,2.4229625515162887,NA
Goldwert,Goldwert,main,condition_1,-0.010136736397928291,0.019420595935597446,-0.03485454545454546,NA,Goldwert main,-1.2727626453166696,NA,0.012729618937050867,NA,1.1774280980258556,NA
Goldwert,Goldwert,main,condition_11,0.06262008216502807,0.01812761309899432,0.01789090909090909,NA,Goldwert main,-2.467460709242545,NA,0.017817147219243146,NA,-2.471529743111656,NA
Goldwert,Goldwert,main,condition_6,0.022853611905338227,0.018515213055911778,0.04066060606060606,NA,Goldwert main,0.9617493518165151,NA,0.027768077592395215,NA,0.26542852476049866,NA
Broockman,Broockman-support-allowing Medicare to negotiate drug prices,main,"Families across America are facing skyrocketing prescription drug prices -- but in Washington, it's the drug corporations who get their way. Let's make Big Pharma do right by Americans who should never be forced to choose between groceries and medicine.",-0.006101238032978179,0.026684529891592118,0.08666666666666667,-0.11163114211466271,Broockman-support-allowing Medicare to negotiate drug prices main,3.4764676416081284,-3.9547222495733516,0.03282043610109886,0.03342676854734774,1.4585857158510653,1.4813079616133908
Broockman,Broockman-support-allowing Medicare to negotiate drug prices,main,"In the richest country on Earth, it is unacceptable that anyone should go broke because they had to go to the hospital or pay for a prescription. We need to bring down health care costs.",0.011704801719797538,0.026463214324832233,0.07999999999999997,-0.2537547189445007,Broockman-support-allowing Medicare to negotiate drug prices main,2.5807597460341922,-10.031265189701447,0.0316323323290974,0.030096769286264195,0.7530275938777591,0.6950012700916768
Broockman,Broockman-support-allowing Medicare to negotiate drug prices,main,Seniors should not have to choose between buying groceries and getting the medicine they need to survive.,-0.026051251383697547,0.026498019167125887,0.09333333333333332,0.3653858610591634,Broockman-support-allowing Medicare to negotiate drug prices main,4.505415441209371,14.772315997434545,0.03401612357107497,0.04481560540356515,2.266862838913394,2.6744209195524284
Broockman,Broockman-oppose-allowing Medicare to negotiate drug prices,main,"After seeing first-hand the power of innovation through the development of COVID-19 vaccines and treatments, Americans do not want to throw the U.S. health care system into chaos. 71% oppose allowing the federal government to interfere in negotiations between Medicare Part D plans and drug manufacturers if it means seniors and those with disabilities could lose access to the medicines they currently take.",0.24524183378681616,0.02758550423252216,0.18666666666666665,0.04781657148890507,Broockman-oppose-allowing Medicare to negotiate drug prices main,-2.1234038945386335,-7.156848054463144,0.04653906205339934,0.03556875951538391,-7.203158951111524,-7.600842547740578
Broockman,Broockman-oppose-allowing Medicare to negotiate drug prices,main,"Millions of residents across the country rely on treatments and cures to lead happy, healthy lives. We need affordable healthcare, but we also need access to treatments. Price-setting policies without holistically addressing the real problem would harm the very innovation we've all benefited from. If we put up roadblocks on the road to medical innovation, who knows what kinds of life-saving treatments we could be forgoing?",0.050829201273231275,0.026894417074062798,-0.00666666666666666,-0.2509189560396985,Broockman-oppose-allowing Medicare to negotiate drug prices main,-2.1378365547601863,-11.219732202485185,0.01696243257066014,0.02983261910537227,-1.2592490333331123,-0.7807041182576248
Broockman,Broockman-oppose-allowing Medicare to negotiate drug prices,main,"Politicians say they want to negotiate medicine prices in Medicare. But make no mistake, what politicians mean is that they'll decide which medicines you can and can't get. Regardless of what your doctor prescribes. Regardless of which medicine has been working. Regardless of which new treatments become available.",0.36120349825201575,0.02668231744169212,0.21333333333333332,0.5822050162858621,Broockman-oppose-allowing Medicare to negotiate drug prices main,-5.5418786333615,8.282695778460502,0.04832125807178992,0.04287973422812288,-11.726201851243085,-11.930139303661086
Broockman,Broockman-oppose-allowing Medicare to negotiate drug prices,main,"When policymakers propose that the government negotiate prescription medicine prices in Medicare, it's accompanied by a harsh reality: reduced access to prescription medicines and choices for patients. In fact, independent analysis from the Congressional Budget Office (CBO) has consistently said that the only way for the government to negotiate a better deal is to limit access and choice of medicines for patients.",0.16095622018695122,0.027121437146925442,0.20666666666666672,-0.3791026317350687,Broockman-oppose-allowing Medicare to negotiate drug prices main,1.6853991266055517,-19.912619268527312,0.05041952332279992,0.025530944499635756,-4.0756209291321435,-4.993292757816399
Broockman,Broockman-support-allowing all Americans to vote by mail,main,64% of Americans support voting by mail. The majority of Americans support safe voting options like voting by mail.,0.04165797591264181,0.0330405475041259,0.12,0.377251713305238,Broockman-support-allowing all Americans to vote by mail main,2.3710873458611825,10.157027130094903,0.03794348818975555,0.04433345802511563,-0.11242209961630988,0.08097571967110183
Broockman,Broockman-support-allowing all Americans to vote by mail,main,"At day's end, our shared goal should be the participation of as many American voters as possible, amidst historically difficult circumstances. It's already a given: far more Americans can vote with a mailed out ballot system than ever before. With proper planning, mailed-out ballots will keep voters, not to mention American democracy itself, as healthy as can be.",0.020355359010575717,0.031921237520545306,0.13999999999999999,-0.2609562037518006,Broockman-support-allowing all Americans to vote by mail main,3.748120382626707,-8.812677220966675,0.04133709156433737,0.029859843184192623,0.6572969653904327,0.2977479857257909
Broockman,Broockman-support-allowing all Americans to vote by mail,main,"Bipartisan support continues to grow for sensible and much-needed reforms to our archaic and ambiguous electoral systems, like letting Americans vote by mail.",-0.022371727731511238,0.03301896616990276,0.13999999999999999,-0.2468636121754579,Broockman-support-allowing all Americans to vote by mail main,4.91752912238407,-6.798876842139718,0.041626800490095005,0.03053542906292272,1.9382353733395135,1.602326266733922
Broockman,Broockman-support-allowing all Americans to vote by mail,main,"Millions of us, young and old, from cities to suburbs, across race and place of origin, have just signed up to vote by mail -- joining millions of others in states like Colorado, Oregon and Utah who have been voting by mail for years. While a powerful few make false claims about mail-in voting to try keep us from making our voices heard so they can stay in power, we know better.",0.005654122287371889,0.03218276373590651,0.04666666666666667,0.13056810262202057,Broockman-support-allowing all Americans to vote by mail main,1.2743636536577754,3.8813938218513333,0.02630107959828708,0.03890430952383245,0.6415532699536073,1.0331675523368156
Broockman,Broockman-oppose-allowing all Americans to vote by mail,main,"Mail-in ballots are the ballots most vulnerable to being altered, stolen, or forged. Mail-in ballots also have a higher rejection rate than votes cast in person. Voters should not be forced to deal with the problems that massive voting by mail would create.",0.05704459685568974,0.032654851949671757,0.13333333333333333,0.08526105916145074,Broockman-oppose-allowing all Americans to vote by mail main,2.33621443438853,0.8640817710412138,0.040009932137719535,0.03753910621375453,-0.5216579987630731,-0.5973228931491534
Broockman,Broockman-oppose-allowing all Americans to vote by mail,main,People already have many chances to vote if they want to. Automatically mailing out ballots to every American will increase the risk of election fraud and undermine faith in elections.,0.049338259505224046,0.03257839121856929,0.09333333333333335,-0.3249354266979921,Broockman-oppose-allowing all Americans to vote by mail main,1.3504372739876929,-11.488402962939576,0.03356498167630212,0.028110446106264536,-0.48416380425597405,-0.6515918252850961
Broockman,Broockman-oppose-allowing all Americans to vote by mail,main,"Putting the election in the hands of the United States Postal Service would be a catastrophe. Over the recent decade, there were 28 million missing and misdirected ballots. These represent 28 million opportunities for someone to cheat. Absentee ballot fraud is the most common; the most expensive to investigate; and can never be reversed after an election.",0.08468888282838562,0.031965310379263284,0.20666666666666667,0.23967436753654128,Broockman-oppose-allowing all Americans to vote by mail main,3.815942419799282,4.84855247358082,0.051499483732774944,0.040818578565685,-1.0382942853306842,-1.3724347970404944
Broockman,Broockman-support-allowing people to carry concealed guns in more places,main,Banning concealed carry weapons would only ensure that guns are taken away from responsible gun owners that could keep the public safe.,0.08356835428705127,0.034701548061021874,0.05333333333333332,0.09721098484744332,Broockman-support-allowing people to carry concealed guns in more places main,-0.8712873817776187,0.3931418430210031,0.026739624473566693,0.03764620524516551,-1.6376424969154852,-1.3233458334807635
Broockman,Broockman-support-allowing people to carry concealed guns in more places,main,"Guns are used legally far more often than they are used to commit crimes. As a matter of fact, gun-related crimes in the US are declining. Of those crimes, most are committed with illegally-owned firearms.",0.02177740193868135,0.0345809616660418,0.04666666666666667,-0.33973471901154945,Broockman-support-allowing people to carry concealed guns in more places main,0.7197389409915214,-10.4540794568253,0.026159881496021862,0.02805124335875345,0.1267309914531402,0.18142472383100203
Broockman,Broockman-support-allowing people to carry concealed guns in more places,main,"Self-defense is a fundamental right, and the right to use firearms for self-defense is recognized by the Constitution of the United States. Being able to carry a gun is important for self-defense.",0.03613580114230916,0.0337636101543907,0.06666666666666668,0.24252373416410605,Broockman-support-allowing people to carry concealed guns in more places main,0.9042535849913317,6.112732971327644,0.029303600431217925,0.04127859914938757,-0.20235397458534982,0.15231777595944163
Broockman,Broockman-oppose-allowing people to carry concealed guns in more places,main,"Having unvetted, untrained people carrying hidden loaded guns in our malls, supermarkets, movie theaters, restaurants, and city streets will undoubtedly make those places less safe, turning arguments and fistfights into deadly shootings.",0.03217647863285333,0.03308773719561798,0.16,0.5595385250551814,Broockman-oppose-allowing people to carry concealed guns in more places main,3.8631690227543016,15.93829288792133,0.044526556822556435,0.0487515085123292,0.3732524263200056,0.5009417773564464
Broockman,Broockman-oppose-allowing people to carry concealed guns in more places,main,"The military is one of the most trusted institutions in our country, and they have some of the strictest gun regulations. If we want to reduce gun violence, we should look to the military for guidance.",-0.04227541209778059,0.03394561857342915,0.07999999999999999,-0.27570632520641436,Broockman-oppose-allowing people to carry concealed guns in more places main,3.6020970374506995,-6.8766139171595855,0.03197840543508858,0.03008245335735527,2.1874345100604873,2.13158187995943
Broockman,Broockman-oppose-allowing people to carry concealed guns in more places,main,"There is nothing in the Constitution requiring unvetted, potentially dangerous, and untrained people be allowed to carry a gun in public. In fact, research is abundantly clear that more guns in public spaces make us less safe, not more.",0.02532998133404146,0.033528126998293814,0.11333333333333336,-0.2838321998487671,Broockman-oppose-allowing people to carry concealed guns in more places main,2.6247619499821813,-9.22097978209583,0.03695701328301137,0.029293979809417052,0.3467844162473373,0.11822904618493343
Broockman,Broockman-support-banning cash bail,main,Americans are taught that the bedrock of the criminal legal system is that you are presumed innocent unless proven otherwise in a court of law. Pretrial detention upends this basic legal protection by turning the process into the punishment and then coercing people to forfeit their rights and plead guilty.,-0.026549318199535977,0.03612622649394709,0.2333333333333333,-0.11245289269135698,Broockman-support-banning cash bail main,7.1937391959941435,-2.377872887062092,0.057862108453850584,0.03353834609483875,2.336569158905362,1.6632698769256278
Broockman,Broockman-support-banning cash bail,main,"Defendants consistently return for their court dates, laying waste to the myth that cash bail is effective or needed. They show up because they're provided with the supports they need, and because they want to resolve their cases.",0.03578920993555174,0.0369409458222,0.3,-0.1581286338950271,Broockman-support-banning cash bail main,7.152247572006355,-5.249401159459272,0.06820869385569402,0.03209378670373003,0.8776029741138758,-0.10003596685391072
Broockman,Broockman-support-banning cash bail,main,Nobody should be kept in jail or released based on their ability to pay. That is not right.,0.06919930938989,0.03621346673534109,0.29333333333333333,0.2705815265863841,Broockman-support-banning cash bail main,6.189245166210742,5.560975939372387,0.06584578906809502,0.04163628275447562,-0.09260423328988394,-0.7611264294814211
Broockman,Broockman-oppose-banning cash bail,main,"Eliminating cash bail would only further promote the catch, release, and repeat system that is destroying this country.",0.07675454570970332,0.03644065552540285,0.0666666666666667,-0.05514205423260312,Broockman-oppose-banning cash bail main,-0.2768303395641262,-3.6194903203747546,0.029013999592543097,0.03421003984215667,-1.310090211848143,-1.1675011125386807
Broockman,Broockman-oppose-banning cash bail,main,There's nothing more disheartening to a law enforcement officer than to see somebody that you worked hard to arrest promptly return to committing crimes.,0.05605651748758751,0.03606457563526379,0.039999999999999994,-0.09467526397958147,Broockman-oppose-banning cash bail main,-0.44521576102749216,-4.179496883356755,0.024752145599164117,0.03342324001195623,-0.8680088795447828,-0.6275764258127181
Broockman,Broockman-oppose-banning cash bail,main,Voters say crime is getting worse because violent criminals are being released back on the streets to run free without bail.,0.09058708621825219,0.03603808387753583,0.2,0.1498173182121845,Broockman-oppose-banning cash bail main,3.0360358268090346,1.6435455390804836,0.05036667119028907,0.038780756903565895,-1.116053094405342,-1.4375439463078539
Broockman,Broockman-support-cancelling student loan debt,main,"S​tudent debt cancellation will help close our racial wealth gap and empower millions of Black and brown borrowers to start a small business, better support their families, or buy a home.",-5.283745617366745e-4,0.033914142216870946,0.06666666666666668,-0.4033391239112119,Broockman-support-cancelling student loan debt main,1.9813280488921365,-11.877368054117932,0.0295650062463483,0.026874580642948093,0.887340172593683,0.8080096801343506
Broockman,Broockman-support-cancelling student loan debt,main,"Student debt is a drag on our economy. It's holding back a generation of young people who could be buying homes, starting businesses, and saving for retirement. We need to find a way to help them pay off their loans and get on with their lives.",0.014348548014284595,0.033211861898861744,0.11333333333333336,0.5117998563483928,Broockman-support-cancelling student loan debt main,2.980404580161199,14.97812166776344,0.037021683826854265,0.04790503633705587,0.6826818647390177,1.0103766065557842
Broockman,Broockman-support-cancelling student loan debt,main,"The majority of student loans are held by those with zero household wealth. The wealthy are not the ones struggling with student debt. Relieving student debt can help working Americans buy homes, pay bills, and invest in their future.",0.0016026435574122298,0.03373892424056766,0.12000000000000001,0.08559029227114873,Broockman-support-cancelling student loan debt main,3.5092214440028555,2.4893398531287434,0.03818392991839266,0.037886600468725384,1.0842457838947668,1.0754331303689093
Broockman,Broockman-support-cancelling student loan debt,main,"Through inflation, many Americans have faced high prices over the last year. Student debt relief will allow millions of Americans to make ends meet today while planning also for their future.",-0.028523648156552363,0.03437130890308039,0.11333333333333336,-0.0734514879829511,Broockman-support-cancelling student loan debt main,4.127191719404446,-1.3071320604369612,0.03727416163748026,0.03442581081254344,1.9143236581291718,1.8314536448582617
Broockman,Broockman-support-cancelling student loan debt,main,Too many Americans are struggling with the heavy burden of student loans just because they wanted to advance their education. We must fight to cancel student debt because education should be affordable and attainable for folks in every corner of our country.,0.006246199438906613,0.03442254555102957,0.07999999999999999,-0.11949467480077347,Broockman-support-cancelling student loan debt main,2.142601582203075,-3.6528639072690314,0.03166732803052427,0.03317016365369413,0.7385022863556737,0.7821607549294747
Broockman,Broockman-support-cancelling student loan debt,main,"While some claim that canceling student loans is unfair, what's really unfair is giving multi-billion dollar companies continual tax breaks and government handouts. We need to deliver for working people instead of working to protect rich corporations and special interests.",-0.03507151351557327,0.03425947729792867,0.09333333333333334,-8.683129755900346e-4,Broockman-support-cancelling student loan debt main,3.748009513754898,0.9983573375198915,0.034070102143180556,0.03611171436741778,2.0181748558940833,2.0777674820886656
Broockman,Broockman-oppose-cancelling student loan debt,main,"Canceling student debt will create more pressure on the economy over the next few years, pushing prices up. The reckless student loan cancellation agenda fuels inflation at a time when Americans are already paying more for everyday necessities.",0.0908891706469032,0.03346980788154712,0.18666666666666668,0.22674477026732442,Broockman-oppose-cancelling student loan debt main,2.861608777640113,4.059049281108135,0.04826215227488044,0.040483600579554226,-1.2735961473960022,-1.5060011771127924
Broockman,Broockman-oppose-cancelling student loan debt,main,"Didn't go to college? Worked your way up the old-fashioned way? Made a good living for your family? Well, as a reward, canceling student debt will let you pay for the student loans of the wealthy ""gender studies"" major.",0.022662931809940216,0.03361155069070614,0.5933333333333334,0.23865156926163342,Broockman-oppose-cancelling student loan debt main,16.9784014660528,6.426024179581091,0.13699320204095028,0.04129855436391934,3.4015172725316503,0.5544410231311351
Broockman,Broockman-oppose-cancelling student loan debt,main,Many Americans enter military service because of the educational benefits available to our service men and women. Student loan forgiveness undermines one of our military's greatest recruitment tools and weakens our defense at a time of dangerously low enlistments.,0.051004461024035594,0.033610651470492116,0.13333333333333336,-0.5284946624738356,Broockman-oppose-cancelling student loan debt main,2.4494875495518724,-17.24153201870045,0.04004888091639234,0.023221562965594623,-0.32595560122544825,-0.8266099240246052
Broockman,Broockman-oppose-cancelling student loan debt,main,"Student loans are guaranteed by the federal government, and the forgiveness of this much debt would incur additional government spending without congressional authorization. This would be an overreach on a grand scale.",0.03101295777484463,0.034039318323762634,0.09333333333333334,-0.3589258611604831,Broockman-oppose-cancelling student loan debt main,1.8308350057346257,-11.455541360330765,0.033674642970657885,0.027511030533281685,0.07819443299354056,-0.10287888870906889
Broockman,Broockman-oppose-cancelling student loan debt,main,Wealthy Harvard students shouldn't be given handouts from our government – but that's exactly what student loan cancellation proposals would do. We need our government to be more responsible and help the Americans who actually need it most.,0.04758051820223318,0.0344540585003323,0.18,0.42202418410536086,Broockman-oppose-cancelling student loan debt main,3.843363817255075,10.867911712041595,0.04765682682438398,0.045292622581246895,0.002214793422669329,-0.06640424149056968
Broockman,Broockman-support-increasing defense spending,main,A larger military budget gives the country more funds to promote and defend its global interests.,-0.05384818265353747,0.038224916488511514,0.019999999999999993,-0.7293362024671485,Broockman-support-increasing defense spending main,1.9319383647504502,-17.671406032152582,0.022720260663992676,0.021132642080555045,2.0031029587871765,1.9615693537650494
Broockman,Broockman-support-increasing defense spending,main,"History shows that when America is not prepared is when the danger is greatest. We want to deter, avoid and prevent conflict through our unquestioned military dominance.",0.03004147843385623,0.037194454643018224,0.08666666666666667,0.0178191717577295,Broockman-support-increasing defense spending main,1.522409423025095,-0.32860561590250337,0.03259775253997334,0.0361587637916389,0.06872729095375908,0.16446767176705854
Broockman,Broockman-support-increasing defense spending,main,Spending federal money on military equipment at this time would have several ancillary benefits. It would buoy our economy with government spending and help our military recover from eight years of war. Both of these effects would fundamentally contribute to our nation's security and prosperity.,0.019693150505160652,0.03748190598550514,0.07333333333333332,-0.20298577488917305,Broockman-support-increasing defense spending main,1.4310953890369447,-5.940971237707262,0.03050096992334853,0.031183799770177024,0.2883476475920791,0.3065652336212569
Broockman,Broockman-support-increasing defense spending,main,"The Russian invasion of Ukraine fundamentally altered what our national security posture and what our defense posture needs to be. It made it more complicated, and it made it more expensive.",-0.05030790500438048,0.036153743576303805,0.18,0.1990503055881311,Broockman-support-increasing defense spending main,6.3702367230189365,6.89716156409175,0.04866653648927206,0.04091878367334685,2.7375987021859394,2.5232985481901773
Broockman,Broockman-support-increasing defense spending,main,"With China on the rise, it's more important than ever to ensure that America continues to have the most powerful military in the world.",0.013533929735353967,0.036105432406007054,0.05333333333333333,0.7154525000104609,Broockman-support-increasing defense spending main,1.1023106758682033,19.44080221452562,0.027309793431238717,0.05302352397114717,0.3815454566773942,1.0937299903164464
Broockman,Broockman-oppose-increasing defense spending,main,Budgets are moral documents because they do not lie. Increased defense budgets reveal where the government's priorities truly lie.,0.0709126869533249,0.03754529985443324,-0,-0.6290981997944338,Broockman-oppose-increasing defense spending main,-1.8887234148684455,-18.644434575346814,0.01779158927551168,0.02031440250863329,-1.4148534672454036,-1.347659617605028
Broockman,Broockman-oppose-increasing defense spending,main,Cutting just $100 billion from the Defense Budget could do so much good: it could power every household in the US with solar energy; hire one million elementary school teachers amid a worsening teacher shortage; provide free tuition for 2 out of 3 public college students; or cover medical care for 7 million veterans.,0.11447923846360233,0.03701848119182532,0.16666666666666666,0.4926583200671418,Broockman-oppose-increasing defense spending main,1.4097668657078433,10.215953475883056,0.04489276698140951,0.04587718400924518,-1.8797765127532946,-1.8531839299097541
Broockman,Broockman-oppose-increasing defense spending,main,"Slashing the Department of Defense's budget will make it hungry and innovative. Scrapping expensive conventional war weapons is the start. We don't need to cut troops, but we should reorganize them to fight unconventionally.",0.048843593254174734,0.036082337576478746,0.11333333333333336,-0.4055808928187787,Broockman-oppose-increasing defense spending main,1.7872938509726157,-12.594097738534058,0.03681853973167174,0.026208331989891635,-0.33326703118984874,-0.6273224736702899
Broockman,Broockman-oppose-increasing defense spending,main,"Year after year, this country pours billions into our already-astronomical defense budget without stopping to question whether the additional funding is actually making us safer. We know that a large portion of these taxpayer dollars are used to pad the pockets of the military industrial complex, fund outdated technology, or are simply mismanaged.",0.1054511635869678,0.036281098400786166,0.16,0.5420207725460707,Broockman-oppose-increasing defense spending main,1.5035056494279182,12.032976624259065,0.04392453479927946,0.047039511703151175,-1.6958314797424967,-1.6099747377700921
Broockman,Broockman-support-increasing funding for border security,main,"DC – a sanctuary city – is sounding the alarm over 10,000 migrants bussed in from the southern border. 20 times more than that are encountered at the border every month. Yet, our leaders refuse to fix the problem and actually secure the border.",0.0466275503130726,0.03479935913460614,0.026666666666666675,-0.3391875616404006,Broockman-support-increasing funding for border security main,-0.5735991737432852,-11.086845319797865,0.02262940741845243,0.02780309863518392,-0.6896145070314031,-0.5409424812989946
Broockman,Broockman-support-increasing funding for border security,main,"Illegal aliens are on the verge of replacing you, your jobs, and your kids in school. Coming from all over the world, they're also replacing your culture. We need to secure our border!",-0.0736677845500372,0.03409443506348357,0.046666666666666676,-0.00829285989586721,Broockman-support-increasing funding for border security main,3.5294455236651396,1.9174661358207692,0.026995733722988764,0.036167845514818775,2.952491164191202,3.221511952327202
Broockman,Broockman-support-increasing funding for border security,main,Latino Americans and those who live on the southern border are starting to vote more conservatively because they see the disaster and chaos on our border as a result of liberal policies. This is just further proof that liberal approaches don't work.,-0.03722241077167035,0.032452567392401994,0.03333333333333334,-0.619197342698321,Broockman-support-increasing funding for border security main,2.174119022753271,-17.933093702253785,0.024593281133117685,0.0228873802101982,1.9048012798907468,1.85223530252777
Broockman,Broockman-support-increasing funding for border security,main,"No parent, family member, or friend should lose a loved one to fentanyl. In just one month, fentanyl seizures at the border increased by 200%. We must secure the border before this epidemic takes any more of our youth.",0.07845490255705727,0.03378474009402154,0.32666666666666666,0.5680769617829894,Broockman-support-increasing funding for border security main,7.346860251665286,14.492402719788107,0.07100804853053581,0.0480843453928998,-0.22042063978580761,-0.8989430458732984
Broockman,Broockman-support-increasing funding for border security,main,"The situation at our border isn't just about immigration. It's about our national security, public safety and knowing who is coming into our backyards. We must prioritize keeping Americans safe in their homes, and that means controlling the immigration situation.",0.048029361110180774,0.03344077782465918,0.15333333333333335,0.39860080245159946,Broockman-support-increasing funding for border security main,3.1489689855689176,10.483351887912962,0.04331333623268236,0.04474934285448413,-0.14102617176628063,-0.09808438885288029
Broockman,Broockman-oppose-increasing funding for border security,main,"As a nation of immigrants our most sacred American tradition has been allowing anyone who wants a better life to come here, work hard, and help make our country the greatest in the world. We must bring back common-sense immigration policy. More funding for border security won't fix our broken immigration system.",0.05622008713451608,0.03336684497870275,0.09333333333333334,0.22797240989799947,Broockman-oppose-increasing funding for border security main,1.1122791568248585,5.147394752878456,0.033523799810024284,0.04078468253743783,-0.680204776297498,-0.462597066247357
Broockman,Broockman-oppose-increasing funding for border security,main,"In practice, Border Patrol agents routinely ignore or misunderstand the limits of their legal authority in the course of individual stops, resulting in violations of the constitutional rights of innocent people.",0.04229110387569518,0.033765521146244135,0.05333333333333333,-0.15822356375221439,Broockman-oppose-increasing funding for border security main,0.3270267741407693,-5.93844433081447,0.027075673595027484,0.03204699279570895,-0.4506203299740915,-0.30338969256885634
Broockman,Broockman-oppose-increasing funding for border security,main,"Some politicians have supported building mass concentration camps on the southern border. Kids and families are dying. Now they want money for more. We can't do that. They‘ve shown that when they get more money, they build more camps.",0.1256962831317765,0.033742971290053436,0.15333333333333335,-0.06067843103423496,Broockman-oppose-increasing funding for border security main,0.8190461344968617,-5.52336403821527,0.04271809106132381,0.03378851841821395,-2.4591252310644185,-2.7237602736145115
Broockman,Broockman-oppose-increasing funding for border security,main,The expansion of government power both at and near the border is part of a trend toward expanding police and national security powers without regard to the effect of such expansion on our most fundamental and treasured Constitutional rights.,0.03366052482974314,0.033632118489949486,0.026666666666666665,-0.4664908822400067,Broockman-oppose-increasing funding for border security main,-0.2079517579353943,-14.871243011920686,0.022772701338717765,0.02497600551871664,-0.3237329071101797,-0.25822100126168834
Broockman,Broockman-oppose-increasing funding for border security,main,"When it comes to immigration, it is about fixing a broken system. If we don't want migrants crossing the border, we need to work now to reform legal methods of entry by reducing wait times for visas, improving background checks, and staffing our immigration system and courts. More funding for border security won't fix this system.",0.02732501003775296,0.03327987004067552,0.09333333333333334,0.45742046712845663,Broockman-oppose-increasing funding for border security main,1.9834309213017745,12.923591845912554,0.03369671219103505,0.04639481560084305,0.19145814408212627,0.5730132221004011
Broockman,Broockman-support-increasing funding for renewable energy,main,"Energy independence is about freedom from the fossil fuel industry, high gas prices, and dirty air and dirty water--especially in Black, Brown, and Indigenous communities which bear the heaviest burden of pollution.",9.594317138040909e-4,0.028954571113997223,0.12000000000000001,0.0495916108070092,Broockman-support-increasing funding for renewable energy main,4.111287568982478,1.6796028130320098,0.03818779095158009,0.037059423564379725,1.2857506709805508,1.2467804032892122
Broockman,Broockman-support-increasing funding for renewable energy,main,"Experts agree that climate change is real. But even if those experts are wrong, what's the harm in investing in the most predictable economic sector of growth -- clean energy -- even if climate change turns out to be false?",-0.03943934546213112,0.02962015679778875,0.14666666666666667,-0.2997398802705871,Broockman-support-increasing funding for renewable energy main,6.283086662886649,-8.787952629200408,0.042859646687005044,0.02954344155010968,2.7784792872966855,2.328913634157082
Broockman,Broockman-support-increasing funding for renewable energy,main,"Increasing investment in renewables would weaken petro-dictators like Vladimir Putin, who rely on international fossil fuel demand to prop up their national economies.",-0.02720478593632691,0.02943386388691555,0.16,0.2501482694635778,Broockman-support-increasing funding for renewable energy main,6.360183856783629,9.422923761062798,0.04501443103263415,0.041981766155137296,2.453609802859257,2.3505766132940575
Broockman,Broockman-oppose-increasing funding for renewable energy,main,"All of us want to make energy as clean as we can as fast as we can, but we must do it in ways that don't raise the energy costs for American families and impact their jobs, income, or ability to provide for their families. That should be our priority.",-0.021680092096289596,0.029730742205887895,-0.15999999999999998,0.6756544376212854,Broockman-oppose-increasing funding for renewable energy main,-4.652420277497056,23.454999033945224,-0.006285001451566244,0.052864283040869285,0.517817232348626,2.5073163199536963
Broockman,Broockman-oppose-increasing funding for renewable energy,main,"If corporations make the switch to carbon-neutral energy, they will take away land already scarce from competing uses, urbanisation and industrial development, because more renewable energy plants will need to be built to satisfy demand.",0.09736456131801076,0.03000671210474046,0.1,-0.566843867196586,Broockman-oppose-increasing funding for renewable energy main,0.0878283056400871,-22.13532846238309,0.03436727505670392,0.021410085602303775,-2.0994398200446134,-2.531249523459376
Broockman,Broockman-oppose-increasing funding for renewable energy,main,"Renewable energy technologies totally depend on the weather (e.g., sun and wind) to be able to harness any energy. In case atmospheric conditions are not good enough, renewable energy technologies would lack the ability to generate any electricity.",0.04079226346555718,0.029605960598442744,-0.04666666666666667,-0.10881057042469935,Broockman-oppose-increasing funding for renewable energy main,-2.9540987140550383,-5.053132236422876,0.01029446204829244,0.03319353212714114,-1.030123691337646,-0.2566622120957536
Broockman,Broockman-support-increasing legal immigration,main,"Immigrants are essential to our society and our economy. They grow our food, care for our loved ones, serve in our armed forces, and provide critical health care services to some of our most vulnerable. Immigrants make America stronger.",0.0200106822927907,0.03355187046707765,0.13333333333333336,-4.8263321525755646e-4,Broockman-support-increasing legal immigration main,3.3775360199884856,-0.6107950234296793,0.040248738976158285,0.0357984151079057,0.6031871368609962,0.470547024512583
Broockman,Broockman-support-increasing legal immigration,main,"Many of the people coming to America today, including Ukrainian refugees, are fleeing violence and prosecution from communism and other dictatorships. They deserve a chance to achieve the American dream just like those who came to this country before them.",0.0016465455519069992,0.033324882330788765,0.2066666666666667,-0.009874505177348048,Broockman-support-increasing legal immigration main,6.152163391897177,-0.3457191720857415,0.05267537946634111,0.03569098243772416,1.5312532361828843,1.0215921109003767
Broockman,Broockman-support-increasing legal immigration,main,"Our country is stronger when we have the world's brightest minds working with us, not our adversaries. We must expand immigration visas and create a pathway to citizenship for highly qualified, foreign professionals seeking to defend our national security.",0.05704296114402086,0.03423144303764986,0.1933333333333333,0.3619088395071176,Broockman-support-increasing legal immigration main,3.981438119316555,8.906018891105068,0.04972203956985614,0.04380897234532318,-0.21386540924122657,-0.3866032987315819
Broockman,Broockman-support-increasing legal immigration,main,"We are a nation of laws -- but we are also a nation of grace. We need to ensure that our border is secure, that people do not come to America illegally, and that immigrants have a real pathway to apply for legal immigration to America.",0.0408593952240581,0.0345633901177783,0.18000000000000002,-0.35155170111451206,Broockman-support-increasing legal immigration main,4.025664273724482,-11.353374046972506,0.047726154561083166,0.02757473199116122,0.1986714646227086,-0.38435648782217324
Broockman,Broockman-oppose-increasing legal immigration,main,"Decades of record immigration have produced lower wages and higher unemployment for our citizens, especially for African-American and Latino workers. We need an immigration system that works for the American people.",0.04703315982285783,0.03397383477667364,0.2333333333333333,0.42958994142072154,Broockman-oppose-increasing legal immigration main,5.483636885123982,11.260335611584427,0.05644732577014877,0.04547372888283064,0.2771004806838787,-0.04590093965777129
Broockman,Broockman-oppose-increasing legal immigration,main,"Our immigration system operates on really big numbers--and many in Washington would like to see them grow even bigger, hoping that the American people will not understand just how large our immigration intake truly is.",0.05438607554611957,0.03270061893411545,0.2666666666666667,-0.6992963139768866,Broockman-oppose-increasing legal immigration main,6.491638324896718,-23.04795487331632,0.06185193598163524,0.01891093865620608,0.2283094534252619,-1.084846037972189
Broockman,Broockman-oppose-increasing legal immigration,main,"Overloading the immigration system is causing a crisis, leading to an existential threat to our national security and sovereignty.",0.10299173031124913,0.0336571098493902,0.13333333333333336,-0.10799541658245289,Broockman-oppose-increasing legal immigration main,0.9014916360275051,-6.26872443408936,0.039713649937867024,0.032818959648753365,-1.8800806324886679,-2.084931563539082
Broockman,Broockman-oppose-increasing legal immigration,main,"We continually see the disaster and ruin in border towns and cries to the president for help, as well as from mayors of cities complaining that they can't support such a rapid influx of immigrants.",0.0715915684790589,0.034420817654739096,0.13333333333333336,0.5506372394858305,Broockman-oppose-increasing legal immigration main,1.793733242294835,13.917323981431224,0.039916128489273596,0.04782781889378006,-0.9202407771804977,-0.6903888752336776
Broockman,Broockman-oppose-increasing legal immigration,main,"Will the US remain a country with a single national language and culture? The single most immediate and most serious challenge to America's traditional identity comes from the immense and continuing immigration from Latin America, especially from Mexico. The assimilation successes of the past are unlikely to be duplicated with the contemporary flood of immigrants from Latin America.",0.054333699733036867,0.03357515552135518,0.10666666666666665,-0.17293545034721253,Broockman-oppose-increasing legal immigration main,1.5586812963634336,-6.768967903535008,0.035703915590882686,0.03162283233117795,-0.5548681414239429,-0.6764188296138754
Broockman,Broockman-support-increasing taxes on high-earning Americans,main,"In a country founded on equal opportunity, tax laws should help everyone achieve the American dream. Instead, our tax laws benefit the rich and powerful while pushing that dream further out of reach for everyone else. It's left us with an appalling gap between the haves and the have-nots. To stop the explosive increase in economic inequality in this country, we must tax the rich.",0.027394260316750522,0.03141813483868015,0.09333333333333335,-0.007908569746916292,Broockman-support-increasing taxes on high-earning Americans main,2.098758355808014,-1.1236449981812433,0.03369629778720471,0.035585275798599256,0.20058598331227137,0.2607097946426928
Broockman,Broockman-support-increasing taxes on high-earning Americans,main,"Legislators have the responsibility to put a check on the wealthy, and they can ensure that the wealthiest Americans pay what they owe by raising their taxes.",0.03995114381615174,0.031015514415321084,-4.810966440042345e-18,-0.871807966536775,Broockman-support-increasing taxes on high-earning Americans main,-1.28810192477145,-29.396872099033597,0.01826095570165619,0.014982080225581118,-0.6993334956192441,-0.8050507644727752
Broockman,Broockman-support-increasing taxes on high-earning Americans,main,"Raising taxes on working families, seniors and active-duty military would impose financial pain and hardship on many Americans. Instead, we should raise taxes on the rich.",0.014842248980577427,0.03105296779235653,0.14666666666666664,0.3239660714175857,Broockman-support-increasing taxes on high-earning Americans main,4.2451471488189565,9.954727177899466,0.04246959860465,0.04337341973213164,0.8896846771236099,0.9187904660944184
Broockman,Broockman-support-increasing taxes on high-earning Americans,main,"The ultra-rich should pay what they owe in taxes and not expect working families to continue to subsidize more than their share of taxes that support our roads, schools, and infrastructure.",0.03978456821790767,0.03106507837379102,0.10666666666666666,0.5557504648661056,Broockman-support-increasing taxes on high-earning Americans main,2.1529673173200834,16.609193462827633,0.03578900039320236,0.04852194400591182,-0.12861927392001335,0.28126038128317404
Broockman,Broockman-oppose-increasing taxes on high-earning Americans,main,"Raising taxes on the rich only targets people that contributed to society by creating a lot of jobs, investing a lot of money, and giving a lot to philanthropic pursuits.",0.014097546223307422,0.03129955858259511,0.039999999999999994,0.16596547765805564,Broockman-oppose-increasing taxes on high-earning Americans main,0.8275661047531919,4.852079016833104,0.02514855188011596,0.03967066806230038,0.35307225268517756,0.817044169217566
Broockman,Broockman-oppose-increasing taxes on high-earning Americans,main,"Raising taxes on the rich will be met with the rich buying less, hurting the middle class. Don't expect the rich to shoulder the entire cost. It doesn't work that way in Norway, Sweden, or Venezuela. And it won't work that way in the USA.",0.10334769097118728,0.031319782507278904,0.08666666666666666,0.24071377134941996,Broockman-oppose-increasing taxes on high-earning Americans main,-0.5326034528063486,4.385920634867371,0.03214609616059142,0.040689632665514126,-2.2733744972222643,-2.0005904667796157
Broockman,Broockman-oppose-increasing taxes on high-earning Americans,main,"Rather than only increasing taxes on the rich, we must work to ensure that all Americans pay more income tax to have skin in the game, as currently over half of Americans pay no income tax.",0.015142923129157736,0.03136845959105176,0.15333333333333335,-0.4066792490074756,Broockman-oppose-increasing taxes on high-earning Americans main,4.405393570667912,-13.447334604118186,0.04356538038354935,0.026604304591843354,0.9060839335094247,0.36537916149236477
Broockman,Broockman-support-increasing the federal minimum wage,main,Billionaires increased their net worth by billions of dollars during the pandemic. But fast food workers getting paid the federal minimum wage of $7.25 an hour haven't seen a pay increase in more than a decade. We must raise the minimum wage to $15.,0.013577327970086421,0.02783759921391178,0.13999999999999999,0.7679878562347218,Broockman-support-increasing the federal minimum wage main,4.541435885273256,27.10041632784268,0.04138304967291016,0.05437825818537659,0.9988548757080995,1.4656770471391796
Broockman,Broockman-support-increasing the federal minimum wage,main,"McDonald's and low-wage employers everywhere are making billions of dollars in profit and pushing off costs onto taxpayers, while leaving people like us – the people who do the real work – struggling to survive.",0.03332291655200432,0.027815909750211813,0.09333333333333334,0.45218144102232033,Broockman-support-increasing the federal minimum wage main,2.157413412691708,15.058235672738567,0.03366081983840397,0.0461861550455059,0.012147842347564471,0.4624417683625691
Broockman,Broockman-support-increasing the federal minimum wage,main,"Raising the minimum wage is not ""disturbing."" Certain politicians and their rich friends couldn't care less if people are forced to survive on less than a living wage.",0.04128912761160421,0.02738050742403853,0.07999999999999999,-0.7232623270765227,Broockman-support-increasing the federal minimum wage main,1.413811358163868,-27.92320254871881,0.031442663952002195,0.018658133372598692,-0.3596158211062727,-0.8265366995768965
Broockman,Broockman-support-increasing the federal minimum wage,main,The bulk of rigorous research examining hundreds of case studies of minimum wage increases at the state and local levels finds that raising the minimum wage boosts incomes for low-paid workers without reducing overall employment or job growth to any significant degree.,0.02471842171283188,0.027162828148300823,0.15333333333333335,-0.31718445268728107,Broockman-support-increasing the federal minimum wage main,4.73496025223526,-12.5871603845309,0.04349199303734169,0.028536674310008163,0.6911493612525099,0.14056903708000426
Broockman,Broockman-support-increasing the federal minimum wage,main,"When we build back better, we will do so with higher wages -- including a $15 minimum wage -- better benefits, and stronger collective bargaining rights that you can raise a family on. That's how we will build back the middle class.",0.009492150102448235,0.027788071233903228,0.09333333333333334,-0.17972251749323823,Broockman-support-increasing the federal minimum wage main,3.017164542481577,-6.809204784419598,0.033803426641435014,0.03178589866185894,0.8748817553528315,0.8022776525853621
Broockman,Broockman-oppose-increasing the federal minimum wage,main,"According to the Congressional Budget Office, a $15 minimum wage would lead to 1.4 million lost jobs.",0.04461156469874664,0.027675624640584023,0.01333333333333334,0.6600344698393374,Broockman-oppose-increasing the federal minimum wage main,-1.1301725533430727,22.23700144560148,0.020429037992330295,0.05088223677496883,-0.873784314553633,0.2265774361972941
Broockman,Broockman-oppose-increasing the federal minimum wage,main,"Companies listed on Wall Street may support a much higher minimum wage because it would give them a competitive advantage, but a hike would make it that much harder for Main Street to even continue to exist.",-0.010792827485401502,0.027900916225268947,0.06666666666666668,0.07065688940970002,Broockman-oppose-increasing the federal minimum wage main,2.7762347847887394,2.9192488245721187,0.029638189063958518,0.03761626720181204,1.4490927904633815,1.735036021626093
Broockman,Broockman-oppose-increasing the federal minimum wage,main,"Higher federal minimum wages, particularly at $15 an hour, would benefit many low-​wage workers but impose significant costs on other workers (particularly those out of the labor force or with the lowest skills), companies, and/​or consumers--even if they don't actually destroy low-wage jobs.",0.00816663431383918,0.02732212042805884,0.02666666666666668,-0.24860733590392428,Broockman-oppose-increasing the federal minimum wage main,0.677108220847626,-9.398024977375686,0.023054425124911897,0.030242503756070602,0.5448988064551348,0.8079852184371566
Broockman,Broockman-oppose-increasing the federal minimum wage,main,"If we want to increase the income of the working poor, then there are better policies to do so than a $15 minimum wage, like an earned income tax credit (EITC).",0.010577491888778255,0.026847221740543055,-0.00666666666666667,-0.4746676663922769,Broockman-oppose-increasing the federal minimum wage main,-0.6423070037598653,-18.074315583584845,0.017621658038864993,0.025129740336352305,0.26237970610750616,0.5420392690241806
Broockman,Broockman-oppose-increasing the federal minimum wage,main,"Raising the minimum wage hurts the poor. It takes away jobs, keeps people on welfare, and encourages high-school students to drop out.",0.019847610751391423,0.026997827182647982,0.06,-0.007416356952836218,Broockman-oppose-increasing the federal minimum wage main,1.487245213363514,-1.0098578496624615,0.028339296650782296,0.03564069459665747,0.31453219705208874,0.5849761070926686
Broockman,Broockman-support-legalizing marijuana,main,America's nearly 100-year experiment with cannabis criminalization has been an abject failure.,0.03059095858415066,0.031055003840166198,0.09333333333333335,-0.5667514846012932,Broockman-support-legalizing marijuana main,2.020362807620471,-19.234982106582375,0.033677168275733325,0.022672965825456852,0.09937882176626867,-0.2549667293376008
Broockman,Broockman-support-legalizing marijuana,main,"Black and white people use marijuana at the same rates, but Black people are six times more likely to go to jail for it. It makes no sense. We should be proud to vote to legalize marijuana and wipe the slate clean for marijuana-related convictions and arrests.",0.03995455964620235,0.031127623225046204,0.14666666666666664,-0.06206863025870601,Broockman-support-legalizing marijuana main,3.4282124995203804,-3.277577255651742,0.04228915054082297,0.03427113163324018,0.07500061529728802,-0.18258470850383193
Broockman,Broockman-support-legalizing marijuana,main,"Hundreds of thousands of Americans are arrested each year for marijuana-related offenses, the vast majority of which are for simple possession. By legalizing marijuana, government resources could be better spent on things like testing untested rape kits or investing in human needs such as mental health counseling, substance abuse treatment, and activities for at-risk teens.",0.03923560191711869,0.031616558951281876,0.16000000000000003,0.39447759415552586,Broockman-support-legalizing marijuana main,3.8196566004848234,11.23594736498053,0.04446855933427224,0.04476082578759788,0.16551318646716245,0.1747572807968457
Broockman,Broockman-support-legalizing marijuana,main,"Polls show that a strong and growing majority of Americans agree it is time to end cannabis prohibition. Nationwide, a recent Gallup poll found that 66% support making marijuana use legal for adults.",0.0029443457632319864,0.03166158330520877,0.07333333333333332,0.23434252070447337,Broockman-support-legalizing marijuana main,2.22316701257708,7.30848399811936,0.030613754673813786,0.04135637793436158,0.8739110942070228,1.2132062948605065
Broockman,Broockman-oppose-legalizing marijuana,main,"Legalization of cannabis for adult use is associated with increased traffic fatalities, exposures reported to poison control (including infants and children), emergency department visits, and cannabis-related hospitalizations. Furthermore, the increasing prevalence of cannabis use in pregnant people is most concerning.",0.031479649502992216,0.03121974872888919,0.2,0.19486618835264768,Broockman-oppose-legalizing marijuana main,5.397876579995262,5.233435421549879,0.0511401247881951,0.04021602955842558,0.6297448277349544,0.27983505348808757
Broockman,Broockman-oppose-legalizing marijuana,main,"Legalizing marijuana could lead us to be soft on crime. A lot of times when you look at the underlying charge -- it wasn't just that they smoked a joint, it's that they smoked a joint and then beat an elderly woman over the head with a pistol.",0.024883504108052373,0.03114971081834024,0.11333333333333336,-0.48239346503060526,Broockman-oppose-legalizing marijuana main,2.839507234629085,-16.285126115520292,0.03695964262329668,0.024737251820725597,0.38768059792497817,-0.004695141093915596
Broockman,Broockman-oppose-legalizing marijuana,main,"Marijuana legalization is an issue that should be left up to the states, and Congress should focus its efforts on national security issues including securing the border and keeping drugs from making their way into our communities.",-0.040186060732361216,0.03199177330662659,-0.05333333333333333,0.09662267656444216,Broockman-oppose-legalizing marijuana main,-0.41095791955517713,4.276372428172514,0.011330564087147764,0.03840166935982517,1.6103085104331532,2.4564980921488395
Broockman,Broockman-oppose-legalizing marijuana,main,"Today, marijuana trafficking is linked to a variety of crimes, from assault and murder to money laundering and smuggling. Legalization of marijuana would increase demand for the drug and almost certainly exacerbate drug-related crime, as well as cause a myriad of unintended but predictable consequences.",0.005142358418887854,0.03249234163529098,0.14666666666666667,0.1517517088673732,Broockman-oppose-legalizing marijuana main,4.355620467010747,4.512120181859967,0.042539298541644927,0.039400939672313375,1.1509462919760467,1.0543586435831442
Broockman,Broockman-oppose-legalizing marijuana,main,We should not be legalizing marijuana. The drug cartels out of Mexico have absolutely wrought havoc throughout California forests and 27 other states throughout our great nation by growing black market illegal unregulated cannabis.,0.03758692187573601,0.03163395905368434,0.08666666666666667,0.03915289124614205,Broockman-oppose-legalizing marijuana main,1.5514891673103577,0.04950279437829839,0.03255126333329041,0.03660285970816541,-0.15918521402584612,-0.03110777774924083
Broockman,Broockman-support-lowering the Medicare eligibility age,main,Health care is a basic human right – and we fight for basic human rights. We must push to dramatically improve Medicare by lowering the eligibility age.,0.026347087473900983,0.031382532868397386,0.08666666666666667,-0.6635429884159015,Broockman-support-lowering the Medicare eligibility age main,1.9220749149125653,-21.983250325359517,0.032620514529540665,0.02048063435853681,0.19990187159039363,-0.1869337041712069
Broockman,Broockman-support-lowering the Medicare eligibility age,main,"Lowering the Medicare eligibility age will not only be life-changing for at least 23 million people, it will also be life-saving for so many across America who will finally be able to get the care they need and deserve.",0.023891271717114745,0.03222153642070029,0.13333333333333336,0.039119573266115995,Broockman-support-lowering the Medicare eligibility age main,3.3965500647544866,0.47261252071201776,0.04022371566164673,0.03668297685344372,0.5068797381753475,0.39699240189276375
Broockman,Broockman-support-lowering the Medicare eligibility age,main,Many working Americans – like firefighters and nurses – can end up out of the workforce before 65 because of the grueling nature of their jobs. Most have paid into Medicare for decades at that point and they should get the benefit when they need it.,0.055546955398797934,0.03188287083207637,0.16666666666666669,0.6244234151497856,Broockman-support-lowering the Medicare eligibility age main,3.485247983254841,17.84269875655798,0.04541381917739425,0.04980675996981952,-0.317823833204162,-0.18004010552284958
Broockman,Broockman-oppose-lowering the Medicare eligibility age,main,Calls to lower the medicare eligibility age could accelerate the program's insolvency and create financial stress for America's hospital systems. Calls to do so are nothing more than pandering to older Americans to gain votes.,0.09643553740869763,0.031419560226136144,0.26666666666666666,0.05115220218537395,Broockman-oppose-lowering the Medicare eligibility age main,5.417998470785833,-1.4412466278141935,0.060702507533180856,0.03652750251693996,-1.1372861242593875,-1.9067114390074622
Broockman,Broockman-oppose-lowering the Medicare eligibility age,main,"If the Medicare eligibility age is lowered to 60, many people may retire early, which could lead to a shortage of skilled workers in the job market. This could make it difficult for companies to find people to fill job vacancies, potentially causing prices to go up and hurting the economy.",0.07955633527171391,0.03195809869040684,0.19333333333333333,-0.058879340277745496,Broockman-oppose-lowering the Medicare eligibility age main,3.5601929627863913,-4.331786971764216,0.04944992609303054,0.034106957855686404,-0.9420588336727519,-1.4221552369656605
Broockman,Broockman-oppose-lowering the Medicare eligibility age,main,"Lowering the eligibility age would increase costs for the federal government, even as it potentially lowered costs for businesses. While such a change could lower costs for many, it might not make a huge impact on covering the number of people who aren't insured.",0.042590306236122706,0.03204373982757659,0.04,-0.520279464125284,Broockman-oppose-lowering the Medicare eligibility age main,-0.080836576818462,-17.565670342792053,0.024879367276909328,0.023562710527418238,-0.5527113581159301,-0.5938007177404888
Broockman,Broockman-oppose-lowering the Medicare eligibility age,main,"Lowering the Medicare eligibility to 60, if fully implemented in calendar year 2026, would increase federal budget deficits by $155 billion over the five-year period between 2026 and 2031.",0.08631670387543738,0.03224513332798974,0.059999999999999984,0.5244672861351706,Broockman-oppose-lowering the Medicare eligibility age main,-0.8161449855936466,13.588115074698896,0.027834212059029723,0.04700021995277403,-1.8136842921856708,-1.2192997784423942
Broockman,Broockman-support-making abortion legal in all cases,main,Abortion bans put women in life-threatening danger – one hospital refused to save a woman's life until her ectopic pregnancy ruptured because the fetus still had a heartbeat.,0.04948791022456805,0.034220051309413475,0.05333333333333333,0.9089006464161307,Broockman-support-making abortion legal in all cases main,0.11237338816343206,25.114302968772865,0.02701708247215083,0.056677418250592075,-0.6566567521842317,0.2100963543571979
Broockman,Broockman-support-making abortion legal in all cases,main,Abortion bans will not stop abortions. They will just stop women from getting the safe healthcare they need.,0.021718543475863238,0.034353490977810826,0.04,0.05443844497157975,Broockman-support-making abortion legal in all cases main,0.5321571695856148,0.9524476425656577,0.025076552708377414,0.03704733878705398,0.09774870433642799,0.4462077906752394
Broockman,Broockman-support-making abortion legal in all cases,main,Abortion isn't just a cis women's issue. People of all genders need care. Trans and non-binary folks need to count on someone for support too.,-0.04400816771153702,0.03395704132981883,0.03999999999999999,-1.1081082404641167,Broockman-support-making abortion legal in all cases main,2.4739542793372453,-31.33665452231721,0.02569750408911761,0.013630309743020982,2.052760460595361,1.697393977723957
Broockman,Broockman-support-making abortion legal in all cases,main,"Opposing abortion rights also threatens contraception, which is the last safeguard against pregnancy in states where abortion is illegal.",-0.03897563631539149,0.033974564720243274,0.03333333333333333,0.2781708017310806,Broockman-support-making abortion legal in all cases main,2.128326595031857,9.33481975877986,0.024611184674706618,0.04277071883533108,1.8716007552617966,2.4061045615697068
Broockman,Broockman-support-making abortion legal in all cases,main,"Our country is in the middle of a labor shortage, and we need to make sure women can fully participate in the economy.",0.04074252330352203,0.03369738481276695,0.006666666666666666,-0.7299232183980334,Broockman-support-making abortion legal in all cases main,-1.0112314895114656,-22.870194407774125,0.019366048635885754,0.018508571394272335,-0.6343659837821408,-0.6598123870083207
Broockman,Broockman-support-making abortion legal in all cases,main,Pregnant Americans should be able to control their own medical decisions without interference from the government.,0.026673693602615477,0.034495692003769146,0.03999999999999999,0.4641136950517189,Broockman-support-making abortion legal in all cases main,0.38631798996606365,12.681003801903927,0.025029739057467526,0.04656345868505747,-0.04765680726069577,0.5765869280218746
Broockman,Broockman-support-making abortion legal in all cases,main,"Your constitutional right to access a safe, legal abortion shouldn't depend on the state you live in.",0.0742970542963257,0.0347804580849966,0.019999999999999993,0.08686917587804638,Broockman-support-making abortion legal in all cases main,-1.5611368361979128,0.3614708452371985,0.021187074576025755,0.03746976583418032,-1.5270063318461649,-1.058850012042588
Broockman,Broockman-oppose-making abortion legal in all cases,main,Abortions cause psychological damage. They subject women to increased risk of depression and anxiety.,0.002832119906979015,0.03409053030273147,0.039999999999999994,0.4336195807493083,Broockman-oppose-making abortion legal in all cases main,1.090269930181841,12.636572591181217,0.025254981699885982,0.0461571171004025,0.6577445875375648,1.2708807052482876
Broockman,Broockman-oppose-making abortion legal in all cases,main,"If we truly want to end child pregnancy, we need to focus on getting criminals and illegal immigrants off the streets, not on increasing abortion access.",0.06032522898275428,0.035237652184632894,-0.026666666666666675,-0.10355631964195397,Broockman-oppose-making abortion legal in all cases main,-2.46871997015051,-4.6507510706453035,0.013334166852176744,0.03319142897566013,-1.3335469084137874,-0.7700229250496767
Broockman,Broockman-oppose-making abortion legal in all cases,main,"Some politicians believe abortion is not murder. In reality, abortion is the killing of an innocent human being, even if that human being has yet to be born.",0.038808723358521424,0.03440524050625351,0.08,0.015588734422518387,Broockman-oppose-making abortion legal in all cases main,1.1972384449395619,-0.6748968643826967,0.03145856609731194,0.03605634657871977,-0.21363481705275453,-0.07999876586537397
Broockman,Broockman-oppose-making abortion legal in all cases,main,"Supporting abortion access is a subversion of women's responsibilities. If women become pregnant, they should accept the responsibility that comes with having sex.",-0.01178609256063863,0.03368728635063878,0.05333333333333332,-0.3773122421385382,Broockman-oppose-making abortion legal in all cases main,1.933056442011013,-10.850566761990565,0.027515930496162862,0.027581996310276333,1.1666722765295177,1.1686334263064933
Broockman,Broockman-oppose-making abortion legal in all cases,main,Supporting abortion access reduces the number of adoptable babies. Women should give their unwanted babies to people who cannot conceive instead.,-0.03308761687140226,0.03364107755522139,0.01999999999999999,0.01622531653377702,Broockman-oppose-making abortion legal in all cases main,1.5780593467691284,1.465854752251403,0.022471872105876037,0.03649201614660408,1.651537138965841,2.068293826313747
Broockman,Broockman-oppose-making abortion legal in all cases,main,"The Bible does not draw a distinction between fetuses and babies, therefore ""thou shalt not kill"" is violated when you support abortion.",0.015678622423295773,0.03452063373728335,0.026666666666666658,-0.213940022231848,Broockman-oppose-making abortion legal in all cases main,0.31830366519324527,-6.651634683263318,0.02297141285455162,0.030965580021037834,0.21125888031943657,0.44283536953818076
Broockman,Broockman-oppose-making abortion legal in all cases,main,"Women are being forced to have abortions--76% of women seeking an abortion said they would choose to parent if their financial, housing, or educational circumstances were different.",-0.012796003419500572,0.03338856317045268,0.013333333333333341,0.4740933793889974,Broockman-oppose-making abortion legal in all cases main,0.7825834439008491,14.582519778490267,0.02117267154427701,0.04738746205248144,1.017374565966297,1.802517381917218
Broockman,Broockman-support-making it easier to drill for oil and gas,main,Increasing domestic oil production will help deal with inflation that millions of Americans have experienced in their daily lives.,0.0898151877233923,0.03401679968818474,0.14666666666666667,0.8536564594661593,Broockman-support-making it easier to drill for oil and gas main,1.6712765299617807,22.45482463795901,0.04193086993823211,0.053907335242696565,-1.4076667477273628,-1.0555917314340368
Broockman,Broockman-support-making it easier to drill for oil and gas,main,It's unpatriotic to want to stop drilling for oil and gas in the U.S. Restricting fossil fuel drilling at home only helps Putin and Russia.,0.02281973280847912,0.03383572370740927,0.02666666666666666,-0.24296876720646782,Broockman-support-making it easier to drill for oil and gas main,0.11369444588960127,-7.855262748724513,0.022892499020113956,0.030248843543150633,0.0021505735259004484,0.21956411510254484
Broockman,Broockman-support-making it easier to drill for oil and gas,main,Regulation is killing American business by making energy more expensive. Regulation is killing the coal industry and keeping us from extracting natural gas that could heat and power our homes. Regulation has stifled oil production on both private and federal land.,-0.03456400252790604,0.03481474087062044,0.04666666666666668,-0.11690276827335856,Broockman-support-making it easier to drill for oil and gas main,2.3332263048127952,-2.365054677598844,0.026653286036641688,0.03349021084496121,1.7583726615126969,1.9547528337428193
Broockman,Broockman-support-making it easier to drill for oil and gas,main,"We are unnecessarily trying to decrease American oil and gas production when it is cleaner than any other country. Global energy demand is for oil and gas, not renewables.",-0.02238545723118055,0.03384707202446109,0.02666666666666666,-0.49378492398633306,Broockman-support-making it easier to drill for oil and gas main,1.4492279823317513,-13.927333697120824,0.02339204526573908,0.025216580874709647,1.3524804291442545,1.4063857007036966
Broockman,Broockman-oppose-making it easier to drill for oil and gas,main,"America's public lands provide us with clean air and water, sustain fish and wildlife, and offer a place for millions to experience the beauty of nature. Right now, they're under attack by oil, gas, and coal companies. It's wrong. Let's end it and make our public lands part of the climate solution--with a total moratorium on new fossil fuel drilling. Together, we can protect our public lands for generations to come.",0.11740758826128568,0.033730532376507014,0.1933333333333333,0.17087338257254223,Broockman-oppose-making it easier to drill for oil and gas main,2.2509500954372474,1.5850859901782917,0.04899242754151275,0.03906181063914404,-2.0282858259131253,-2.322696148036748
Broockman,Broockman-oppose-making it easier to drill for oil and gas,main,"Fossil fuels produce toxic chemicals and climate-polluting emissions. They harm our health, pollute our air and water, and drive the climate crisis. We need to fight back against industry's push to build and expand oil and gas.",0.04929885173343871,0.03482779107345423,0.16,0.3465061586438117,Broockman-oppose-making it easier to drill for oil and gas main,3.1785291244306846,8.533624951509044,0.044385880056716044,0.04354275448275886,-0.14106469360519786,-0.16527310728779337
Broockman,Broockman-oppose-making it easier to drill for oil and gas,main,Fracking for natural gas is an unsustainable solution to our climate crisis. We should not be wasting vital time and resources fracking. We should be striving for 100% clean energy solutions.,0.06491113263984655,0.034762764950108146,0.12666666666666662,-0.7023334180472146,Broockman-oppose-making it easier to drill for oil and gas main,1.7764851016727872,-22.070872434578142,0.03888225771563715,0.018560479374498125,-0.7487573258791781,-1.3333419632147019
Broockman,Broockman-oppose-making it easier to drill for oil and gas,main,The solution to high energy prices is a swift and urgent transition to clean energy--not further reliance on dirty fuels controlled by dictators and profiteering oil corporations. We can never be energy independent while we rely on a fuel source that is both controlled by the global market and highly susceptible to international conflict and manipulation by autocratic regimes. Now is the time for the United States to finally achieve real energy security by reducing our dependence on fossil fuels.,-0.02438588999000836,0.034127531763025604,0.12000000000000001,0.18495387683086068,Broockman-oppose-making it easier to drill for oil and gas main,4.230774466568329,6.134043571462486,0.03833993231716116,0.04038961184280729,1.8379829734750357,1.8980423864990617
Broockman,Broockman-support-reducing police funding in order to increase social services funding,main,"Half of all voters say that gun violence is due to a failure to address the root causes of it -- poverty, trauma, and mental health. We must attack crime at its source to keep communities safe and keep all Americans healthy and stable.",0.057602251833562726,0.03550077176158268,0.08000000000000002,0.20212422856677156,Broockman-support-reducing police funding in order to increase social services funding main,0.630908767754596,4.0709530965634935,0.031338078712918264,0.04018851413128606,-0.7398197790467855,-0.49051715887261416
Broockman,Broockman-support-reducing police funding in order to increase social services funding,main,Investing in social services that address the causes of crime and prevent future crime ensures that police can focus on fighting violent crime.,0.03527036528623284,0.03552585972332485,0.12,0.2919604982527262,Broockman-support-reducing police funding in order to increase social services funding main,2.3850129278683463,7.2254446469584215,0.03798183135283941,0.042427425939324456,0.07632372834108588,0.20146058980221038
Broockman,Broockman-support-reducing police funding in order to increase social services funding,main,"Some of the best people wake up every day, put on a gun and badge, and protect our cities. But we ask these officers to give too much. Behavioral health experts can share the load by responding to most mental health-related calls, which would free police officers to do their most important work like solving murders.",0.013592795764446887,0.03654383729451488,0.15333333333333335,0.6437385457335547,Broockman-support-reducing police funding in order to increase social services funding main,3.8239152731194186,17.243557234852585,0.04357726067704905,0.05119838132964372,0.8205067429276985,1.0290540991118446
Broockman,Broockman-support-reducing police funding in order to increase social services funding,main,"We must reorient our approach toward crime prevention, and away from over-policing--including by making evidence-based investments in jobs, housing, education, and the arts that will make our nation fairer, freer, and more prosperous while also preventing crime.",0.0295838035394499,0.035777627072036404,0.13333333333333336,-0.1035104825059295,Broockman-support-reducing police funding in order to increase social services funding main,2.89984379302152,-3.720042298428594,0.04018700834773599,0.033385694191636804,0.2963641156786917,0.10626447205489603
Broockman,Broockman-support-reducing police funding in order to increase social services funding,main,We need to defund the police and make sure that money goes back into the communities that need it. We have to end the militarization of police and stop racial profiling. Throwing money at the problem will not solve it.,-0.024322232564255846,0.03627517363583541,0.11333333333333333,-1.034312790047123,Broockman-support-reducing police funding in order to increase social services funding main,3.794759668954483,-27.842473412315265,0.03724941916321918,0.014022546230703276,1.697349607353769,1.0570529359804137
Broockman,Broockman-oppose-reducing police funding in order to increase social services funding,main,"Americans do not feel safe in cities controlled by the Left, cities that defunded the police, and cities that ignore police staffing issues.",0.039859113735293016,0.03624912202340421,0.09333333333333335,-0.5423627274695297,Broockman-oppose-reducing police funding in order to increase social services funding main,1.4751866145479264,-16.06168118579291,0.03362170627542806,0.023081792866683846,-0.17207058024295824,-0.4628338545076184
Broockman,Broockman-oppose-reducing police funding in order to increase social services funding,main,"Defunding the police hurts Black people, who are half of all crime victims, but only 13% of Americans. Slashing police budgets means fewer officers, longer wait times, less training, and fewer crimes solved.",0.13482706662481758,0.0362801622743035,0.27999999999999997,-0.03695572810269821,Broockman-oppose-reducing police funding in order to increase social services funding main,4.00144112580239,-4.734895986096127,0.0615945055077286,0.03428629241286051,-2.018529039738009,-2.7712327594291946
Broockman,Broockman-oppose-reducing police funding in order to increase social services funding,main,Our major cities are being overrun by criminals since our laws are no longer being enforced -- and Americans are sick and tired of inaction.,0.05993247855782412,0.036148693772640364,0.29333333333333333,-0.14561360466779333,Broockman-oppose-reducing police funding in order to increase social services funding main,6.456688483503707,-5.686127540829369,0.06617289664305774,0.032219130632825194,0.17263191097534952,-0.7666486678413302
Broockman,Broockman-oppose-reducing police funding in order to increase social services funding,main,"Police departments must have the resources they need to solve shootings and murders and hold people accountable for their actions. The message must be clear: if you pick up a gun, pull the trigger, and take someone's life, police will track you down, arrest you, and hold you accountable.",0.025099754925637097,0.03539000185567024,0.4066666666666666,0.49459039753872985,Broockman-oppose-reducing police funding in order to increase social services funding main,10.781771453337583,13.266194348556391,0.0893207224417768,0.04731574489450438,1.8146641466154692,0.6277476350374309
Broockman,Broockman-oppose-reducing police funding in order to increase social services funding,main,"Some folks throw around the term ""defund"" the police, but police and public safety are important pillars of our community and we must give police the resources they need to protect our communities.",0.055295426610709165,0.03718648610721677,0.18,0.23034166270129142,Broockman-oppose-reducing police funding in order to increase social services funding main,3.353491723572383,4.707254016577036,0.04757724828661019,0.04084571592909313,-0.20755331121756923,-0.3885742428030001
Broockman,Broockman-support-requiring background checks for gun purchases,main,"Across our country, there are far too many cases involving guns in domestic violence. We must always put the safety of the victims of domestic violence first.",0.029758923038579136,0.019624071139240706,0.07999999999999999,-0.10566654376835063,Broockman-support-requiring background checks for gun purchases main,2.560176051388121,-6.900987356090967,0.03151658536555541,0.0333352829257864,0.08956665079865193,0.18224352438551342
Broockman,Broockman-support-requiring background checks for gun purchases,main,"Millions of American outdoorsmen who use guns safely for hunting and keeping their families safe value guns but we can put into place commonsense regulations like background checks to prevent terrorists, criminals and domestic abusers from having access to dangerous illegal guns.",0.0037147773063832636,0.019522392888808297,0.1,0.1198506315623407,Broockman-support-requiring background checks for gun purchases main,4.932040003600925,5.94885344831551,0.03491791574580197,0.03866776483936089,1.59832550328944,1.7904048818224176
Broockman,Broockman-support-requiring background checks for gun purchases,main,One fundamental freedom every American should have is the freedom to be safe in our homes and neighborhoods: freedom to live our lives without the constant threat of gun violence hanging over our heads. Reasonable gun control laws would help prevent the state of fear we have grown used to.,-0.010063030026272944,0.019271744483626178,0.07999999999999997,-0.07392377106786212,Broockman-support-requiring background checks for gun purchases main,4.673320056873576,-3.3136979942758726,0.03177188829989281,0.034303068643236984,2.170790421267254,2.3021319480031828
Broockman,Broockman-support-requiring background checks for gun purchases,main,We need immediate solutions that make our communities safer. We need guns off the street by making it harder for violent criminals to get their hands on them. We need background checks before people can purchase a gun.,-0.007304846742472874,0.01955574966598111,0.08666666666666667,0.05973968327387208,Broockman-support-requiring background checks for gun purchases main,4.805313783117759,3.4283794363033095,0.032827851810260565,0.03734276917221655,2.0522198963585465,2.2830940606873154
Broockman,Broockman-oppose-requiring background checks for gun purchases,main,Study after study has concluded that universal background checks have no effect on crime or suicide rates.,0.0317970613262058,0.019538795162639108,0.05333333333333333,-0.22439213514037692,Broockman-oppose-requiring background checks for gun purchases main,1.1022313212182027,-13.111821600773627,0.027161108398561732,0.030601615672448772,-0.23726912990564814,-0.06118318165507389
Broockman,Broockman-oppose-requiring background checks for gun purchases,main,"The federal government has said that nearly half of illegally trafficked firearms originate with ""straw purchasers"" -- people who pass background checks to buy firearms for criminals. The terrorists who attacked in San Bernardino in 2015 got firearms from a straw purchaser who passed a background check.",0.00100952141945825,0.01906741198420844,-0.08666666666666667,-0.31991530389189893,Broockman-oppose-requiring background checks for gun purchases main,-4.5982217281893325,-16.83106367959878,0.004720784305216112,0.028710679208967284,0.19463904639137794,1.4528011359093218
Broockman,Broockman-oppose-requiring background checks for gun purchases,main,"There are thousands of laws on the books that limit the owning and using of firearms, but they haven't stopped madmen from carrying out evil acts. Criminals will breaks laws regardless. Gun control laws are meaningless red-tape that prevent law-abiding citizens from getting guns to keep themselves safe.",0.02892202670026485,0.01909454672579436,-0.019999999999999993,0.21482929375287027,Broockman-oppose-requiring background checks for gun purchases main,-2.5620941624226807,9.736144550709223,0.015096328158791595,0.040696275240865276,-0.7240652915209793,0.6166288579500492
Broockman,Broockman-oppose-requiring background checks for gun purchases,main,"Under a law requiring background checks, if you lend a shotgun to a friend currently being stalked by a former spouse without first making time for a background check, you would be subject to the exact same criminal penalties as if you had knowingly bought a firearm for a dangerous criminal.",0.0848323585937757,0.01954106956131973,0.03999999999999997,0.3294781452794055,Broockman-oppose-requiring background checks for gun purchases main,-2.2942632926561224,12.519569920056481,0.024480286594749576,0.04279268976816054,-3.0884733207484767,-2.151349428120861
Broockman,Broockman-support-requiring transgender athletes to compete with their sex assigned at birth,main,Individuals who identify as transgender are threatening to end women's sports as we know it.,-1.515656202351631e-4,0.03378345601449125,0.02666666666666666,-0.5669034510287871,Broockman-support-requiring transgender athletes to compete with their sex assigned at birth main,0.7938273773825352,-16.776018568539772,0.023146346551274226,0.023249900036422907,0.689624890997412,0.6926901038964197
Broockman,Broockman-support-requiring transgender athletes to compete with their sex assigned at birth,main,It's a denial of science and shows complete disregard for fairness to say that a male athlete who identifies as female is just the same as the biological females.,-0.06284392586613524,0.03530848793860717,0.06666666666666668,-0.04975803733322144,Broockman-support-requiring transgender athletes to compete with their sex assigned at birth main,3.667973342783446,0.37061594242344675,0.030009299542767025,0.03516505545246388,2.6297706537405774,2.775790951145027
Broockman,Broockman-support-requiring transgender athletes to compete with their sex assigned at birth,main,"Science (and common sense) tells us the differences between men and women: males are generally bigger, faster, and stronger than females. They have larger hearts and lungs, denser bones, and stronger muscles. No amount of testosterone suppression can eliminate all those advantages. The bottom line is that when our laws and policies ignore biological reality--the reality that men and women are different--it is most often women and girls who suffer the consequences.",-0.029619827289488077,0.03448916816646202,0.12000000000000001,0.6166614883620084,Broockman-support-requiring transgender athletes to compete with their sex assigned at birth main,4.338168626374165,18.73867506842203,0.03837135027971119,0.05143315740087351,1.9713777160713113,2.350099726939172
Broockman,Broockman-oppose-requiring transgender athletes to compete with their sex assigned at birth,main,"As a nation, we decided long ago that discrimination is wrong and that everyone should have the same opportunities to succeed in life--and that should include transgender youth.",0.0447756449236756,0.03493968087855396,0.05333333333333332,-0.007038314552528076,Broockman-oppose-requiring transgender athletes to compete with their sex assigned at birth main,0.24492749202270048,-1.482954571230992,0.027055446282692328,0.03550349999939922,-0.5071654404222095,-0.26537577594097717
Broockman,Broockman-oppose-requiring transgender athletes to compete with their sex assigned at birth,main,"Local schools across the nation have already created policies that both protect transgender youth and ensure a level playing field for all students--and they're working. And they've done it without blanket policies that would require schools to test, for example, a 13-year-old transgender girl who simply wants to be part of the school volleyball team.",0.10190817010765135,0.034617178723481176,0.11333333333333336,0.14135453199819117,Broockman-oppose-requiring transgender athletes to compete with their sex assigned at birth main,0.33004316489639873,1.1395025055517585,0.03650603817163096,0.038516822519531264,-1.8892970007303769,-1.831210685725845
Broockman,Broockman-oppose-requiring transgender athletes to compete with their sex assigned at birth,main,Trans kids just want to live life as their true selves and be the person they've always meant to be. Anti-trans sports bans represent a cruel effort to rob them of that opportunity.,0.03434049552714005,0.034617478729892855,0.09333333333333334,-0.1343162174456631,Broockman-oppose-requiring transgender athletes to compete with their sex assigned at birth main,1.7041344422132003,-4.872010301176696,0.03365473049651131,0.03264982981646959,-0.019809791347876797,-0.04883849929863721
Broockman,Broockman-support-requiring transgender individuals to use public bathrooms that match the sex they were assigned at birth,main,"Human beings are born either male or female, and there are only two genders. To deny that is to deny science.",0.08545249445623432,0.03611628392253258,0.019999999999999997,-0.6099155250036866,Broockman-support-requiring transgender individuals to use public bathrooms that match the sex they were assigned at birth main,-1.8122710131703,-19.253587134032028,0.021053605973794284,0.02050380194720988,-1.7830984112477373,-1.7983215728488504
Broockman,Broockman-support-requiring transgender individuals to use public bathrooms that match the sex they were assigned at birth,main,"Parents across the country have been increasingly concerned about the transgender policies of some school districts, including one Oklahoma school district that raised alarms after parents found out their female students were being forced to share bathrooms with a biologically male transgender student.",0.019091424635597425,0.036243345721959364,0.06,0.03665865853019198,Broockman-support-requiring transgender individuals to use public bathrooms that match the sex they were assigned at birth main,1.128719618719323,0.48470232382411643,0.02834504274927159,0.036654860939189515,0.25531909180414103,0.48459754345887107
Broockman,Broockman-support-requiring transgender individuals to use public bathrooms that match the sex they were assigned at birth,main,Schools should never be forced to give male students unrestricted access to areas where girls are changing clothes. Claiming a female gender identity doesn't change that.,0.040322938328940953,0.03621339373160335,0.04,0.5732568664734946,Broockman-support-requiring transgender individuals to use public bathrooms that match the sex they were assigned at birth main,-0.008917648849329607,14.716486725723895,0.024900788175767276,0.04892460281709427,-0.4258686790714895,0.23752715782190456
Broockman,Broockman-oppose-requiring transgender individuals to use public bathrooms that match the sex they were assigned at birth,main,"All of us, including transgender people, are concerned about safety in restrooms. And when we stop and think about it, it's already illegal to enter a restroom or locker room to harm someone, period. Nondiscrimination laws don't change that.",-0.048015156480008286,0.03670728019010963,0.09999999999999999,0.17488523400377118,Broockman-oppose-requiring transgender individuals to use public bathrooms that match the sex they were assigned at birth main,4.032310640108099,6.072375543199126,0.03522207668635042,0.04031626608685935,2.26759467700323,2.406373398121377
Broockman,Broockman-oppose-requiring transgender individuals to use public bathrooms that match the sex they were assigned at birth,main,"Forcing transgender students into restrooms that don't match the gender they live every day makes hostility, discrimination and bullying even worse. For example, forcing a transgender student who lives life every day as a girl to use the boy's restroom puts her at risk for harassment and assault.",0.029003990253391766,0.03496354418073462,0.13333333333333336,-0.012914354232046763,Broockman-oppose-requiring transgender individuals to use public bathrooms that match the sex they were assigned at birth main,2.9839464369126647,-1.1989157697730226,0.04019074717414316,0.03546129988412095,0.31995488966806296,0.18468692983039314
Broockman,Broockman-oppose-requiring transgender individuals to use public bathrooms that match the sex they were assigned at birth,main,"No one should worry about losing their job simply because of who they are. But in many states, it's legal to discriminate against transgender Americans just because of which bathrooms they use. Love is love, and we must protect our friends, family, and neighbors from hate.",0.015031195436871392,0.03640124821516804,0.1,-0.16197087977172453,Broockman-oppose-requiring transgender individuals to use public bathrooms that match the sex they were assigned at birth main,2.3342277732037484,-4.862527629886079,0.03485137762888844,0.03214899857639048,0.5444918282708276,0.470253191273432
Broockman,Broockman-support-right-to-work laws,main,Bolstering the power of union bosses and shielding them from financial transparency isn't being pro-worker. Forcing workers to pay union dues that support radical left-wing causes isn't pro-worker. Being pro-worker means giving workers freedom and choice.,-0.08132009638134956,0.031037629496226155,0.046666666666666676,-0.06584691996806884,Broockman-support-right-to-work laws main,4.123599808534929,0.49852958052618335,0.027062748122781498,0.03491542776448988,3.4919820315952044,3.744987166625352
Broockman,Broockman-support-right-to-work laws,main,"Right to Work states enjoy a higher standard of living than do non-Right to Work states. Families in Right to Work states, on average, have greater after-tax income and purchasing power than do those families living in non-Right to Work states, independent studies reveal. What's more, Right to Work states have greater economic vitality, official Department of Labor statistics show, with faster growth in manufacturing and nonagricultural jobs, lower unemployment rates and fewer work stoppages.",-0.04374775412473264,0.031231735956843566,0.12666666666666668,0.037187451191922447,Broockman-support-right-to-work laws main,5.456450484432894,2.591441136300987,0.03955476153686577,0.03703773107042749,2.667239367568519,2.5866472906530267
Broockman,Broockman-support-right-to-work laws,main,"Right-to-work laws protect workers' freedom. In the absence of right-to-work, unions force workers to purchase their representation--whether or not they see any benefit from it. Such compulsory dues allow unions to take workers for granted. They collect dues no matter how well they represent them. Research confirms that unions pay more attention to their members in right-to-work states.",-0.06342153702171811,0.03142256448395027,0.09999999999999999,0.02876219088645518,Broockman-support-right-to-work laws main,5.200770201464271,2.933679329554978,0.03531266290699714,0.03695879617945329,3.1421432830266225,3.1945302635131116
Broockman,Broockman-oppose-right-to-work laws,main,Right to work is the name for a policy designed to take away rights from working people. Backers of right to work laws claim that these laws protect workers against being forced to join a union. The reality is that federal law already makes it illegal to force someone to join a union. The real purpose of right to work laws is to tilt the balance toward big corporations and further rig the system at the expense of working families.,0.35610031685835153,0.030941396689888327,0.04666666666666667,0.2741174530511687,Broockman-oppose-right-to-work laws main,-10.000636147521034,-2.6496174244769923,0.023232080071539315,0.03918237730262135,-10.758022338907338,-10.242522104999196
Broockman,Broockman-oppose-right-to-work laws,main,"We must restore worker power and fight back against so-called ""right to work"" laws intended to weaken the power of workers. We must ensure our future is built by union workers in good, stable jobs here in America.",0.16877274842379136,0.031034900863486294,0.1,-0.3807547177782522,Broockman-oppose-right-to-work laws main,-2.21598092825568,-17.706757582995305,0.03394741019774933,0.025394669201830946,-4.344313481750767,-4.6198980899806905
Broockman,Broockman-oppose-right-to-work laws,main,Workers should have a strong ability to negotiate for better conditions and benefits at their jobs. Protecting workers' rights from right-to-work laws helps both workers and their companies by allowing workers to do their best at their jobs.,0.03920563620234151,0.03020863135347794,0.09333333333333335,0.10537648751589719,Broockman-oppose-right-to-work laws main,1.7917957453163493,2.1904617438398906,0.03362561678086749,0.038108886482068324,-0.18471606198178794,-0.03630583946157206
Broockman,Broockman-support-the DREAM Act,main,70% of Americans support creating a path to citizenship for undocumented immigrants who were brought to the United States as children. We need to protect immigrants who contribute to our country and to their communities.,0.05262146141405173,0.031299398584556014,0.12666666666666662,0.16898174448722916,Broockman-support-the DREAM Act main,2.3657069656651752,3.7176523618761417,0.038958320071023664,0.039472188561427576,-0.43653047537372935,-0.4201126362572465
Broockman,Broockman-support-the DREAM Act,main,"DREAMers are just as American as any of our kids. They make America a better and stronger place, this is the only home they know, and they deserve to live without fear.",0.025502091888616765,0.031427260961762835,0.13999999999999999,-0.04225520422476136,Broockman-support-the DREAM Act main,3.643267170202692,-2.156003865428094,0.04130219439331657,0.034810788455745076,0.5027514973043179,0.29619815034005315
Broockman,Broockman-support-the DREAM Act,main,Immigrants who significantly contribute to their communities and families shouldn't have to leave those communities and families. It's time to deliver protections from deportation for millions of deserving immigrants who work hard and contribute to the success of our country.,0.0288967309916542,0.031327095955576416,0.13999999999999999,-0.014931287996421225,Broockman-support-the DREAM Act main,3.546555006755062,-1.3990450647013697,0.04127917720860158,0.03541577414511982,0.3952631368865594,0.20809599340807058
Broockman,Broockman-support-the DREAM Act,main,No one should be punished for being brought to America as a child.,0.04512519900186975,0.031740086041487155,0.13999999999999999,0.32546976629384056,Broockman-support-the DREAM Act main,2.989116062071171,8.832508107430307,0.041169140873517196,0.04310441771066907,-0.12463917467588562,-0.0636665347585806
Broockman,Broockman-support-the DREAM Act,main,"We must keep lit the torch of liberty that has led generations of immigrants to this land, including so many of our ancestors. That includes providing a pathway to citizenship for DREAMers, those undocumented immigrants who were brought here as children.",0.02344839139870931,0.031221742966185476,0.11333333333333337,-0.43726501855988703,Broockman-support-the DREAM Act main,2.878921334788177,-14.756172019530405,0.03696809411744017,0.025797929203073697,0.43302203638577424,0.07525325562089981
Broockman,Broockman-oppose-the DREAM Act,main,"Amnesties are unfair to the millions of people worldwide who apply and wait for their turn to immigrate to the United States legally. If America suddenly awards legal status to aliens unlawfully in the United States, it will be treating them better than aliens abroad who follow America's immigration procedures and patiently await their opportunity to get a visa authorizing them to come to the United States.",0.10621715951009077,0.03240693238480348,0.12666666666666665,0.3840505925968504,Broockman-oppose-the DREAM Act main,0.6310226131173474,8.573271600894985,0.03862660940432879,0.04373328168464367,-2.0856818319976833,-1.9281022061423976
Broockman,Broockman-oppose-the DREAM Act,main,Giving immigration law breakers citizenship is amnesty. It rewards lawbreakers. Amnesty destroys the Rule of Law.,0.0917286134253391,0.03115710608320604,0.08,-0.24607768010705286,Broockman-oppose-the DREAM Act main,-0.37643462117494036,-10.842030470682017,0.031119290843863952,0.029606623253710995,-1.9452808749187434,-1.993830556847268
Broockman,Broockman-oppose-the DREAM Act,main,"Granting citizenship to DREAMers is a radical bill that would reward illegal aliens at the expense of American citizens. It is nothing less than a bold attempt to trade American national security, sovereignty, and well-being for perceived political benefit.",0.10718759997958024,0.031716146564833875,0.16,-0.22081979188979586,Broockman-oppose-the DREAM Act main,1.665158152566268,-10.341968599459781,0.04391026830395401,0.030094337738811955,-1.995114114707323,-2.4307260052281228
Broockman,Broockman-oppose-the DREAM Act,main,"Providing amnesty to illegal immigrants would only attract more illegal immigration at a time when our nation's southern border is porous and under unprecedented strain. Instead of granting sweeping amnesty, the federal government should focus on reducing the unlawfully present immigration population in the U.S. and curbing illegal entry into our country.",0.07656786108948793,0.03081719170428809,0.10666666666666666,0.4443910566796017,Broockman-oppose-the DREAM Act main,0.9766887867654274,11.93564939724643,0.0355738879516528,0.045408429602737214,-1.3302306560312238,-1.0111054824770098
Broockman,Broockman-oppose-the DREAM Act,main,We should not be granting a path to citizenship to anybody here illegally.,0.07093110378645136,0.03128005661928629,0.03333333333333333,-0.3615441772796033,Broockman-oppose-the DREAM Act main,-1.2019725830654806,-13.825911069464118,0.023488841973640807,0.027006578009220645,-1.516693604178426,-1.4042342158085561
Milkman2023,Milkman2023,main,Baseline Message,0.01,4.628714724413247e-4,0.024213333333333323,0.05570000000000001,Milkman2023 main,30.70686827677646,98.7315112745323,0.00964243675905158,0.00937081108506246,-0.7724892594104446,-1.3593166837848238
Milkman2023,Milkman2023,main,Free Transportation,0.0096,0.0011148403473143587,0.03906666666666665,0.11580000000000001,Milkman2023 main,26.431288334380447,95.26027673454315,0.010656522189169826,0.010835840412772413,0.9476892289689548,1.1085357789117904
Milkman2023,Milkman2023,main,Suggested Plan,0.012000000000000002,4.6656725131539187e-4,0.03221333333333334,0.10580000000000002,Milkman2023 main,43.323515048143506,201.04282873594303,0.009431703901040653,0.008981116881031521,-5.504664315205489,-6.470413665891361
Milkman2023,Milkman2023,main,Pharmacy Message,0.010899999999999998,4.643468531173652e-4,0.01961333333333332,0.0685,Milkman2023 main,18.76470848211175,124.045203737908,0.009083207700248756,0.009432582240215714,-3.912575884932383,-3.1601759545323973
Milkman2023,Milkman2023,main,CDC Recommended,0.010700000000000003,4.643468531173652e-4,0.025386666666666658,0.0547,Milkman2023 main,31.62865553641332,94.75675285534638,0.009568974733257142,0.009034857441799632,-2.4357336744069435,-3.5859886785525403
Milkman2023,Milkman2023,main,Holiday Protection,0.007800000000000002,5.158187666225416e-4,0.03423999999999999,0.08190000000000001,Milkman2023 main,51.25831340554515,143.65510678331685,0.010787696698141528,0.010165997693350902,5.792144240319622,4.586877885120173
Milkman2023,Milkman2023,main,Misinformation Resources,0.0075,5.150242712727237e-4,0.013853333333333332,0.06709999999999999,Milkman2023 main,12.335988200387193,115.7227014810719,0.011340522940882553,0.010148038091098262,7.456974661391947,5.141579220246171
Voelkel2025,Voelkel2025,belief,Binding Framing,0.002578332981927004,0.0035487499862552883,0.018037777777777778,NA,Voelkel2025 belief,4.356307109750464,NA,0.014793674099631672,NA,3.442153199018266,NA
Voelkel2025,Voelkel2025,belief,Consensus Framing 1,0.014873427769649781,0.003562858596524443,-0.015628888888888883,NA,Voelkel2025 belief,-8.561192040653417,NA,0.010476450275512864,NA,-1.2341150722136867,NA
Voelkel2025,Voelkel2025,belief,Consensus Framing 2,0.032411460097209174,0.0035720089065962583,0.004726666666666668,NA,Voelkel2025 belief,-7.750482754793338,NA,0.012429713076604102,NA,-5.5939801784104555,NA
Voelkel2025,Voelkel2025,belief,Dire But Solvable Framing,0.006533162173208591,0.0035474512892209958,0.025459999999999997,NA,Voelkel2025 belief,5.335334098681212,NA,0.015579904210071499,NA,2.5502089526504905,NA
Voelkel2025,Voelkel2025,belief,Free Market Framing,0.018741390747255195,0.0035589403824245235,-0.007184444444444445,NA,Voelkel2025 belief,-7.284706234398256,NA,0.011377119594592455,NA,-2.06923138949741,NA
Voelkel2025,Voelkel2025,belief,Gains Framing,0.01255573749837767,0.0035878156565548897,0.031037777777777772,NA,Voelkel2025 belief,5.151334976097133,NA,0.016065630619259412,NA,0.9782813435437285,NA
Voelkel2025,Voelkel2025,belief,High Social Distance Framing,0.005864561518727218,0.0035693278560690713,0.006926666666666662,NA,Voelkel2025 belief,0.2975644689331364,NA,0.01337520441537328,NA,2.104217712552075,NA
Voelkel2025,Voelkel2025,belief,Purity Framing,0.011069233746784988,0.0035754716554927415,0.020237777777777778,NA,Voelkel2025 belief,2.5642893901585855,NA,0.014818388176341872,NA,1.0485761854096443,NA
Voelkel2025,Voelkel2025,belief,System Preservation Framing,0.015849688877044146,0.003563006733211595,0.033015555555555555,NA,Voelkel2025 belief,4.817803603485918,NA,0.0161935014333766,NA,0.09649506219780608,NA
Voelkel2025,Voelkel2025,belief,Warmth Framing,-0.00306742905527872,0.0035996137082055972,-0.11662888888888888,NA,Voelkel2025 belief,-31.548235182774764,NA,-7.393408811499119e-4,NA,0.6467605590071377,NA
Voelkel2025,Voelkel2025,concern,Binding Framing,0.0045777035056081775,0.003520673658255406,-0.027264444444444452,NA,Voelkel2025 concern,-9.044333852241028,NA,0.009401468301172593,NA,1.3701255111371864,NA
Voelkel2025,Voelkel2025,concern,Consensus Framing 1,0.0026609295218418616,0.0035320430306408374,-0.05182,NA,Voelkel2025 concern,-15.42476381210936,NA,0.006605366954666294,NA,1.116758034544322,NA
Voelkel2025,Voelkel2025,concern,Consensus Framing 2,0.013942440731480508,0.0035437191041913767,-0.01586444444444445,NA,Voelkel2025 concern,-8.411187314669073,NA,0.010473950595594856,NA,-0.9787711818872027,NA
Voelkel2025,Voelkel2025,concern,Dire But Solvable Framing,0.017806524360051125,0.003519371768537765,0.05822444444444445,NA,Voelkel2025 concern,11.484413339255214,NA,0.019142491905015907,NA,0.3796039841280685,NA
Voelkel2025,Voelkel2025,concern,Free Market Framing,0.008039988902669737,0.0035281764261845473,0.025024444444444443,NA,Voelkel2025 concern,4.813947345638294,NA,0.01548164359767821,NA,2.109207079266173,NA
Voelkel2025,Voelkel2025,concern,Gains Framing,0.019122152557413792,0.0035607056602825356,0.07064666666666666,NA,Voelkel2025 concern,14.470309827621218,NA,0.020591894825020277,NA,0.4127671332119779,NA
Voelkel2025,Voelkel2025,concern,High Social Distance Framing,0.01318086902150924,0.003542390369391118,-0.027620000000000002,NA,Voelkel2025 concern,-11.51789180945698,NA,0.009092763394655272,NA,-1.1540528288971863,NA
Voelkel2025,Voelkel2025,concern,Purity Framing,0.024635797007920526,0.0035536656609255575,0.06495777777777778,NA,Voelkel2025 concern,11.346588176039987,NA,0.019582625207760083,NA,-1.4219603874733497,NA
Voelkel2025,Voelkel2025,concern,System Preservation Framing,0.02280762816873338,0.0035335205205236147,0.03720222222222221,NA,Voelkel2025 concern,4.0737258974106,NA,0.016445154582622634,NA,-1.800604679994309,NA
Voelkel2025,Voelkel2025,concern,Warmth Framing,-0.007793342851663131,0.003569725799737687,-0.13348666666666667,NA,Voelkel2025 concern,-35.21091839161423,NA,-0.002126939461262445,NA,1.587349759697809,NA
Voelkel2025,Voelkel2025,policies,Binding Framing,3.84724011825348e-4,0.0044031006491742075,9.111111111111039e-5,NA,Voelkel2025 policies,-0.06668321351439108,NA,0.012707751095520083,NA,2.7987157381936965,NA
Voelkel2025,Voelkel2025,policies,Consensus Framing 1,-0.005130058867972103,0.004417336718974609,-0.05479777777777777,NA,Voelkel2025 policies,-11.243815463842425,NA,0.006624533114153051,NA,2.6610133503369724,NA
Voelkel2025,Voelkel2025,policies,Consensus Framing 2,0.01360470777972228,0.004435169152369533,-0.03153111111111111,NA,Voelkel2025 policies,-10.176797623765744,NA,0.008608279622007966,NA,-1.1265473730680426,NA
Voelkel2025,Voelkel2025,policies,Dire But Solvable Framing,0.012322047487873165,0.004401479331780119,0.07200222222222223,NA,Voelkel2025 policies,13.559117341171799,NA,0.021192414256346173,NA,2.0153148748026743,NA
Voelkel2025,Voelkel2025,policies,Free Market Framing,0.009314551311928881,0.004415711238734448,0.0025133333333333375,NA,Voelkel2025 policies,-1.5402315982384722,NA,0.012764357158096016,NA,0.7812571202359365,NA
Voelkel2025,Voelkel2025,policies,Gains Framing,0.009869549383964872,0.0044498532202574045,0.05073555555555557,NA,Voelkel2025 policies,9.183675089675605,NA,0.018586995587143388,NA,1.9590412923045246,NA
Voelkel2025,Voelkel2025,policies,High Social Distance Framing,0.005376256537658908,0.004431832645343591,-0.036531111111111104,NA,Voelkel2025 policies,-9.45599055794694,NA,0.008291136907060476,NA,0.6577144496789958,NA
Voelkel2025,Voelkel2025,policies,Purity Framing,0.017145347564399258,0.0044459728671870655,0.08351333333333333,NA,Voelkel2025 policies,14.927663247509788,NA,0.022358821443316686,NA,1.17262836158871,NA
Voelkel2025,Voelkel2025,policies,System Preservation Framing,0.015370490248458414,0.004422327878251191,0.03346888888888889,NA,Voelkel2025 policies,4.0925049292336695,NA,0.016263519941595635,NA,0.20193656321348336,NA
Voelkel2025,Voelkel2025,policies,Warmth Framing,-0.007648788655091115,0.004471104102557507,-0.11946444444444443,NA,Voelkel2025 policies,-25.008510923598017,NA,-4.67861168293041e-4,NA,1.6060747685768548,NA
Voelkel2025,Voelkel2025,intent,Binding Framing,0.015252190936214336,0.004330744226992166,-0.0015733333333333328,NA,Voelkel2025 intent,-3.885134606814107,NA,0.01213034750972733,NA,-0.7208561076014461,NA
Voelkel2025,Voelkel2025,intent,Consensus Framing 1,0.009968760719893695,0.004343171321555732,-0.06284,NA,Voelkel2025 intent,-16.76396239736945,NA,0.004908683554938149,NA,-1.1650650619840197,NA
Voelkel2025,Voelkel2025,intent,Consensus Framing 2,0.01679619220628998,0.004357501046189729,-0.03850666666666666,NA,Voelkel2025 intent,-12.691416086133675,NA,0.007645182268621387,NA,-2.1000591487339717,NA
Voelkel2025,Voelkel2025,intent,Dire But Solvable Framing,0.02336734309134663,0.004333771248128182,0.048843333333333336,NA,Voelkel2025 intent,5.8784806080824294,NA,0.017771224886476693,NA,-1.2912814000708923,NA
Voelkel2025,Voelkel2025,intent,Free Market Framing,0.014440127888504954,0.004336892449125945,-0.011006666666666675,NA,Voelkel2025 intent,-5.867518010574637,NA,0.011036788759176052,NA,-0.7847414177897838,NA
Voelkel2025,Voelkel2025,intent,Gains Framing,0.023885502436066824,0.004380008869336382,0.07439333333333334,NA,Voelkel2025 intent,11.53144489063991,NA,0.020740721133643284,NA,-0.7179851448337383,NA
Voelkel2025,Voelkel2025,intent,High Social Distance Framing,0.008957854482129225,0.004351131043283243,-0.025439999999999997,NA,Voelkel2025 intent,-7.90549724656731,NA,0.009481763823345596,NA,0.12040762183550399,NA
Voelkel2025,Voelkel2025,intent,Purity Framing,0.03186339870374939,0.004361751695438509,0.08694333333333333,NA,Voelkel2025 intent,12.627939065670832,NA,0.021600213368788698,NA,-2.352996239032558,NA
Voelkel2025,Voelkel2025,intent,System Preservation Framing,0.037008624066650495,0.004346528138344978,0.09662666666666667,NA,Voelkel2025 intent,13.716244483514801,NA,0.02219043307168789,NA,-3.4092016716139115,NA
Voelkel2025,Voelkel2025,intent,Warmth Framing,0.007029197822008608,0.004391105970437174,-0.16744,NA,Voelkel2025 intent,-39.73240431832225,NA,-0.0106134044990503,NA,-4.017803815220253,NA
Zickfeld,Zickfeld,main,Baseline oath,0.027000000000000027,0.01003136442620389,-0.024503245627074965,0.04464679911699779,Zickfeld main,-5.134221371973927,1.7591623997729422,0.033475977664865535,0.038810786150544306,0.6455729639279163,1.177385812012989
Zickfeld,Zickfeld,main,Specific behavior,0.07400000000000005,0.008320951762763575,-0.005425895644417984,0.048344370860927154,Zickfeld main,-9.545289758781022,-3.0832565637361764,0.035735760642823404,0.037319452386085646,-4.59854118232122,-4.408215389261189
Zickfeld,Zickfeld,main,Severity of oath/honor,0.02200000000000003,0.010149101430713226,1.238788959912933e-4,0.05480132450331125,Zickfeld main,-2.155473689306837,3.2319437072574524,0.03988254681255207,0.04175590508472941,1.7619832587775557,1.9465669172390008
Zickfeld,Zickfeld,main,Harm/loss frame,0.06200000000000003,0.008726861219661432,0.05874337247906449,0.05739514348785872,Zickfeld main,-0.373172832587096,-0.5276646890827899,0.049969767567196476,0.03954765488747965,-1.3785291332122591,-2.5727858559198498
Zickfeld,Zickfeld,main,Harm/gain frame,0.032999999999999974,0.009610576417387601,-0.018780040632277877,0.06324503311258278,Zickfeld main,-5.38781841832053,3.147057137786557,0.034408752382341784,0.04372359338778917,0.14658354724624778,1.1158116768509228
Zickfeld,Zickfeld,main,Harm/gain frame/loyalty,0.03400000000000006,0.009583148474999099,0.016946632971606982,0.0564569536423841,Zickfeld main,-1.77951610296789,2.3433794958901704,0.04392626993221558,0.04144918416280486,1.0358046688008196,0.7773211676974986
Zickfeld,Zickfeld,main,Harm/gain frame/people in need,0.054000000000000055,0.008841125691309416,-0.013403696546256356,0.05143487858719646,Zickfeld main,-7.62388172045924,-0.2901351595221678,0.034451312312452284,0.03902223298199993,-2.21110844592602,-1.6941018079544847
Zickfeld,Zickfeld,main,Societal loss,0.026000000000000086,0.01015548576944447,0.041400327040285435,0.03818984547461369,Zickfeld main,1.5164540022911956,1.200321259992314,0.05439244803706432,0.03758015097289731,2.7957744889457286,1.1402852838156936
Zickfeld,Zickfeld,main,Collective evasion,0.022999999999999972,0.00993003626151681,-0.012363113819929631,0.03576158940397351,Zickfeld main,-3.5612270578484173,1.2851503325753426,0.036720897705521914,0.0374496447258903,1.3817570595080666,1.4551452124992696
Zickfeld,Zickfeld,main,Sense of community,0.03200000000000003,0.01008964060101385,-0.007507061097071482,0.016335540838852098,Zickfeld main,-3.9156063787942728,-1.5525289532685533,0.03740321830721217,0.03147527082166482,0.535521384841914,-0.05200672641228492
Zickfeld,Zickfeld,main,Trust,0.0040000000000000565,0.01045344853018947,-0.022942371537584855,0.04586092715231788,Zickfeld main,-2.5773668335167645,4.00450885001479,0.03606964438579906,0.040267261291293634,3.0678530910811053,3.46940640560424
Zickfeld,Zickfeld,main,Empathy,0.01900000000000006,0.009966474413999062,-0.023115801991972627,0.06208609271523179,Zickfeld main,-4.225747264530794,4.323102726748824,0.03459391936121891,0.04491333408613272,1.5646374749445395,2.6000502293704177
Zickfeld,Zickfeld,main,Meaning of dishonesty,0.05900000000000006,0.008706006387829437,0.0056736534364005805,0.034602649006622514,Zickfeld main,-6.125236323987431,-2.8023584990109613,0.039439536967447855,0.03336302829658073,-2.24677793251987,-2.944745335732643
Zickfeld,Zickfeld,main,Binary dishonesty,0.04299999999999997,0.009436135353337406,0.01694663297160699,0.0661699779249448,Zickfeld main,-2.7610209108730444,2.455452052915921,0.04325524993654542,0.04323081824744999,0.02705026231476996,0.02446109967767502
Zickfeld,Zickfeld,main,Misreporting forbidden,0.07100000000000009,0.00821911656688113,0.024230712055894173,0.05204194260485651,Zickfeld main,-5.690305954847071,-2.3065809130308397,0.04242688139284746,0.038217164464024844,-3.476422116007917,-3.988608175734292
Zickfeld,Zickfeld,main,Responsibility,0.039000000000000055,0.010033495102163632,-0.04618205242554877,0.054635761589403975,Zickfeld main,-8.489768675641262,1.558356428163523,0.024396078465826615,0.040622122798792216,-1.4555168847418123,0.1616707620101758
Zickfeld,Zickfeld,main,Character,0.024000000000000056,0.00995997116667642,-0.009414796095337172,0.024392935982339953,Zickfeld main,-3.3549089185252665,0.039451518058060575,0.03737242644357923,0.035958276423082684,1.3426169835029218,1.2006336386888385
Zickfeld,Zickfeld,main,Guilt avoidance,0.035,0.009860712188265768,0.008275110252217452,0.03907284768211921,Zickfeld main,-2.7102393049850018,0.4130378824935067,0.04140758508489125,0.03706283971476751,0.6498095637063885,0.20919784244613507
Zickfeld,Zickfeld,main,Injunctive norm,0.04700000000000003,0.009111571242297077,-0.026237550170952865,0.05154525386313466,Zickfeld main,-8.037861771960344,0.4988441337137313,0.03082511563161447,0.039422236908810686,-1.7752025351346297,-0.8316637042810353
Zickfeld,Zickfeld,main,Descriptive norm,0.04400000000000006,0.009632971939145016,0.03775828749814182,0.06854304635761589,Zickfeld main,-0.6479529413445202,2.5478166564444673,0.04926042455197727,0.04369898150408939,0.5460853187582421,-0.031248767027695093
Zickfeld,Zickfeld,main,Chat GPT,0.04700000000000003,0.009852384974468104,-2.2298201278428108e-4,0.043598233995584976,Zickfeld main,-4.793050833393131,-0.3452733539371975,0.038541421578153684,0.037459609185518626,-0.8585310504782618,-0.9683331334701986
Doell,Doell,belief,BindMorals,0.05369982750744413,0.016752215340055433,-0.01711388888888889,0.07684107419354838,Doell belief,-4.227125485129939,1.381384265684092,0.03165341941722924,0.0336964087405716,-1.3160294111967843,-1.1940760288009964
Doell,Doell,belief,CollAct,0.0635858615507461,0.016726968794380154,0.028986111111111115,0.10819244814814816,Doell belief,-2.068500925957346,2.66674656632281,0.044264761118933293,0.037068236943961844,-1.1550867744970155,-1.5853215805420475
Doell,Doell,belief,DynNorms,0.023503437836331645,0.01668344678044052,-0.019013888888888893,0.1100739146044625,Doell belief,-2.548473782711817,5.189004281155204,0.033743812089096215,0.04021396542041525,0.6138044726327336,1.0016232139556938
Doell,Doell,belief,FtrSelf,0.03067875929354412,0.017711360154510022,0.04245277777777778,0.11837655806451601,Doell belief,0.6647721226105563,4.951499941614621,0.05209716641037493,0.03979381190440405,1.2093033471162757,0.5146444164277735
Doell,Doell,belief,WorkTogNorms,0.020671979057930955,0.01686269370754786,-0.01261388888888889,0.0823863745920746,Doell belief,-1.9739353939590836,3.659818330598026,0.035599179734005906,0.042236917927447847,0.8852204122875951,1.2788549233901032
Doell,Doell,belief,Let2Ftr,0.04831816925769378,0.017923499544916004,0.031952777777777774,0.10317145053763448,Doell belief,-0.9130689818081895,3.060411341126729,0.04639555914464345,0.0379494239058629,-0.10726756280113121,-0.5785000482660747
Doell,Doell,belief,NegEmo,0.03536687579463646,0.01659291204635429,0.051186111111111106,0.10210513696178034,Doell belief,0.9533730590677342,4.022094553427544,0.05509126820189231,0.03918521014673346,1.1887239775726763,0.23011839883379254
Doell,Doell,belief,PluralIg,0.030036154052706213,0.01664679464013349,-0.025613888888888887,0.12517185598831554,Doell belief,-3.34298849385871,5.714956181789387,0.031236669862446827,0.0399739529399595,0.07211693516338033,0.5969797250513564
Doell,Doell,belief,PsychDist,0.0746922318546377,0.016978610362117737,0.05731944444444444,0.12800325281189395,Doell belief,-1.0232160959977625,3.1398930666435754,0.047805366044731845,0.03792150230584821,-1.5835728152343482,-2.1657090164947452
Doell,Doell,belief,SciCons,0.04992004186247247,0.01688946406873855,-0.024113888888888886,0.12404654719101124,Doell belief,-4.383438719550256,4.388919922316705,0.029423184741086517,0.03896348799116715,-1.2135883671598842,-0.648721228021988
Doell,Doell,belief,SysJust,0.05760212921079641,0.016733254451031424,-0.018880555555555553,0.1102297166666667,Doell belief,-4.570699919144398,3.145089773772392,0.030651327094781192,0.03771744360038243,-1.6106132967071443,-1.1883334272245114
Doell,Doell,support,BindMorals,0.03664385727546432,0.013665400896015867,-0.012993827160493826,0.14598785966562183,Doell support,-3.632362110242222,8.001521742551779,0.0343388480539845,0.04036122016890783,-0.16867483354636456,0.2720273573918568
Doell,Doell,support,CollAct,0.052930697099204706,0.013644806356076582,0.03509506172839506,0.1731650398907103,Doell support,-1.307137302308927,8.811729507466437,0.04681075402392059,0.03847590238641631,-0.44851813324259143,-1.059362392955551
Doell,Doell,support,DynNorms,0.02524550791393537,0.013609303841560484,-5.493827160493828e-4,0.1517257822276823,Doell support,-1.895386489293565,9.293662320000367,0.03847403813066157,0.04156848021115247,0.9720210798974546,1.1993980358767167
Doell,Doell,support,FtrSelf,0.04013963035885554,0.014447810752909058,0.016502469135802472,0.1664703222222223,Doell support,-1.636037571871831,8.743933182951622,0.042539207447545656,0.04081825344662066,0.1660858610157919,0.04697065177355569
Doell,Doell,support,WorkTogNorms,0.01490378174644954,0.013755522181557815,-0.03526049382716049,0.11336460853889939,Doell support,-3.6468463291685027,7.157912690836077,0.03093992761258516,0.04074824479501286,1.1657969544504432,1.878842744567944
Doell,Doell,support,Let2Ftr,0.0643459395491452,0.014620860690298687,0.018724691358024695,0.16056095714285726,Doell support,-3.120284719037872,6.580667146192916,0.04176323847878525,0.037654153492413106,-1.5445534670434384,-1.8255960864494645
Doell,Doell,support,NegEmo,0.016210430779511367,0.013535451314525193,0.018976543209876545,0.13449798244514105,Doell support,0.2043605614684456,8.739091805434866,0.04466136716487537,0.040957602034511854,2.1019569812816417,1.8283225789777509
Doell,Doell,support,PluralIg,0.014744838129011006,0.013579405336746321,-0.019823456790123452,0.14664755664227108,Doell support,-2.545641290019638,9.713438493239977,0.03436857837737538,0.04191269260576913,1.4451104272778337,2.0006659940580027
Doell,Doell,support,PsychDist,0.04071476156845078,0.013850079678764459,0.022443209876543208,0.16578994981684977,Doell support,-1.3192380199748819,9.030647559390555,0.04422633845723952,0.040705743170926574,0.25354199905238384,-6.511440896643302e-4
Doell,Doell,support,SciCons,0.03662933492119928,0.01377735975410425,-0.01791234567901235,0.13305870606060602,Doell support,-3.958790477541516,6.999118326040706,0.032870373228146406,0.03989614476200972,-0.27283614278367735,0.23711436001642194
Doell,Doell,support,SysJust,0.04123070428121422,0.013649933798405296,0.014976543209876538,0.1603192954711954,Doell support,-1.923391091787194,8.724481228172266,0.042045521420032914,0.04046346081406937,0.059693852794647916,-0.05620858521925486
